rel_path,folder,filename,ext,size_bytes,size_kb,size_mb
.DS_Store,.,.DS_Store,,6148,6.0,0.0059
._.DS_Store,.,._.DS_Store,.ds_store,4096,4.0,0.0039
._CHANGELOG.txt,.,._CHANGELOG.txt,.txt,4096,4.0,0.0039
._README.md,.,._README.md,.md,4096,4.0,0.0039
._Terms_of_use.txt,.,._Terms_of_use.txt,.txt,4096,4.0,0.0039
._dataset-metadata.json,.,._dataset-metadata.json,.json,4096,4.0,0.0039
._images,.,._images,,4096,4.0,0.0039
._location_jsons,.,._location_jsons,,4096,4.0,0.0039
._location_mapping.json,.,._location_mapping.json,.json,4096,4.0,0.0039
._location_masks,.,._location_masks,,4096,4.0,0.0039
._type_mapping.json,.,._type_mapping.json,.json,4096,4.0,0.0039
._type_masks,.,._type_masks,,4096,4.0,0.0039
._vessel_mapping.json,.,._vessel_mapping.json,.json,4096,4.0,0.0039
._vessel_masks,.,._vessel_masks,,4096,4.0,0.0039
CHANGELOG.txt,.,CHANGELOG.txt,.txt,5869,5.73,0.0056
CODEBASE_RESEARCH_AUDIT.md,.,CODEBASE_RESEARCH_AUDIT.md,.md,47809,46.69,0.0456
README.md,.,README.md,.md,11124,10.86,0.0106
Terms_of_use.txt,.,Terms_of_use.txt,.txt,1107,1.08,0.0011
dataset-metadata.json,.,dataset-metadata.json,.json,454,0.44,0.0004
location_mapping.json,.,location_mapping.json,.json,1803,1.76,0.0017
p3-ayush.pdf,.,p3-ayush.pdf,.pdf,9091819,8878.73,8.6706
type_mapping.json,.,type_mapping.json,.json,120,0.12,0.0001
vessel_mapping.json,.,vessel_mapping.json,.json,820,0.8,0.0008
images\._topaneu_center1_mr_001_0000.nii.gz,images,._topaneu_center1_mr_001_0000.nii.gz,.nii.gz,4096,4.0,0.0039
images\._topaneu_center1_mr_005_0000.nii.gz,images,._topaneu_center1_mr_005_0000.nii.gz,.nii.gz,4096,4.0,0.0039
images\._topaneu_center1_mr_016_0000.nii.gz,images,._topaneu_center1_mr_016_0000.nii.gz,.nii.gz,4096,4.0,0.0039
images\._topaneu_center1_mr_017_0000.nii.gz,images,._topaneu_center1_mr_017_0000.nii.gz,.nii.gz,4096,4.0,0.0039
images\._topaneu_center1_mr_018_0000.nii.gz,images,._topaneu_center1_mr_018_0000.nii.gz,.nii.gz,4096,4.0,0.0039
images\._topaneu_center1_mr_024_0000.nii.gz,images,._topaneu_center1_mr_024_0000.nii.gz,.nii.gz,4096,4.0,0.0039
images\._topaneu_center1_mr_028_0000.nii.gz,images,._topaneu_center1_mr_028_0000.nii.gz,.nii.gz,4096,4.0,0.0039
images\._topaneu_center1_mr_029_0000.nii.gz,images,._topaneu_center1_mr_029_0000.nii.gz,.nii.gz,4096,4.0,0.0039
images\._topaneu_center1_mr_033_0000.nii.gz,images,._topaneu_center1_mr_033_0000.nii.gz,.nii.gz,4096,4.0,0.0039
images\._topaneu_center1_mr_038_0000.nii.gz,images,._topaneu_center1_mr_038_0000.nii.gz,.nii.gz,4096,4.0,0.0039
images\._topaneu_center1_mr_049_0000.nii.gz,images,._topaneu_center1_mr_049_0000.nii.gz,.nii.gz,4096,4.0,0.0039
images\._topaneu_center1_mr_050_0000.nii.gz,images,._topaneu_center1_mr_050_0000.nii.gz,.nii.gz,4096,4.0,0.0039
images\._topaneu_center1_mr_053_0000.nii.gz,images,._topaneu_center1_mr_053_0000.nii.gz,.nii.gz,4096,4.0,0.0039
images\._topaneu_center1_mr_056_0000.nii.gz,images,._topaneu_center1_mr_056_0000.nii.gz,.nii.gz,4096,4.0,0.0039
images\._topaneu_center1_mr_061_0000.nii.gz,images,._topaneu_center1_mr_061_0000.nii.gz,.nii.gz,4096,4.0,0.0039
images\._topaneu_center1_mr_064_0000.nii.gz,images,._topaneu_center1_mr_064_0000.nii.gz,.nii.gz,4096,4.0,0.0039
images\._topaneu_center1_mr_076_0000.nii.gz,images,._topaneu_center1_mr_076_0000.nii.gz,.nii.gz,4096,4.0,0.0039
images\._topaneu_center1_mr_085_0000.nii.gz,images,._topaneu_center1_mr_085_0000.nii.gz,.nii.gz,4096,4.0,0.0039
images\._topaneu_center1_mr_088_0000.nii.gz,images,._topaneu_center1_mr_088_0000.nii.gz,.nii.gz,4096,4.0,0.0039
images\._topaneu_center1_mr_092_0000.nii.gz,images,._topaneu_center1_mr_092_0000.nii.gz,.nii.gz,4096,4.0,0.0039
images\._topaneu_center1_mr_113_0000.nii.gz,images,._topaneu_center1_mr_113_0000.nii.gz,.nii.gz,4096,4.0,0.0039
images\._topaneu_center1_mr_119_0000.nii.gz,images,._topaneu_center1_mr_119_0000.nii.gz,.nii.gz,4096,4.0,0.0039
images\._topaneu_center1_mr_121_0000.nii.gz,images,._topaneu_center1_mr_121_0000.nii.gz,.nii.gz,4096,4.0,0.0039
images\._topaneu_center1_mr_129_0000.nii.gz,images,._topaneu_center1_mr_129_0000.nii.gz,.nii.gz,4096,4.0,0.0039
images\._topaneu_center1_mr_136_0000.nii.gz,images,._topaneu_center1_mr_136_0000.nii.gz,.nii.gz,4096,4.0,0.0039
images\._topaneu_center1_mr_138_0000.nii.gz,images,._topaneu_center1_mr_138_0000.nii.gz,.nii.gz,4096,4.0,0.0039
images\._topaneu_center1_mr_144_0000.nii.gz,images,._topaneu_center1_mr_144_0000.nii.gz,.nii.gz,4096,4.0,0.0039
images\._topaneu_center1_mr_147_0000.nii.gz,images,._topaneu_center1_mr_147_0000.nii.gz,.nii.gz,4096,4.0,0.0039
images\._topaneu_center1_mr_148_0000.nii.gz,images,._topaneu_center1_mr_148_0000.nii.gz,.nii.gz,4096,4.0,0.0039
images\._topaneu_center1_mr_149_0000.nii.gz,images,._topaneu_center1_mr_149_0000.nii.gz,.nii.gz,4096,4.0,0.0039
images\._topaneu_center1_mr_157_0000.nii.gz,images,._topaneu_center1_mr_157_0000.nii.gz,.nii.gz,4096,4.0,0.0039
images\._topaneu_center1_mr_173_0000.nii.gz,images,._topaneu_center1_mr_173_0000.nii.gz,.nii.gz,4096,4.0,0.0039
images\._topaneu_center1_mr_177_0000.nii.gz,images,._topaneu_center1_mr_177_0000.nii.gz,.nii.gz,4096,4.0,0.0039
images\._topaneu_center1_mr_178_0000.nii.gz,images,._topaneu_center1_mr_178_0000.nii.gz,.nii.gz,4096,4.0,0.0039
images\._topaneu_center1_mr_184_0000.nii.gz,images,._topaneu_center1_mr_184_0000.nii.gz,.nii.gz,4096,4.0,0.0039
images\._topaneu_center1_mr_188_0000.nii.gz,images,._topaneu_center1_mr_188_0000.nii.gz,.nii.gz,4096,4.0,0.0039
images\._topaneu_center1_mr_189_0000.nii.gz,images,._topaneu_center1_mr_189_0000.nii.gz,.nii.gz,4096,4.0,0.0039
images\._topaneu_center1_mr_191_0000.nii.gz,images,._topaneu_center1_mr_191_0000.nii.gz,.nii.gz,4096,4.0,0.0039
images\._topaneu_center1_mr_193_0000.nii.gz,images,._topaneu_center1_mr_193_0000.nii.gz,.nii.gz,4096,4.0,0.0039
images\._topaneu_center1_mr_195_0000.nii.gz,images,._topaneu_center1_mr_195_0000.nii.gz,.nii.gz,4096,4.0,0.0039
images\._topaneu_center1_mr_198_0000.nii.gz,images,._topaneu_center1_mr_198_0000.nii.gz,.nii.gz,4096,4.0,0.0039
images\._topaneu_center1_mr_200_0000.nii.gz,images,._topaneu_center1_mr_200_0000.nii.gz,.nii.gz,4096,4.0,0.0039
images\._topaneu_center1_mr_202_0000.nii.gz,images,._topaneu_center1_mr_202_0000.nii.gz,.nii.gz,4096,4.0,0.0039
images\._topaneu_center1_mr_210_0000.nii.gz,images,._topaneu_center1_mr_210_0000.nii.gz,.nii.gz,4096,4.0,0.0039
images\._topaneu_center1_mr_211_0000.nii.gz,images,._topaneu_center1_mr_211_0000.nii.gz,.nii.gz,4096,4.0,0.0039
images\._topaneu_center1_mr_213_0000.nii.gz,images,._topaneu_center1_mr_213_0000.nii.gz,.nii.gz,4096,4.0,0.0039
images\._topaneu_center1_mr_221_0000.nii.gz,images,._topaneu_center1_mr_221_0000.nii.gz,.nii.gz,4096,4.0,0.0039
images\._topaneu_center1_mr_229_0000.nii.gz,images,._topaneu_center1_mr_229_0000.nii.gz,.nii.gz,4096,4.0,0.0039
images\._topaneu_center1_mr_241_0000.nii.gz,images,._topaneu_center1_mr_241_0000.nii.gz,.nii.gz,4096,4.0,0.0039
images\._topaneu_center1_mr_247_0000.nii.gz,images,._topaneu_center1_mr_247_0000.nii.gz,.nii.gz,4096,4.0,0.0039
images\._topaneu_center1_mr_251_0000.nii.gz,images,._topaneu_center1_mr_251_0000.nii.gz,.nii.gz,4096,4.0,0.0039
images\._topaneu_center1_mr_262_0000.nii.gz,images,._topaneu_center1_mr_262_0000.nii.gz,.nii.gz,4096,4.0,0.0039
images\._topaneu_center1_mr_264_0000.nii.gz,images,._topaneu_center1_mr_264_0000.nii.gz,.nii.gz,4096,4.0,0.0039
images\._topaneu_center1_mr_282_0000.nii.gz,images,._topaneu_center1_mr_282_0000.nii.gz,.nii.gz,4096,4.0,0.0039
images\._topaneu_center1_mr_287_0000.nii.gz,images,._topaneu_center1_mr_287_0000.nii.gz,.nii.gz,4096,4.0,0.0039
images\._topaneu_center1_mr_290_0000.nii.gz,images,._topaneu_center1_mr_290_0000.nii.gz,.nii.gz,4096,4.0,0.0039
images\._topaneu_center1_mr_298_0000.nii.gz,images,._topaneu_center1_mr_298_0000.nii.gz,.nii.gz,4096,4.0,0.0039
images\._topaneu_center1_mr_299_0000.nii.gz,images,._topaneu_center1_mr_299_0000.nii.gz,.nii.gz,4096,4.0,0.0039
images\._topaneu_center1_mr_301_0000.nii.gz,images,._topaneu_center1_mr_301_0000.nii.gz,.nii.gz,4096,4.0,0.0039
images\._topaneu_center1_mr_302_0000.nii.gz,images,._topaneu_center1_mr_302_0000.nii.gz,.nii.gz,4096,4.0,0.0039
images\._topaneu_center1_mr_308_0000.nii.gz,images,._topaneu_center1_mr_308_0000.nii.gz,.nii.gz,4096,4.0,0.0039
images\._topaneu_center1_mr_311_0000.nii.gz,images,._topaneu_center1_mr_311_0000.nii.gz,.nii.gz,4096,4.0,0.0039
images\._topaneu_center1_mr_316_0000.nii.gz,images,._topaneu_center1_mr_316_0000.nii.gz,.nii.gz,4096,4.0,0.0039
images\._topaneu_center1_mr_325_0000.nii.gz,images,._topaneu_center1_mr_325_0000.nii.gz,.nii.gz,4096,4.0,0.0039
images\._topaneu_center1_mr_327_0000.nii.gz,images,._topaneu_center1_mr_327_0000.nii.gz,.nii.gz,4096,4.0,0.0039
images\._topaneu_center1_mr_330_0000.nii.gz,images,._topaneu_center1_mr_330_0000.nii.gz,.nii.gz,4096,4.0,0.0039
images\._topaneu_center1_mr_334_0000.nii.gz,images,._topaneu_center1_mr_334_0000.nii.gz,.nii.gz,4096,4.0,0.0039
images\._topaneu_center1_mr_336_0000.nii.gz,images,._topaneu_center1_mr_336_0000.nii.gz,.nii.gz,4096,4.0,0.0039
images\._topaneu_center1_mr_342_0000.nii.gz,images,._topaneu_center1_mr_342_0000.nii.gz,.nii.gz,4096,4.0,0.0039
images\._topaneu_center1_mr_349_0000.nii.gz,images,._topaneu_center1_mr_349_0000.nii.gz,.nii.gz,4096,4.0,0.0039
images\._topaneu_center1_mr_350_0000.nii.gz,images,._topaneu_center1_mr_350_0000.nii.gz,.nii.gz,4096,4.0,0.0039
images\._topaneu_center1_mr_354_0000.nii.gz,images,._topaneu_center1_mr_354_0000.nii.gz,.nii.gz,4096,4.0,0.0039
images\._topaneu_center1_mr_359_0000.nii.gz,images,._topaneu_center1_mr_359_0000.nii.gz,.nii.gz,4096,4.0,0.0039
images\._topaneu_center1_mr_364_0000.nii.gz,images,._topaneu_center1_mr_364_0000.nii.gz,.nii.gz,4096,4.0,0.0039
images\._topaneu_center1_mr_365_0000.nii.gz,images,._topaneu_center1_mr_365_0000.nii.gz,.nii.gz,4096,4.0,0.0039
images\._topaneu_center1_mr_374_0000.nii.gz,images,._topaneu_center1_mr_374_0000.nii.gz,.nii.gz,4096,4.0,0.0039
images\._topaneu_center1_mr_386_0000.nii.gz,images,._topaneu_center1_mr_386_0000.nii.gz,.nii.gz,4096,4.0,0.0039
images\._topaneu_center1_mr_393_0000.nii.gz,images,._topaneu_center1_mr_393_0000.nii.gz,.nii.gz,4096,4.0,0.0039
images\._topaneu_center1_mr_396_0000.nii.gz,images,._topaneu_center1_mr_396_0000.nii.gz,.nii.gz,4096,4.0,0.0039
images\._topaneu_center1_mr_398_0000.nii.gz,images,._topaneu_center1_mr_398_0000.nii.gz,.nii.gz,4096,4.0,0.0039
images\._topaneu_center1_mr_401_0000.nii.gz,images,._topaneu_center1_mr_401_0000.nii.gz,.nii.gz,4096,4.0,0.0039
images\._topaneu_center1_mr_411_0000.nii.gz,images,._topaneu_center1_mr_411_0000.nii.gz,.nii.gz,4096,4.0,0.0039
images\._topaneu_center1_mr_414_0000.nii.gz,images,._topaneu_center1_mr_414_0000.nii.gz,.nii.gz,4096,4.0,0.0039
images\._topaneu_center1_mr_419_0000.nii.gz,images,._topaneu_center1_mr_419_0000.nii.gz,.nii.gz,4096,4.0,0.0039
images\._topaneu_center1_mr_428_0000.nii.gz,images,._topaneu_center1_mr_428_0000.nii.gz,.nii.gz,4096,4.0,0.0039
images\._topaneu_center1_mr_436_0000.nii.gz,images,._topaneu_center1_mr_436_0000.nii.gz,.nii.gz,4096,4.0,0.0039
images\._topaneu_center1_mr_439_0000.nii.gz,images,._topaneu_center1_mr_439_0000.nii.gz,.nii.gz,4096,4.0,0.0039
images\._topaneu_center1_mr_443_0000.nii.gz,images,._topaneu_center1_mr_443_0000.nii.gz,.nii.gz,4096,4.0,0.0039
images\._topaneu_center1_mr_463_0000.nii.gz,images,._topaneu_center1_mr_463_0000.nii.gz,.nii.gz,4096,4.0,0.0039
images\._topaneu_center1_mr_474_0000.nii.gz,images,._topaneu_center1_mr_474_0000.nii.gz,.nii.gz,4096,4.0,0.0039
images\._topaneu_center1_mr_477_0000.nii.gz,images,._topaneu_center1_mr_477_0000.nii.gz,.nii.gz,4096,4.0,0.0039
images\._topaneu_center1_mr_483_0000.nii.gz,images,._topaneu_center1_mr_483_0000.nii.gz,.nii.gz,4096,4.0,0.0039
images\._topaneu_center1_mr_489_0000.nii.gz,images,._topaneu_center1_mr_489_0000.nii.gz,.nii.gz,4096,4.0,0.0039
images\._topaneu_center1_mr_490_0000.nii.gz,images,._topaneu_center1_mr_490_0000.nii.gz,.nii.gz,4096,4.0,0.0039
images\._topaneu_center1_mr_494_0000.nii.gz,images,._topaneu_center1_mr_494_0000.nii.gz,.nii.gz,4096,4.0,0.0039
images\._topaneu_center1_mr_496_0000.nii.gz,images,._topaneu_center1_mr_496_0000.nii.gz,.nii.gz,4096,4.0,0.0039
images\._topaneu_center1_mr_499_0000.nii.gz,images,._topaneu_center1_mr_499_0000.nii.gz,.nii.gz,4096,4.0,0.0039
images\._topaneu_center1_mr_501_0000.nii.gz,images,._topaneu_center1_mr_501_0000.nii.gz,.nii.gz,4096,4.0,0.0039
images\._topaneu_center1_mr_509_0000.nii.gz,images,._topaneu_center1_mr_509_0000.nii.gz,.nii.gz,4096,4.0,0.0039
images\._topaneu_center1_mr_516_0000.nii.gz,images,._topaneu_center1_mr_516_0000.nii.gz,.nii.gz,4096,4.0,0.0039
images\._topaneu_center1_mr_522_0000.nii.gz,images,._topaneu_center1_mr_522_0000.nii.gz,.nii.gz,4096,4.0,0.0039
images\._topaneu_center1_mr_523_0000.nii.gz,images,._topaneu_center1_mr_523_0000.nii.gz,.nii.gz,4096,4.0,0.0039
images\._topaneu_center1_mr_525_0000.nii.gz,images,._topaneu_center1_mr_525_0000.nii.gz,.nii.gz,4096,4.0,0.0039
images\._topaneu_center1_mr_527_0000.nii.gz,images,._topaneu_center1_mr_527_0000.nii.gz,.nii.gz,4096,4.0,0.0039
images\._topaneu_center1_mr_528_0000.nii.gz,images,._topaneu_center1_mr_528_0000.nii.gz,.nii.gz,4096,4.0,0.0039
images\._topaneu_center1_mr_538_0000.nii.gz,images,._topaneu_center1_mr_538_0000.nii.gz,.nii.gz,4096,4.0,0.0039
images\._topaneu_center1_mr_554_0000.nii.gz,images,._topaneu_center1_mr_554_0000.nii.gz,.nii.gz,4096,4.0,0.0039
images\._topaneu_center1_mr_560_0000.nii.gz,images,._topaneu_center1_mr_560_0000.nii.gz,.nii.gz,4096,4.0,0.0039
images\._topaneu_center1_mr_561_0000.nii.gz,images,._topaneu_center1_mr_561_0000.nii.gz,.nii.gz,4096,4.0,0.0039
images\._topaneu_center1_mr_572_0000.nii.gz,images,._topaneu_center1_mr_572_0000.nii.gz,.nii.gz,4096,4.0,0.0039
images\._topaneu_center1_mr_577_0000.nii.gz,images,._topaneu_center1_mr_577_0000.nii.gz,.nii.gz,4096,4.0,0.0039
images\._topaneu_center1_mr_581_0000.nii.gz,images,._topaneu_center1_mr_581_0000.nii.gz,.nii.gz,4096,4.0,0.0039
images\._topaneu_center1_mr_585_0000.nii.gz,images,._topaneu_center1_mr_585_0000.nii.gz,.nii.gz,4096,4.0,0.0039
images\._topaneu_center1_mr_586_0000.nii.gz,images,._topaneu_center1_mr_586_0000.nii.gz,.nii.gz,4096,4.0,0.0039
images\._topaneu_center1_mr_596_0000.nii.gz,images,._topaneu_center1_mr_596_0000.nii.gz,.nii.gz,4096,4.0,0.0039
images\._topaneu_center1_mr_605_0000.nii.gz,images,._topaneu_center1_mr_605_0000.nii.gz,.nii.gz,4096,4.0,0.0039
images\._topaneu_center1_mr_607_0000.nii.gz,images,._topaneu_center1_mr_607_0000.nii.gz,.nii.gz,4096,4.0,0.0039
images\._topaneu_center1_mr_612_0000.nii.gz,images,._topaneu_center1_mr_612_0000.nii.gz,.nii.gz,4096,4.0,0.0039
images\._topaneu_center1_mr_614_0000.nii.gz,images,._topaneu_center1_mr_614_0000.nii.gz,.nii.gz,4096,4.0,0.0039
images\._topaneu_center1_mr_615_0000.nii.gz,images,._topaneu_center1_mr_615_0000.nii.gz,.nii.gz,4096,4.0,0.0039
images\._topaneu_center1_mr_625_0000.nii.gz,images,._topaneu_center1_mr_625_0000.nii.gz,.nii.gz,4096,4.0,0.0039
images\._topaneu_center1_mr_626_0000.nii.gz,images,._topaneu_center1_mr_626_0000.nii.gz,.nii.gz,4096,4.0,0.0039
images\._topaneu_center1_mr_630_0000.nii.gz,images,._topaneu_center1_mr_630_0000.nii.gz,.nii.gz,4096,4.0,0.0039
images\._topaneu_center1_mr_631_0000.nii.gz,images,._topaneu_center1_mr_631_0000.nii.gz,.nii.gz,4096,4.0,0.0039
images\._topaneu_center1_mr_637_0000.nii.gz,images,._topaneu_center1_mr_637_0000.nii.gz,.nii.gz,4096,4.0,0.0039
images\._topaneu_center1_mr_638_0000.nii.gz,images,._topaneu_center1_mr_638_0000.nii.gz,.nii.gz,4096,4.0,0.0039
images\._topaneu_center1_mr_647_0000.nii.gz,images,._topaneu_center1_mr_647_0000.nii.gz,.nii.gz,4096,4.0,0.0039
images\._topaneu_center1_mr_653_0000.nii.gz,images,._topaneu_center1_mr_653_0000.nii.gz,.nii.gz,4096,4.0,0.0039
images\._topaneu_center1_mr_660_0000.nii.gz,images,._topaneu_center1_mr_660_0000.nii.gz,.nii.gz,4096,4.0,0.0039
images\._topaneu_center1_mr_664_0000.nii.gz,images,._topaneu_center1_mr_664_0000.nii.gz,.nii.gz,4096,4.0,0.0039
images\._topaneu_center1_mr_670_0000.nii.gz,images,._topaneu_center1_mr_670_0000.nii.gz,.nii.gz,4096,4.0,0.0039
images\._topaneu_center1_mr_681_0000.nii.gz,images,._topaneu_center1_mr_681_0000.nii.gz,.nii.gz,4096,4.0,0.0039
images\._topaneu_center1_mr_682_0000.nii.gz,images,._topaneu_center1_mr_682_0000.nii.gz,.nii.gz,4096,4.0,0.0039
images\._topaneu_center1_mr_693_0000.nii.gz,images,._topaneu_center1_mr_693_0000.nii.gz,.nii.gz,4096,4.0,0.0039
images\._topaneu_center1_mr_694_0000.nii.gz,images,._topaneu_center1_mr_694_0000.nii.gz,.nii.gz,4096,4.0,0.0039
images\._topaneu_center1_mr_697_0000.nii.gz,images,._topaneu_center1_mr_697_0000.nii.gz,.nii.gz,4096,4.0,0.0039
images\._topaneu_center1_mr_702_0000.nii.gz,images,._topaneu_center1_mr_702_0000.nii.gz,.nii.gz,4096,4.0,0.0039
images\._topaneu_center1_mr_713_0000.nii.gz,images,._topaneu_center1_mr_713_0000.nii.gz,.nii.gz,4096,4.0,0.0039
images\._topaneu_center1_mr_720_0000.nii.gz,images,._topaneu_center1_mr_720_0000.nii.gz,.nii.gz,4096,4.0,0.0039
images\._topaneu_center1_mr_727_0000.nii.gz,images,._topaneu_center1_mr_727_0000.nii.gz,.nii.gz,4096,4.0,0.0039
images\._topaneu_center1_mr_729_0000.nii.gz,images,._topaneu_center1_mr_729_0000.nii.gz,.nii.gz,4096,4.0,0.0039
images\._topaneu_center1_mr_731_0000.nii.gz,images,._topaneu_center1_mr_731_0000.nii.gz,.nii.gz,4096,4.0,0.0039
images\._topaneu_center1_mr_732_0000.nii.gz,images,._topaneu_center1_mr_732_0000.nii.gz,.nii.gz,4096,4.0,0.0039
images\._topaneu_center1_mr_740_0000.nii.gz,images,._topaneu_center1_mr_740_0000.nii.gz,.nii.gz,4096,4.0,0.0039
images\._topaneu_center1_mr_741_0000.nii.gz,images,._topaneu_center1_mr_741_0000.nii.gz,.nii.gz,4096,4.0,0.0039
images\._topaneu_center1_mr_742_0000.nii.gz,images,._topaneu_center1_mr_742_0000.nii.gz,.nii.gz,4096,4.0,0.0039
images\._topaneu_center1_mr_744_0000.nii.gz,images,._topaneu_center1_mr_744_0000.nii.gz,.nii.gz,4096,4.0,0.0039
images\._topaneu_center1_mr_750_0000.nii.gz,images,._topaneu_center1_mr_750_0000.nii.gz,.nii.gz,4096,4.0,0.0039
images\._topaneu_center1_mr_760_0000.nii.gz,images,._topaneu_center1_mr_760_0000.nii.gz,.nii.gz,4096,4.0,0.0039
images\._topaneu_center1_mr_763_0000.nii.gz,images,._topaneu_center1_mr_763_0000.nii.gz,.nii.gz,4096,4.0,0.0039
images\._topaneu_center1_mr_765_0000.nii.gz,images,._topaneu_center1_mr_765_0000.nii.gz,.nii.gz,4096,4.0,0.0039
images\._topaneu_center1_mr_770_0000.nii.gz,images,._topaneu_center1_mr_770_0000.nii.gz,.nii.gz,4096,4.0,0.0039
images\._topaneu_center1_mr_772_0000.nii.gz,images,._topaneu_center1_mr_772_0000.nii.gz,.nii.gz,4096,4.0,0.0039
images\._topaneu_center1_mr_774_0000.nii.gz,images,._topaneu_center1_mr_774_0000.nii.gz,.nii.gz,4096,4.0,0.0039
images\._topaneu_center1_mr_775_0000.nii.gz,images,._topaneu_center1_mr_775_0000.nii.gz,.nii.gz,4096,4.0,0.0039
images\._topaneu_center1_mr_776_0000.nii.gz,images,._topaneu_center1_mr_776_0000.nii.gz,.nii.gz,4096,4.0,0.0039
images\._topaneu_center1_mr_788_0000.nii.gz,images,._topaneu_center1_mr_788_0000.nii.gz,.nii.gz,4096,4.0,0.0039
images\._topaneu_center1_mr_789_0000.nii.gz,images,._topaneu_center1_mr_789_0000.nii.gz,.nii.gz,4096,4.0,0.0039
images\._topaneu_center1_mr_790_0000.nii.gz,images,._topaneu_center1_mr_790_0000.nii.gz,.nii.gz,4096,4.0,0.0039
images\._topaneu_center1_mr_792_0000.nii.gz,images,._topaneu_center1_mr_792_0000.nii.gz,.nii.gz,4096,4.0,0.0039
images\._topaneu_center1_mr_795_0000.nii.gz,images,._topaneu_center1_mr_795_0000.nii.gz,.nii.gz,4096,4.0,0.0039
images\._topaneu_center1_mr_797_0000.nii.gz,images,._topaneu_center1_mr_797_0000.nii.gz,.nii.gz,4096,4.0,0.0039
images\._topaneu_center1_mr_800_0000.nii.gz,images,._topaneu_center1_mr_800_0000.nii.gz,.nii.gz,4096,4.0,0.0039
images\._topaneu_center1_mr_804_0000.nii.gz,images,._topaneu_center1_mr_804_0000.nii.gz,.nii.gz,4096,4.0,0.0039
images\._topaneu_center1_mr_807_0000.nii.gz,images,._topaneu_center1_mr_807_0000.nii.gz,.nii.gz,4096,4.0,0.0039
images\._topaneu_center1_mr_810_0000.nii.gz,images,._topaneu_center1_mr_810_0000.nii.gz,.nii.gz,4096,4.0,0.0039
images\._topaneu_center1_mr_816_0000.nii.gz,images,._topaneu_center1_mr_816_0000.nii.gz,.nii.gz,4096,4.0,0.0039
images\._topaneu_center1_mr_819_0000.nii.gz,images,._topaneu_center1_mr_819_0000.nii.gz,.nii.gz,4096,4.0,0.0039
images\._topaneu_center1_mr_823_0000.nii.gz,images,._topaneu_center1_mr_823_0000.nii.gz,.nii.gz,4096,4.0,0.0039
images\._topaneu_center1_mr_840_0000.nii.gz,images,._topaneu_center1_mr_840_0000.nii.gz,.nii.gz,4096,4.0,0.0039
images\._topaneu_center1_mr_842_0000.nii.gz,images,._topaneu_center1_mr_842_0000.nii.gz,.nii.gz,4096,4.0,0.0039
images\._topaneu_center1_mr_848_0000.nii.gz,images,._topaneu_center1_mr_848_0000.nii.gz,.nii.gz,4096,4.0,0.0039
images\._topaneu_center1_mr_850_0000.nii.gz,images,._topaneu_center1_mr_850_0000.nii.gz,.nii.gz,4096,4.0,0.0039
images\._topaneu_center1_mr_871_0000.nii.gz,images,._topaneu_center1_mr_871_0000.nii.gz,.nii.gz,4096,4.0,0.0039
images\._topaneu_center1_mr_877_0000.nii.gz,images,._topaneu_center1_mr_877_0000.nii.gz,.nii.gz,4096,4.0,0.0039
images\._topaneu_center1_mr_891_0000.nii.gz,images,._topaneu_center1_mr_891_0000.nii.gz,.nii.gz,4096,4.0,0.0039
images\._topaneu_center1_mr_892_0000.nii.gz,images,._topaneu_center1_mr_892_0000.nii.gz,.nii.gz,4096,4.0,0.0039
images\._topaneu_center1_mr_895_0000.nii.gz,images,._topaneu_center1_mr_895_0000.nii.gz,.nii.gz,4096,4.0,0.0039
images\._topaneu_center1_mr_896_0000.nii.gz,images,._topaneu_center1_mr_896_0000.nii.gz,.nii.gz,4096,4.0,0.0039
images\._topaneu_center1_mr_902_0000.nii.gz,images,._topaneu_center1_mr_902_0000.nii.gz,.nii.gz,4096,4.0,0.0039
images\._topaneu_center1_mr_909_0000.nii.gz,images,._topaneu_center1_mr_909_0000.nii.gz,.nii.gz,4096,4.0,0.0039
images\._topaneu_center1_mr_910_0000.nii.gz,images,._topaneu_center1_mr_910_0000.nii.gz,.nii.gz,4096,4.0,0.0039
images\._topaneu_center1_mr_911_0000.nii.gz,images,._topaneu_center1_mr_911_0000.nii.gz,.nii.gz,4096,4.0,0.0039
images\._topaneu_center1_mr_917_0000.nii.gz,images,._topaneu_center1_mr_917_0000.nii.gz,.nii.gz,4096,4.0,0.0039
images\._topaneu_center1_mr_920_0000.nii.gz,images,._topaneu_center1_mr_920_0000.nii.gz,.nii.gz,4096,4.0,0.0039
images\._topaneu_center1_mr_921_0000.nii.gz,images,._topaneu_center1_mr_921_0000.nii.gz,.nii.gz,4096,4.0,0.0039
images\._topaneu_center1_mr_922_0000.nii.gz,images,._topaneu_center1_mr_922_0000.nii.gz,.nii.gz,4096,4.0,0.0039
images\._topaneu_center1_mr_924_0000.nii.gz,images,._topaneu_center1_mr_924_0000.nii.gz,.nii.gz,4096,4.0,0.0039
images\._topaneu_center1_mr_926_0000.nii.gz,images,._topaneu_center1_mr_926_0000.nii.gz,.nii.gz,4096,4.0,0.0039
images\._topaneu_center1_mr_928_0000.nii.gz,images,._topaneu_center1_mr_928_0000.nii.gz,.nii.gz,4096,4.0,0.0039
images\._topaneu_center1_mr_939_0000.nii.gz,images,._topaneu_center1_mr_939_0000.nii.gz,.nii.gz,4096,4.0,0.0039
images\._topaneu_center1_mr_940_0000.nii.gz,images,._topaneu_center1_mr_940_0000.nii.gz,.nii.gz,4096,4.0,0.0039
images\._topaneu_center1_mr_942_0000.nii.gz,images,._topaneu_center1_mr_942_0000.nii.gz,.nii.gz,4096,4.0,0.0039
images\._topaneu_center1_mr_944_0000.nii.gz,images,._topaneu_center1_mr_944_0000.nii.gz,.nii.gz,4096,4.0,0.0039
images\._topaneu_center1_mr_959_0000.nii.gz,images,._topaneu_center1_mr_959_0000.nii.gz,.nii.gz,4096,4.0,0.0039
images\._topaneu_center1_mr_961_0000.nii.gz,images,._topaneu_center1_mr_961_0000.nii.gz,.nii.gz,4096,4.0,0.0039
images\._topaneu_center1_mr_975_0000.nii.gz,images,._topaneu_center1_mr_975_0000.nii.gz,.nii.gz,4096,4.0,0.0039
images\._topaneu_center1_mr_981_0000.nii.gz,images,._topaneu_center1_mr_981_0000.nii.gz,.nii.gz,4096,4.0,0.0039
images\._topaneu_center1_mr_991_0000.nii.gz,images,._topaneu_center1_mr_991_0000.nii.gz,.nii.gz,4096,4.0,0.0039
images\._topaneu_center2_ct_105_0000.nii.gz,images,._topaneu_center2_ct_105_0000.nii.gz,.nii.gz,4096,4.0,0.0039
images\._topaneu_center2_ct_107_0000.nii.gz,images,._topaneu_center2_ct_107_0000.nii.gz,.nii.gz,4096,4.0,0.0039
images\._topaneu_center2_ct_108_0000.nii.gz,images,._topaneu_center2_ct_108_0000.nii.gz,.nii.gz,4096,4.0,0.0039
images\._topaneu_center2_ct_109_0000.nii.gz,images,._topaneu_center2_ct_109_0000.nii.gz,.nii.gz,4096,4.0,0.0039
images\._topaneu_center2_ct_112_0000.nii.gz,images,._topaneu_center2_ct_112_0000.nii.gz,.nii.gz,4096,4.0,0.0039
images\._topaneu_center2_ct_113_0000.nii.gz,images,._topaneu_center2_ct_113_0000.nii.gz,.nii.gz,4096,4.0,0.0039
images\._topaneu_center2_ct_118_0000.nii.gz,images,._topaneu_center2_ct_118_0000.nii.gz,.nii.gz,4096,4.0,0.0039
images\._topaneu_center2_ct_119_0000.nii.gz,images,._topaneu_center2_ct_119_0000.nii.gz,.nii.gz,4096,4.0,0.0039
images\._topaneu_center2_ct_120_0000.nii.gz,images,._topaneu_center2_ct_120_0000.nii.gz,.nii.gz,4096,4.0,0.0039
images\._topaneu_center2_ct_125_0000.nii.gz,images,._topaneu_center2_ct_125_0000.nii.gz,.nii.gz,4096,4.0,0.0039
images\._topaneu_center2_ct_126_0000.nii.gz,images,._topaneu_center2_ct_126_0000.nii.gz,.nii.gz,4096,4.0,0.0039
images\._topaneu_center2_ct_127_0000.nii.gz,images,._topaneu_center2_ct_127_0000.nii.gz,.nii.gz,4096,4.0,0.0039
images\._topaneu_center2_ct_128_0000.nii.gz,images,._topaneu_center2_ct_128_0000.nii.gz,.nii.gz,4096,4.0,0.0039
images\._topaneu_center2_ct_130_0000.nii.gz,images,._topaneu_center2_ct_130_0000.nii.gz,.nii.gz,4096,4.0,0.0039
images\._topaneu_center2_ct_134_0000.nii.gz,images,._topaneu_center2_ct_134_0000.nii.gz,.nii.gz,4096,4.0,0.0039
images\._topaneu_center2_ct_137_0000.nii.gz,images,._topaneu_center2_ct_137_0000.nii.gz,.nii.gz,4096,4.0,0.0039
images\._topaneu_center2_ct_138_0000.nii.gz,images,._topaneu_center2_ct_138_0000.nii.gz,.nii.gz,4096,4.0,0.0039
images\._topaneu_center2_ct_141_0000.nii.gz,images,._topaneu_center2_ct_141_0000.nii.gz,.nii.gz,4096,4.0,0.0039
images\._topaneu_center2_ct_142_0000.nii.gz,images,._topaneu_center2_ct_142_0000.nii.gz,.nii.gz,4096,4.0,0.0039
images\._topaneu_center2_ct_144_0000.nii.gz,images,._topaneu_center2_ct_144_0000.nii.gz,.nii.gz,4096,4.0,0.0039
images\._topaneu_center2_ct_147_0000.nii.gz,images,._topaneu_center2_ct_147_0000.nii.gz,.nii.gz,4096,4.0,0.0039
images\._topaneu_center2_ct_150_0000.nii.gz,images,._topaneu_center2_ct_150_0000.nii.gz,.nii.gz,4096,4.0,0.0039
images\._topaneu_center2_ct_154_0000.nii.gz,images,._topaneu_center2_ct_154_0000.nii.gz,.nii.gz,4096,4.0,0.0039
images\._topaneu_center2_ct_156_0000.nii.gz,images,._topaneu_center2_ct_156_0000.nii.gz,.nii.gz,4096,4.0,0.0039
images\._topaneu_center2_ct_160_0000.nii.gz,images,._topaneu_center2_ct_160_0000.nii.gz,.nii.gz,4096,4.0,0.0039
images\._topaneu_center2_ct_161_0000.nii.gz,images,._topaneu_center2_ct_161_0000.nii.gz,.nii.gz,4096,4.0,0.0039
images\._topaneu_center2_ct_162_0000.nii.gz,images,._topaneu_center2_ct_162_0000.nii.gz,.nii.gz,4096,4.0,0.0039
images\._topaneu_center2_ct_163_0000.nii.gz,images,._topaneu_center2_ct_163_0000.nii.gz,.nii.gz,4096,4.0,0.0039
images\._topaneu_center2_ct_164_0000.nii.gz,images,._topaneu_center2_ct_164_0000.nii.gz,.nii.gz,4096,4.0,0.0039
images\._topaneu_center2_ct_165_0000.nii.gz,images,._topaneu_center2_ct_165_0000.nii.gz,.nii.gz,4096,4.0,0.0039
images\._topaneu_center2_ct_166_0000.nii.gz,images,._topaneu_center2_ct_166_0000.nii.gz,.nii.gz,4096,4.0,0.0039
images\._topaneu_center2_ct_167_0000.nii.gz,images,._topaneu_center2_ct_167_0000.nii.gz,.nii.gz,4096,4.0,0.0039
images\._topaneu_center2_ct_169_0000.nii.gz,images,._topaneu_center2_ct_169_0000.nii.gz,.nii.gz,4096,4.0,0.0039
images\._topaneu_center2_ct_170_0000.nii.gz,images,._topaneu_center2_ct_170_0000.nii.gz,.nii.gz,4096,4.0,0.0039
images\._topaneu_center2_ct_171_0000.nii.gz,images,._topaneu_center2_ct_171_0000.nii.gz,.nii.gz,4096,4.0,0.0039
images\._topaneu_center2_ct_172_0000.nii.gz,images,._topaneu_center2_ct_172_0000.nii.gz,.nii.gz,4096,4.0,0.0039
images\._topaneu_center2_ct_173_0000.nii.gz,images,._topaneu_center2_ct_173_0000.nii.gz,.nii.gz,4096,4.0,0.0039
images\._topaneu_center2_ct_174_0000.nii.gz,images,._topaneu_center2_ct_174_0000.nii.gz,.nii.gz,4096,4.0,0.0039
images\._topaneu_center2_ct_175_0000.nii.gz,images,._topaneu_center2_ct_175_0000.nii.gz,.nii.gz,4096,4.0,0.0039
images\._topaneu_center2_ct_184_0000.nii.gz,images,._topaneu_center2_ct_184_0000.nii.gz,.nii.gz,4096,4.0,0.0039
images\._topaneu_center2_ct_189_0000.nii.gz,images,._topaneu_center2_ct_189_0000.nii.gz,.nii.gz,4096,4.0,0.0039
images\._topaneu_center2_ct_190_0000.nii.gz,images,._topaneu_center2_ct_190_0000.nii.gz,.nii.gz,4096,4.0,0.0039
images\._topaneu_center2_ct_191_0000.nii.gz,images,._topaneu_center2_ct_191_0000.nii.gz,.nii.gz,4096,4.0,0.0039
images\._topaneu_center2_ct_192_0000.nii.gz,images,._topaneu_center2_ct_192_0000.nii.gz,.nii.gz,4096,4.0,0.0039
images\._topaneu_center2_ct_193_0000.nii.gz,images,._topaneu_center2_ct_193_0000.nii.gz,.nii.gz,4096,4.0,0.0039
images\._topaneu_center2_ct_196_0000.nii.gz,images,._topaneu_center2_ct_196_0000.nii.gz,.nii.gz,4096,4.0,0.0039
images\._topaneu_center2_ct_197_0000.nii.gz,images,._topaneu_center2_ct_197_0000.nii.gz,.nii.gz,4096,4.0,0.0039
images\._topaneu_center2_mr_002_0000.nii.gz,images,._topaneu_center2_mr_002_0000.nii.gz,.nii.gz,4096,4.0,0.0039
images\._topaneu_center2_mr_004_0000.nii.gz,images,._topaneu_center2_mr_004_0000.nii.gz,.nii.gz,4096,4.0,0.0039
images\._topaneu_center2_mr_007_0000.nii.gz,images,._topaneu_center2_mr_007_0000.nii.gz,.nii.gz,4096,4.0,0.0039
images\._topaneu_center2_mr_010_0000.nii.gz,images,._topaneu_center2_mr_010_0000.nii.gz,.nii.gz,4096,4.0,0.0039
images\._topaneu_center2_mr_011_0000.nii.gz,images,._topaneu_center2_mr_011_0000.nii.gz,.nii.gz,4096,4.0,0.0039
images\._topaneu_center2_mr_012_0000.nii.gz,images,._topaneu_center2_mr_012_0000.nii.gz,.nii.gz,4096,4.0,0.0039
images\._topaneu_center2_mr_016_0000.nii.gz,images,._topaneu_center2_mr_016_0000.nii.gz,.nii.gz,4096,4.0,0.0039
images\._topaneu_center2_mr_017_0000.nii.gz,images,._topaneu_center2_mr_017_0000.nii.gz,.nii.gz,4096,4.0,0.0039
images\._topaneu_center2_mr_018_0000.nii.gz,images,._topaneu_center2_mr_018_0000.nii.gz,.nii.gz,4096,4.0,0.0039
images\._topaneu_center2_mr_019_0000.nii.gz,images,._topaneu_center2_mr_019_0000.nii.gz,.nii.gz,4096,4.0,0.0039
images\._topaneu_center2_mr_020_0000.nii.gz,images,._topaneu_center2_mr_020_0000.nii.gz,.nii.gz,4096,4.0,0.0039
images\._topaneu_center2_mr_025_0000.nii.gz,images,._topaneu_center2_mr_025_0000.nii.gz,.nii.gz,4096,4.0,0.0039
images\._topaneu_center2_mr_028_0000.nii.gz,images,._topaneu_center2_mr_028_0000.nii.gz,.nii.gz,4096,4.0,0.0039
images\._topaneu_center2_mr_029_0000.nii.gz,images,._topaneu_center2_mr_029_0000.nii.gz,.nii.gz,4096,4.0,0.0039
images\._topaneu_center2_mr_031_0000.nii.gz,images,._topaneu_center2_mr_031_0000.nii.gz,.nii.gz,4096,4.0,0.0039
images\._topaneu_center2_mr_032_0000.nii.gz,images,._topaneu_center2_mr_032_0000.nii.gz,.nii.gz,4096,4.0,0.0039
images\._topaneu_center2_mr_034_0000.nii.gz,images,._topaneu_center2_mr_034_0000.nii.gz,.nii.gz,4096,4.0,0.0039
images\._topaneu_center2_mr_035_0000.nii.gz,images,._topaneu_center2_mr_035_0000.nii.gz,.nii.gz,4096,4.0,0.0039
images\._topaneu_center2_mr_038_0000.nii.gz,images,._topaneu_center2_mr_038_0000.nii.gz,.nii.gz,4096,4.0,0.0039
images\._topaneu_center2_mr_042_0000.nii.gz,images,._topaneu_center2_mr_042_0000.nii.gz,.nii.gz,4096,4.0,0.0039
images\._topaneu_center2_mr_044_0000.nii.gz,images,._topaneu_center2_mr_044_0000.nii.gz,.nii.gz,4096,4.0,0.0039
images\._topaneu_center2_mr_047_0000.nii.gz,images,._topaneu_center2_mr_047_0000.nii.gz,.nii.gz,4096,4.0,0.0039
images\._topaneu_center2_mr_048_0000.nii.gz,images,._topaneu_center2_mr_048_0000.nii.gz,.nii.gz,4096,4.0,0.0039
images\._topaneu_center2_mr_049_0000.nii.gz,images,._topaneu_center2_mr_049_0000.nii.gz,.nii.gz,4096,4.0,0.0039
images\._topaneu_center2_mr_050_0000.nii.gz,images,._topaneu_center2_mr_050_0000.nii.gz,.nii.gz,4096,4.0,0.0039
images\._topaneu_center2_mr_051_0000.nii.gz,images,._topaneu_center2_mr_051_0000.nii.gz,.nii.gz,4096,4.0,0.0039
images\._topaneu_center2_mr_054_0000.nii.gz,images,._topaneu_center2_mr_054_0000.nii.gz,.nii.gz,4096,4.0,0.0039
images\._topaneu_center2_mr_055_0000.nii.gz,images,._topaneu_center2_mr_055_0000.nii.gz,.nii.gz,4096,4.0,0.0039
images\._topaneu_center2_mr_056_0000.nii.gz,images,._topaneu_center2_mr_056_0000.nii.gz,.nii.gz,4096,4.0,0.0039
images\._topaneu_center2_mr_057_0000.nii.gz,images,._topaneu_center2_mr_057_0000.nii.gz,.nii.gz,4096,4.0,0.0039
images\._topaneu_center2_mr_058_0000.nii.gz,images,._topaneu_center2_mr_058_0000.nii.gz,.nii.gz,4096,4.0,0.0039
images\._topaneu_center2_mr_069_0000.nii.gz,images,._topaneu_center2_mr_069_0000.nii.gz,.nii.gz,4096,4.0,0.0039
images\._topaneu_center2_mr_074_0000.nii.gz,images,._topaneu_center2_mr_074_0000.nii.gz,.nii.gz,4096,4.0,0.0039
images\._topaneu_center2_mr_077_0000.nii.gz,images,._topaneu_center2_mr_077_0000.nii.gz,.nii.gz,4096,4.0,0.0039
images\._topaneu_center2_mr_078_0000.nii.gz,images,._topaneu_center2_mr_078_0000.nii.gz,.nii.gz,4096,4.0,0.0039
images\._topaneu_center2_mr_079_0000.nii.gz,images,._topaneu_center2_mr_079_0000.nii.gz,.nii.gz,4096,4.0,0.0039
images\._topaneu_center2_mr_080_0000.nii.gz,images,._topaneu_center2_mr_080_0000.nii.gz,.nii.gz,4096,4.0,0.0039
images\._topaneu_center2_mr_083_0000.nii.gz,images,._topaneu_center2_mr_083_0000.nii.gz,.nii.gz,4096,4.0,0.0039
images\._topaneu_center2_mr_085_0000.nii.gz,images,._topaneu_center2_mr_085_0000.nii.gz,.nii.gz,4096,4.0,0.0039
images\._topaneu_center2_mr_086_0000.nii.gz,images,._topaneu_center2_mr_086_0000.nii.gz,.nii.gz,4096,4.0,0.0039
images\._topaneu_center4_ct_002_0000.nii.gz,images,._topaneu_center4_ct_002_0000.nii.gz,.nii.gz,4096,4.0,0.0039
images\._topaneu_center4_ct_005_0000.nii.gz,images,._topaneu_center4_ct_005_0000.nii.gz,.nii.gz,4096,4.0,0.0039
images\._topaneu_center4_ct_008_1_0000.nii.gz,images,._topaneu_center4_ct_008_1_0000.nii.gz,.nii.gz,4096,4.0,0.0039
images\._topaneu_center4_ct_008_2_0000.nii.gz,images,._topaneu_center4_ct_008_2_0000.nii.gz,.nii.gz,4096,4.0,0.0039
images\._topaneu_center4_ct_009_0000.nii.gz,images,._topaneu_center4_ct_009_0000.nii.gz,.nii.gz,4096,4.0,0.0039
images\._topaneu_center4_ct_012_0000.nii.gz,images,._topaneu_center4_ct_012_0000.nii.gz,.nii.gz,4096,4.0,0.0039
images\._topaneu_center4_ct_019_0000.nii.gz,images,._topaneu_center4_ct_019_0000.nii.gz,.nii.gz,4096,4.0,0.0039
images\._topaneu_center4_ct_020_1_0000.nii.gz,images,._topaneu_center4_ct_020_1_0000.nii.gz,.nii.gz,4096,4.0,0.0039
images\._topaneu_center4_ct_020_2_0000.nii.gz,images,._topaneu_center4_ct_020_2_0000.nii.gz,.nii.gz,4096,4.0,0.0039
images\._topaneu_center4_ct_020_3_0000.nii.gz,images,._topaneu_center4_ct_020_3_0000.nii.gz,.nii.gz,4096,4.0,0.0039
images\._topaneu_center4_ct_023_0000.nii.gz,images,._topaneu_center4_ct_023_0000.nii.gz,.nii.gz,4096,4.0,0.0039
images\._topaneu_center4_ct_025_1_0000.nii.gz,images,._topaneu_center4_ct_025_1_0000.nii.gz,.nii.gz,4096,4.0,0.0039
images\._topaneu_center4_ct_025_2_0000.nii.gz,images,._topaneu_center4_ct_025_2_0000.nii.gz,.nii.gz,4096,4.0,0.0039
images\._topaneu_center4_ct_030_0000.nii.gz,images,._topaneu_center4_ct_030_0000.nii.gz,.nii.gz,4096,4.0,0.0039
images\._topaneu_center4_ct_034_1_0000.nii.gz,images,._topaneu_center4_ct_034_1_0000.nii.gz,.nii.gz,4096,4.0,0.0039
images\._topaneu_center4_ct_034_2_0000.nii.gz,images,._topaneu_center4_ct_034_2_0000.nii.gz,.nii.gz,4096,4.0,0.0039
images\._topaneu_center4_ct_037_0000.nii.gz,images,._topaneu_center4_ct_037_0000.nii.gz,.nii.gz,4096,4.0,0.0039
images\._topaneu_center4_ct_041_0000.nii.gz,images,._topaneu_center4_ct_041_0000.nii.gz,.nii.gz,4096,4.0,0.0039
images\._topaneu_center4_ct_042_2_0000.nii.gz,images,._topaneu_center4_ct_042_2_0000.nii.gz,.nii.gz,4096,4.0,0.0039
images\._topaneu_center4_ct_045_0000.nii.gz,images,._topaneu_center4_ct_045_0000.nii.gz,.nii.gz,4096,4.0,0.0039
images\._topaneu_center4_ct_047_0000.nii.gz,images,._topaneu_center4_ct_047_0000.nii.gz,.nii.gz,4096,4.0,0.0039
images\._topaneu_center4_ct_048_0000.nii.gz,images,._topaneu_center4_ct_048_0000.nii.gz,.nii.gz,4096,4.0,0.0039
images\._topaneu_center4_ct_051_1_0000.nii.gz,images,._topaneu_center4_ct_051_1_0000.nii.gz,.nii.gz,4096,4.0,0.0039
images\._topaneu_center4_ct_051_2_0000.nii.gz,images,._topaneu_center4_ct_051_2_0000.nii.gz,.nii.gz,4096,4.0,0.0039
images\._topaneu_center4_ct_055_0000.nii.gz,images,._topaneu_center4_ct_055_0000.nii.gz,.nii.gz,4096,4.0,0.0039
images\._topaneu_center4_ct_057_0000.nii.gz,images,._topaneu_center4_ct_057_0000.nii.gz,.nii.gz,4096,4.0,0.0039
images\._topaneu_center4_ct_059_0000.nii.gz,images,._topaneu_center4_ct_059_0000.nii.gz,.nii.gz,4096,4.0,0.0039
images\._topaneu_center4_ct_060_0000.nii.gz,images,._topaneu_center4_ct_060_0000.nii.gz,.nii.gz,4096,4.0,0.0039
images\._topaneu_center4_ct_062_1_0000.nii.gz,images,._topaneu_center4_ct_062_1_0000.nii.gz,.nii.gz,4096,4.0,0.0039
images\._topaneu_center4_ct_062_2_0000.nii.gz,images,._topaneu_center4_ct_062_2_0000.nii.gz,.nii.gz,4096,4.0,0.0039
images\._topaneu_center4_ct_063_0000.nii.gz,images,._topaneu_center4_ct_063_0000.nii.gz,.nii.gz,4096,4.0,0.0039
images\._topaneu_center4_ct_064_0000.nii.gz,images,._topaneu_center4_ct_064_0000.nii.gz,.nii.gz,4096,4.0,0.0039
images\._topaneu_center4_ct_065_0000.nii.gz,images,._topaneu_center4_ct_065_0000.nii.gz,.nii.gz,4096,4.0,0.0039
images\._topaneu_center4_ct_067_0000.nii.gz,images,._topaneu_center4_ct_067_0000.nii.gz,.nii.gz,4096,4.0,0.0039
images\._topaneu_center4_ct_070_0000.nii.gz,images,._topaneu_center4_ct_070_0000.nii.gz,.nii.gz,4096,4.0,0.0039
images\._topaneu_center4_ct_072_0000.nii.gz,images,._topaneu_center4_ct_072_0000.nii.gz,.nii.gz,4096,4.0,0.0039
images\._topaneu_center4_ct_074_0000.nii.gz,images,._topaneu_center4_ct_074_0000.nii.gz,.nii.gz,4096,4.0,0.0039
images\._topaneu_center4_ct_083_0000.nii.gz,images,._topaneu_center4_ct_083_0000.nii.gz,.nii.gz,4096,4.0,0.0039
images\._topaneu_center4_ct_087_0000.nii.gz,images,._topaneu_center4_ct_087_0000.nii.gz,.nii.gz,4096,4.0,0.0039
images\._topaneu_center4_ct_093_0000.nii.gz,images,._topaneu_center4_ct_093_0000.nii.gz,.nii.gz,4096,4.0,0.0039
images\._topaneu_center4_ct_094_0000.nii.gz,images,._topaneu_center4_ct_094_0000.nii.gz,.nii.gz,4096,4.0,0.0039
images\._topaneu_center4_ct_097_0000.nii.gz,images,._topaneu_center4_ct_097_0000.nii.gz,.nii.gz,4096,4.0,0.0039
images\._topaneu_center4_ct_101_0000.nii.gz,images,._topaneu_center4_ct_101_0000.nii.gz,.nii.gz,4096,4.0,0.0039
images\._topaneu_center4_ct_102_0000.nii.gz,images,._topaneu_center4_ct_102_0000.nii.gz,.nii.gz,4096,4.0,0.0039
images\._topaneu_center4_ct_103_0000.nii.gz,images,._topaneu_center4_ct_103_0000.nii.gz,.nii.gz,4096,4.0,0.0039
images\._topaneu_center4_ct_104_0000.nii.gz,images,._topaneu_center4_ct_104_0000.nii.gz,.nii.gz,4096,4.0,0.0039
images\._topaneu_center4_ct_105_0000.nii.gz,images,._topaneu_center4_ct_105_0000.nii.gz,.nii.gz,4096,4.0,0.0039
images\._topaneu_center4_ct_106_0000.nii.gz,images,._topaneu_center4_ct_106_0000.nii.gz,.nii.gz,4096,4.0,0.0039
images\._topaneu_center4_ct_107_0000.nii.gz,images,._topaneu_center4_ct_107_0000.nii.gz,.nii.gz,4096,4.0,0.0039
images\._topaneu_center4_ct_108_0000.nii.gz,images,._topaneu_center4_ct_108_0000.nii.gz,.nii.gz,4096,4.0,0.0039
images\._topaneu_center4_ct_115_0000.nii.gz,images,._topaneu_center4_ct_115_0000.nii.gz,.nii.gz,4096,4.0,0.0039
images\._topaneu_center4_ct_116_0000.nii.gz,images,._topaneu_center4_ct_116_0000.nii.gz,.nii.gz,4096,4.0,0.0039
images\._topaneu_center4_ct_119_0000.nii.gz,images,._topaneu_center4_ct_119_0000.nii.gz,.nii.gz,4096,4.0,0.0039
images\._topaneu_center4_ct_122_0000.nii.gz,images,._topaneu_center4_ct_122_0000.nii.gz,.nii.gz,4096,4.0,0.0039
images\._topaneu_center4_ct_127_0000.nii.gz,images,._topaneu_center4_ct_127_0000.nii.gz,.nii.gz,4096,4.0,0.0039
images\._topaneu_center4_ct_129_0000.nii.gz,images,._topaneu_center4_ct_129_0000.nii.gz,.nii.gz,4096,4.0,0.0039
images\._topaneu_center4_ct_134_0000.nii.gz,images,._topaneu_center4_ct_134_0000.nii.gz,.nii.gz,4096,4.0,0.0039
images\._topaneu_center4_ct_140_0000.nii.gz,images,._topaneu_center4_ct_140_0000.nii.gz,.nii.gz,4096,4.0,0.0039
images\._topaneu_center4_ct_193_0000.nii.gz,images,._topaneu_center4_ct_193_0000.nii.gz,.nii.gz,4096,4.0,0.0039
images\._topaneu_center4_ct_200_0000.nii.gz,images,._topaneu_center4_ct_200_0000.nii.gz,.nii.gz,4096,4.0,0.0039
images\._topaneu_center4_ct_201_0000.nii.gz,images,._topaneu_center4_ct_201_0000.nii.gz,.nii.gz,4096,4.0,0.0039
images\._topaneu_center5_mr_007_0000.nii.gz,images,._topaneu_center5_mr_007_0000.nii.gz,.nii.gz,4096,4.0,0.0039
images\._topaneu_center5_mr_009_0000.nii.gz,images,._topaneu_center5_mr_009_0000.nii.gz,.nii.gz,4096,4.0,0.0039
images\._topaneu_center5_mr_010_0000.nii.gz,images,._topaneu_center5_mr_010_0000.nii.gz,.nii.gz,4096,4.0,0.0039
images\._topaneu_center5_mr_011_0000.nii.gz,images,._topaneu_center5_mr_011_0000.nii.gz,.nii.gz,4096,4.0,0.0039
images\._topaneu_center5_mr_015_0000.nii.gz,images,._topaneu_center5_mr_015_0000.nii.gz,.nii.gz,4096,4.0,0.0039
images\._topaneu_center5_mr_016_0000.nii.gz,images,._topaneu_center5_mr_016_0000.nii.gz,.nii.gz,4096,4.0,0.0039
images\._topaneu_center5_mr_021_0000.nii.gz,images,._topaneu_center5_mr_021_0000.nii.gz,.nii.gz,4096,4.0,0.0039
images\._topaneu_center5_mr_022_0000.nii.gz,images,._topaneu_center5_mr_022_0000.nii.gz,.nii.gz,4096,4.0,0.0039
images\._topaneu_center5_mr_023_0000.nii.gz,images,._topaneu_center5_mr_023_0000.nii.gz,.nii.gz,4096,4.0,0.0039
images\._topaneu_center5_mr_024_0000.nii.gz,images,._topaneu_center5_mr_024_0000.nii.gz,.nii.gz,4096,4.0,0.0039
images\._topaneu_center5_mr_025_0000.nii.gz,images,._topaneu_center5_mr_025_0000.nii.gz,.nii.gz,4096,4.0,0.0039
images\._topaneu_center5_mr_027_0000.nii.gz,images,._topaneu_center5_mr_027_0000.nii.gz,.nii.gz,4096,4.0,0.0039
images\._topaneu_center5_mr_028_0000.nii.gz,images,._topaneu_center5_mr_028_0000.nii.gz,.nii.gz,4096,4.0,0.0039
images\._topaneu_center5_mr_029_0000.nii.gz,images,._topaneu_center5_mr_029_0000.nii.gz,.nii.gz,4096,4.0,0.0039
images\._topaneu_center5_mr_030_0000.nii.gz,images,._topaneu_center5_mr_030_0000.nii.gz,.nii.gz,4096,4.0,0.0039
images\._topaneu_center5_mr_031_0000.nii.gz,images,._topaneu_center5_mr_031_0000.nii.gz,.nii.gz,4096,4.0,0.0039
images\._topaneu_center5_mr_032_0000.nii.gz,images,._topaneu_center5_mr_032_0000.nii.gz,.nii.gz,4096,4.0,0.0039
images\._topaneu_center5_mr_033_0000.nii.gz,images,._topaneu_center5_mr_033_0000.nii.gz,.nii.gz,4096,4.0,0.0039
images\._topaneu_center5_mr_034_0000.nii.gz,images,._topaneu_center5_mr_034_0000.nii.gz,.nii.gz,4096,4.0,0.0039
images\._topaneu_center5_mr_036_0000.nii.gz,images,._topaneu_center5_mr_036_0000.nii.gz,.nii.gz,4096,4.0,0.0039
images\._topaneu_center5_mr_037_0000.nii.gz,images,._topaneu_center5_mr_037_0000.nii.gz,.nii.gz,4096,4.0,0.0039
images\._topaneu_center5_mr_038_0000.nii.gz,images,._topaneu_center5_mr_038_0000.nii.gz,.nii.gz,4096,4.0,0.0039
images\._topaneu_center5_mr_039_0000.nii.gz,images,._topaneu_center5_mr_039_0000.nii.gz,.nii.gz,4096,4.0,0.0039
images\._topaneu_center5_mr_041_0000.nii.gz,images,._topaneu_center5_mr_041_0000.nii.gz,.nii.gz,4096,4.0,0.0039
images\._topaneu_center5_mr_052_0000.nii.gz,images,._topaneu_center5_mr_052_0000.nii.gz,.nii.gz,4096,4.0,0.0039
images\._topaneu_center5_mr_061_0000.nii.gz,images,._topaneu_center5_mr_061_0000.nii.gz,.nii.gz,4096,4.0,0.0039
images\._topaneu_center5_mr_063_0000.nii.gz,images,._topaneu_center5_mr_063_0000.nii.gz,.nii.gz,4096,4.0,0.0039
images\._topaneu_center5_mr_068_0000.nii.gz,images,._topaneu_center5_mr_068_0000.nii.gz,.nii.gz,4096,4.0,0.0039
images\._topaneu_center5_mr_074_0000.nii.gz,images,._topaneu_center5_mr_074_0000.nii.gz,.nii.gz,4096,4.0,0.0039
images\._topaneu_center5_mr_079_0000.nii.gz,images,._topaneu_center5_mr_079_0000.nii.gz,.nii.gz,4096,4.0,0.0039
images\._topaneu_center5_mr_081_0000.nii.gz,images,._topaneu_center5_mr_081_0000.nii.gz,.nii.gz,4096,4.0,0.0039
images\._topaneu_center5_mr_082_0000.nii.gz,images,._topaneu_center5_mr_082_0000.nii.gz,.nii.gz,4096,4.0,0.0039
images\._topaneu_center5_mr_451_0000.nii.gz,images,._topaneu_center5_mr_451_0000.nii.gz,.nii.gz,4096,4.0,0.0039
images\._topaneu_center5_mr_452_0000.nii.gz,images,._topaneu_center5_mr_452_0000.nii.gz,.nii.gz,4096,4.0,0.0039
images\._topaneu_center5_mr_453_0000.nii.gz,images,._topaneu_center5_mr_453_0000.nii.gz,.nii.gz,4096,4.0,0.0039
images\._topaneu_center5_mr_454_0000.nii.gz,images,._topaneu_center5_mr_454_0000.nii.gz,.nii.gz,4096,4.0,0.0039
images\._topaneu_center5_mr_455_0000.nii.gz,images,._topaneu_center5_mr_455_0000.nii.gz,.nii.gz,4096,4.0,0.0039
images\._topaneu_center5_mr_457_0000.nii.gz,images,._topaneu_center5_mr_457_0000.nii.gz,.nii.gz,4096,4.0,0.0039
images\._topaneu_center5_mr_458_0000.nii.gz,images,._topaneu_center5_mr_458_0000.nii.gz,.nii.gz,4096,4.0,0.0039
images\._topaneu_center5_mr_459_0000.nii.gz,images,._topaneu_center5_mr_459_0000.nii.gz,.nii.gz,4096,4.0,0.0039
images\._topaneu_center5_mr_460_0000.nii.gz,images,._topaneu_center5_mr_460_0000.nii.gz,.nii.gz,4096,4.0,0.0039
images\._topaneu_center5_mr_461_0000.nii.gz,images,._topaneu_center5_mr_461_0000.nii.gz,.nii.gz,4096,4.0,0.0039
images\._topaneu_center5_mr_462_0000.nii.gz,images,._topaneu_center5_mr_462_0000.nii.gz,.nii.gz,4096,4.0,0.0039
images\._topaneu_center5_mr_464_0000.nii.gz,images,._topaneu_center5_mr_464_0000.nii.gz,.nii.gz,4096,4.0,0.0039
images\._topaneu_center5_mr_465_0000.nii.gz,images,._topaneu_center5_mr_465_0000.nii.gz,.nii.gz,4096,4.0,0.0039
images\._topaneu_center5_mr_466_0000.nii.gz,images,._topaneu_center5_mr_466_0000.nii.gz,.nii.gz,4096,4.0,0.0039
images\._topaneu_center5_mr_467_0000.nii.gz,images,._topaneu_center5_mr_467_0000.nii.gz,.nii.gz,4096,4.0,0.0039
images\._topaneu_center5_mr_469_0000.nii.gz,images,._topaneu_center5_mr_469_0000.nii.gz,.nii.gz,4096,4.0,0.0039
images\._topaneu_center5_mr_470_0000.nii.gz,images,._topaneu_center5_mr_470_0000.nii.gz,.nii.gz,4096,4.0,0.0039
images\._topaneu_center5_mr_471_0000.nii.gz,images,._topaneu_center5_mr_471_0000.nii.gz,.nii.gz,4096,4.0,0.0039
images\._topaneu_center5_mr_472_0000.nii.gz,images,._topaneu_center5_mr_472_0000.nii.gz,.nii.gz,4096,4.0,0.0039
images\._topaneu_center5_mr_473_0000.nii.gz,images,._topaneu_center5_mr_473_0000.nii.gz,.nii.gz,4096,4.0,0.0039
images\._topaneu_center5_mr_474_0000.nii.gz,images,._topaneu_center5_mr_474_0000.nii.gz,.nii.gz,4096,4.0,0.0039
images\._topaneu_center5_mr_475_0000.nii.gz,images,._topaneu_center5_mr_475_0000.nii.gz,.nii.gz,4096,4.0,0.0039
images\._topaneu_center5_mr_476_0000.nii.gz,images,._topaneu_center5_mr_476_0000.nii.gz,.nii.gz,4096,4.0,0.0039
images\._topaneu_center5_mr_478_0000.nii.gz,images,._topaneu_center5_mr_478_0000.nii.gz,.nii.gz,4096,4.0,0.0039
images\._topaneu_center5_mr_479_0000.nii.gz,images,._topaneu_center5_mr_479_0000.nii.gz,.nii.gz,4096,4.0,0.0039
images\._topaneu_center5_mr_480_0000.nii.gz,images,._topaneu_center5_mr_480_0000.nii.gz,.nii.gz,4096,4.0,0.0039
images\._topaneu_center5_mr_481_0000.nii.gz,images,._topaneu_center5_mr_481_0000.nii.gz,.nii.gz,4096,4.0,0.0039
images\._topaneu_center5_mr_484_0000.nii.gz,images,._topaneu_center5_mr_484_0000.nii.gz,.nii.gz,4096,4.0,0.0039
images\._topaneu_center5_mr_485_0000.nii.gz,images,._topaneu_center5_mr_485_0000.nii.gz,.nii.gz,4096,4.0,0.0039
images\._topaneu_center5_mr_486_0000.nii.gz,images,._topaneu_center5_mr_486_0000.nii.gz,.nii.gz,4096,4.0,0.0039
images\._topaneu_center5_mr_487_0000.nii.gz,images,._topaneu_center5_mr_487_0000.nii.gz,.nii.gz,4096,4.0,0.0039
images\._topaneu_center5_mr_488_0000.nii.gz,images,._topaneu_center5_mr_488_0000.nii.gz,.nii.gz,4096,4.0,0.0039
images\._topaneu_center5_mr_489_0000.nii.gz,images,._topaneu_center5_mr_489_0000.nii.gz,.nii.gz,4096,4.0,0.0039
images\._topaneu_center5_mr_490_0000.nii.gz,images,._topaneu_center5_mr_490_0000.nii.gz,.nii.gz,4096,4.0,0.0039
images\._topaneu_center5_mr_491_0000.nii.gz,images,._topaneu_center5_mr_491_0000.nii.gz,.nii.gz,4096,4.0,0.0039
images\._topaneu_center5_mr_492_0000.nii.gz,images,._topaneu_center5_mr_492_0000.nii.gz,.nii.gz,4096,4.0,0.0039
images\topaneu_center1_mr_001_0000.nii.gz,images,topaneu_center1_mr_001_0000.nii.gz,.nii.gz,36165090,35317.47,34.4897
images\topaneu_center1_mr_005_0000.nii.gz,images,topaneu_center1_mr_005_0000.nii.gz,.nii.gz,34383327,33577.47,32.7905
images\topaneu_center1_mr_016_0000.nii.gz,images,topaneu_center1_mr_016_0000.nii.gz,.nii.gz,36095545,35249.56,34.4234
images\topaneu_center1_mr_017_0000.nii.gz,images,topaneu_center1_mr_017_0000.nii.gz,.nii.gz,46282804,45198.05,44.1387
images\topaneu_center1_mr_018_0000.nii.gz,images,topaneu_center1_mr_018_0000.nii.gz,.nii.gz,39151084,38233.48,37.3374
images\topaneu_center1_mr_024_0000.nii.gz,images,topaneu_center1_mr_024_0000.nii.gz,.nii.gz,39771036,38838.9,37.9286
images\topaneu_center1_mr_028_0000.nii.gz,images,topaneu_center1_mr_028_0000.nii.gz,.nii.gz,36913706,36048.54,35.2037
images\topaneu_center1_mr_029_0000.nii.gz,images,topaneu_center1_mr_029_0000.nii.gz,.nii.gz,48767702,47624.71,46.5085
images\topaneu_center1_mr_033_0000.nii.gz,images,topaneu_center1_mr_033_0000.nii.gz,.nii.gz,73704846,71977.39,70.2904
images\topaneu_center1_mr_038_0000.nii.gz,images,topaneu_center1_mr_038_0000.nii.gz,.nii.gz,82294772,80365.99,78.4824
images\topaneu_center1_mr_049_0000.nii.gz,images,topaneu_center1_mr_049_0000.nii.gz,.nii.gz,37460958,36582.97,35.7256
images\topaneu_center1_mr_050_0000.nii.gz,images,topaneu_center1_mr_050_0000.nii.gz,.nii.gz,44149287,43114.54,42.104
images\topaneu_center1_mr_053_0000.nii.gz,images,topaneu_center1_mr_053_0000.nii.gz,.nii.gz,21660377,21152.71,20.6569
images\topaneu_center1_mr_056_0000.nii.gz,images,topaneu_center1_mr_056_0000.nii.gz,.nii.gz,49579946,48417.92,47.2831
images\topaneu_center1_mr_061_0000.nii.gz,images,topaneu_center1_mr_061_0000.nii.gz,.nii.gz,35737465,34899.87,34.0819
images\topaneu_center1_mr_064_0000.nii.gz,images,topaneu_center1_mr_064_0000.nii.gz,.nii.gz,38653736,37747.79,36.8631
images\topaneu_center1_mr_076_0000.nii.gz,images,topaneu_center1_mr_076_0000.nii.gz,.nii.gz,31871017,31124.04,30.3946
images\topaneu_center1_mr_085_0000.nii.gz,images,topaneu_center1_mr_085_0000.nii.gz,.nii.gz,69494186,67865.42,66.2748
images\topaneu_center1_mr_088_0000.nii.gz,images,topaneu_center1_mr_088_0000.nii.gz,.nii.gz,39326173,38404.47,37.5044
images\topaneu_center1_mr_092_0000.nii.gz,images,topaneu_center1_mr_092_0000.nii.gz,.nii.gz,34012336,33215.17,32.4367
images\topaneu_center1_mr_113_0000.nii.gz,images,topaneu_center1_mr_113_0000.nii.gz,.nii.gz,44886333,43834.31,42.8069
images\topaneu_center1_mr_119_0000.nii.gz,images,topaneu_center1_mr_119_0000.nii.gz,.nii.gz,29651970,28957.0,28.2783
images\topaneu_center1_mr_121_0000.nii.gz,images,topaneu_center1_mr_121_0000.nii.gz,.nii.gz,37993941,37103.46,36.2338
images\topaneu_center1_mr_129_0000.nii.gz,images,topaneu_center1_mr_129_0000.nii.gz,.nii.gz,43928218,42898.65,41.8932
images\topaneu_center1_mr_136_0000.nii.gz,images,topaneu_center1_mr_136_0000.nii.gz,.nii.gz,41183427,40218.19,39.2756
images\topaneu_center1_mr_138_0000.nii.gz,images,topaneu_center1_mr_138_0000.nii.gz,.nii.gz,37701753,36818.12,35.9552
images\topaneu_center1_mr_144_0000.nii.gz,images,topaneu_center1_mr_144_0000.nii.gz,.nii.gz,42570606,41572.86,40.5985
images\topaneu_center1_mr_147_0000.nii.gz,images,topaneu_center1_mr_147_0000.nii.gz,.nii.gz,35504657,34672.52,33.8599
images\topaneu_center1_mr_148_0000.nii.gz,images,topaneu_center1_mr_148_0000.nii.gz,.nii.gz,37554837,36674.65,35.8151
images\topaneu_center1_mr_149_0000.nii.gz,images,topaneu_center1_mr_149_0000.nii.gz,.nii.gz,38464392,37562.88,36.6825
images\topaneu_center1_mr_157_0000.nii.gz,images,topaneu_center1_mr_157_0000.nii.gz,.nii.gz,35887300,35046.19,34.2248
images\topaneu_center1_mr_173_0000.nii.gz,images,topaneu_center1_mr_173_0000.nii.gz,.nii.gz,36845605,35982.04,35.1387
images\topaneu_center1_mr_177_0000.nii.gz,images,topaneu_center1_mr_177_0000.nii.gz,.nii.gz,48860372,47715.21,46.5969
images\topaneu_center1_mr_178_0000.nii.gz,images,topaneu_center1_mr_178_0000.nii.gz,.nii.gz,42815145,41811.67,40.8317
images\topaneu_center1_mr_184_0000.nii.gz,images,topaneu_center1_mr_184_0000.nii.gz,.nii.gz,51539077,50331.13,49.1515
images\topaneu_center1_mr_188_0000.nii.gz,images,topaneu_center1_mr_188_0000.nii.gz,.nii.gz,36847176,35983.57,35.1402
images\topaneu_center1_mr_189_0000.nii.gz,images,topaneu_center1_mr_189_0000.nii.gz,.nii.gz,91921559,89767.15,87.6632
images\topaneu_center1_mr_191_0000.nii.gz,images,topaneu_center1_mr_191_0000.nii.gz,.nii.gz,69301403,67677.15,66.091
images\topaneu_center1_mr_193_0000.nii.gz,images,topaneu_center1_mr_193_0000.nii.gz,.nii.gz,23752659,23195.96,22.6523
images\topaneu_center1_mr_195_0000.nii.gz,images,topaneu_center1_mr_195_0000.nii.gz,.nii.gz,38690845,37784.03,36.8985
images\topaneu_center1_mr_198_0000.nii.gz,images,topaneu_center1_mr_198_0000.nii.gz,.nii.gz,36103859,35257.67,34.4313
images\topaneu_center1_mr_200_0000.nii.gz,images,topaneu_center1_mr_200_0000.nii.gz,.nii.gz,83188353,81238.63,79.3346
images\topaneu_center1_mr_202_0000.nii.gz,images,topaneu_center1_mr_202_0000.nii.gz,.nii.gz,33153048,32376.02,31.6172
images\topaneu_center1_mr_210_0000.nii.gz,images,topaneu_center1_mr_210_0000.nii.gz,.nii.gz,45932708,44856.16,43.8048
images\topaneu_center1_mr_211_0000.nii.gz,images,topaneu_center1_mr_211_0000.nii.gz,.nii.gz,40962809,40002.74,39.0652
images\topaneu_center1_mr_213_0000.nii.gz,images,topaneu_center1_mr_213_0000.nii.gz,.nii.gz,48279720,47148.16,46.0431
images\topaneu_center1_mr_221_0000.nii.gz,images,topaneu_center1_mr_221_0000.nii.gz,.nii.gz,39051554,38136.28,37.2425
images\topaneu_center1_mr_229_0000.nii.gz,images,topaneu_center1_mr_229_0000.nii.gz,.nii.gz,36924967,36059.54,35.2144
images\topaneu_center1_mr_241_0000.nii.gz,images,topaneu_center1_mr_241_0000.nii.gz,.nii.gz,45819129,44745.24,43.6965
images\topaneu_center1_mr_247_0000.nii.gz,images,topaneu_center1_mr_247_0000.nii.gz,.nii.gz,41722360,40744.49,39.7895
images\topaneu_center1_mr_251_0000.nii.gz,images,topaneu_center1_mr_251_0000.nii.gz,.nii.gz,98328848,96024.27,93.7737
images\topaneu_center1_mr_262_0000.nii.gz,images,topaneu_center1_mr_262_0000.nii.gz,.nii.gz,73706927,71979.42,70.2924
images\topaneu_center1_mr_264_0000.nii.gz,images,topaneu_center1_mr_264_0000.nii.gz,.nii.gz,40563964,39613.25,38.6848
images\topaneu_center1_mr_282_0000.nii.gz,images,topaneu_center1_mr_282_0000.nii.gz,.nii.gz,47058215,45955.29,44.8782
images\topaneu_center1_mr_287_0000.nii.gz,images,topaneu_center1_mr_287_0000.nii.gz,.nii.gz,39016847,38102.39,37.2094
images\topaneu_center1_mr_290_0000.nii.gz,images,topaneu_center1_mr_290_0000.nii.gz,.nii.gz,29864006,29164.07,28.4805
images\topaneu_center1_mr_298_0000.nii.gz,images,topaneu_center1_mr_298_0000.nii.gz,.nii.gz,62338744,60877.68,59.4509
images\topaneu_center1_mr_299_0000.nii.gz,images,topaneu_center1_mr_299_0000.nii.gz,.nii.gz,42479540,41483.93,40.5116
images\topaneu_center1_mr_301_0000.nii.gz,images,topaneu_center1_mr_301_0000.nii.gz,.nii.gz,61876500,60426.27,59.01
images\topaneu_center1_mr_302_0000.nii.gz,images,topaneu_center1_mr_302_0000.nii.gz,.nii.gz,83377656,81423.49,79.5151
images\topaneu_center1_mr_308_0000.nii.gz,images,topaneu_center1_mr_308_0000.nii.gz,.nii.gz,71148733,69481.18,67.8527
images\topaneu_center1_mr_311_0000.nii.gz,images,topaneu_center1_mr_311_0000.nii.gz,.nii.gz,38179287,37284.46,36.4106
images\topaneu_center1_mr_316_0000.nii.gz,images,topaneu_center1_mr_316_0000.nii.gz,.nii.gz,40262451,39318.8,38.3973
images\topaneu_center1_mr_325_0000.nii.gz,images,topaneu_center1_mr_325_0000.nii.gz,.nii.gz,46119773,45038.84,43.9832
images\topaneu_center1_mr_327_0000.nii.gz,images,topaneu_center1_mr_327_0000.nii.gz,.nii.gz,45340976,44278.3,43.2405
images\topaneu_center1_mr_330_0000.nii.gz,images,topaneu_center1_mr_330_0000.nii.gz,.nii.gz,31009275,30282.5,29.5727
images\topaneu_center1_mr_334_0000.nii.gz,images,topaneu_center1_mr_334_0000.nii.gz,.nii.gz,35501784,34669.71,33.8571
images\topaneu_center1_mr_336_0000.nii.gz,images,topaneu_center1_mr_336_0000.nii.gz,.nii.gz,50049368,48876.34,47.7308
images\topaneu_center1_mr_342_0000.nii.gz,images,topaneu_center1_mr_342_0000.nii.gz,.nii.gz,85507651,83503.57,81.5465
images\topaneu_center1_mr_349_0000.nii.gz,images,topaneu_center1_mr_349_0000.nii.gz,.nii.gz,44368370,43328.49,42.313
images\topaneu_center1_mr_350_0000.nii.gz,images,topaneu_center1_mr_350_0000.nii.gz,.nii.gz,31527956,30789.02,30.0674
images\topaneu_center1_mr_354_0000.nii.gz,images,topaneu_center1_mr_354_0000.nii.gz,.nii.gz,43991087,42960.05,41.9532
images\topaneu_center1_mr_359_0000.nii.gz,images,topaneu_center1_mr_359_0000.nii.gz,.nii.gz,33599454,32811.97,32.0429
images\topaneu_center1_mr_364_0000.nii.gz,images,topaneu_center1_mr_364_0000.nii.gz,.nii.gz,33590507,32803.23,32.0344
images\topaneu_center1_mr_365_0000.nii.gz,images,topaneu_center1_mr_365_0000.nii.gz,.nii.gz,38492255,37590.09,36.7091
images\topaneu_center1_mr_374_0000.nii.gz,images,topaneu_center1_mr_374_0000.nii.gz,.nii.gz,49610545,48447.8,47.3123
images\topaneu_center1_mr_386_0000.nii.gz,images,topaneu_center1_mr_386_0000.nii.gz,.nii.gz,37675202,36792.19,35.9299
images\topaneu_center1_mr_393_0000.nii.gz,images,topaneu_center1_mr_393_0000.nii.gz,.nii.gz,38555699,37652.05,36.7696
images\topaneu_center1_mr_396_0000.nii.gz,images,topaneu_center1_mr_396_0000.nii.gz,.nii.gz,21567321,21061.84,20.5682
images\topaneu_center1_mr_398_0000.nii.gz,images,topaneu_center1_mr_398_0000.nii.gz,.nii.gz,42636062,41636.78,40.6609
images\topaneu_center1_mr_401_0000.nii.gz,images,topaneu_center1_mr_401_0000.nii.gz,.nii.gz,68627014,67018.57,65.4478
images\topaneu_center1_mr_411_0000.nii.gz,images,topaneu_center1_mr_411_0000.nii.gz,.nii.gz,74666104,72916.12,71.2071
images\topaneu_center1_mr_414_0000.nii.gz,images,topaneu_center1_mr_414_0000.nii.gz,.nii.gz,36897668,36032.88,35.1884
images\topaneu_center1_mr_419_0000.nii.gz,images,topaneu_center1_mr_419_0000.nii.gz,.nii.gz,85674953,83666.95,81.706
images\topaneu_center1_mr_428_0000.nii.gz,images,topaneu_center1_mr_428_0000.nii.gz,.nii.gz,47468865,46356.31,45.2698
images\topaneu_center1_mr_436_0000.nii.gz,images,topaneu_center1_mr_436_0000.nii.gz,.nii.gz,26445185,25825.38,25.2201
images\topaneu_center1_mr_439_0000.nii.gz,images,topaneu_center1_mr_439_0000.nii.gz,.nii.gz,35768682,34930.35,34.1117
images\topaneu_center1_mr_443_0000.nii.gz,images,topaneu_center1_mr_443_0000.nii.gz,.nii.gz,20801968,20314.42,19.8383
images\topaneu_center1_mr_463_0000.nii.gz,images,topaneu_center1_mr_463_0000.nii.gz,.nii.gz,55798558,54490.78,53.2137
images\topaneu_center1_mr_474_0000.nii.gz,images,topaneu_center1_mr_474_0000.nii.gz,.nii.gz,37071262,36202.4,35.3539
images\topaneu_center1_mr_477_0000.nii.gz,images,topaneu_center1_mr_477_0000.nii.gz,.nii.gz,36980174,36113.45,35.267
images\topaneu_center1_mr_483_0000.nii.gz,images,topaneu_center1_mr_483_0000.nii.gz,.nii.gz,39157277,38239.53,37.3433
images\topaneu_center1_mr_489_0000.nii.gz,images,topaneu_center1_mr_489_0000.nii.gz,.nii.gz,71610401,69932.03,68.293
images\topaneu_center1_mr_490_0000.nii.gz,images,topaneu_center1_mr_490_0000.nii.gz,.nii.gz,34636449,33824.66,33.0319
images\topaneu_center1_mr_494_0000.nii.gz,images,topaneu_center1_mr_494_0000.nii.gz,.nii.gz,31706066,30962.96,30.2373
images\topaneu_center1_mr_496_0000.nii.gz,images,topaneu_center1_mr_496_0000.nii.gz,.nii.gz,39104093,38187.59,37.2926
images\topaneu_center1_mr_499_0000.nii.gz,images,topaneu_center1_mr_499_0000.nii.gz,.nii.gz,44181454,43145.95,42.1347
images\topaneu_center1_mr_501_0000.nii.gz,images,topaneu_center1_mr_501_0000.nii.gz,.nii.gz,46566748,45475.34,44.4095
images\topaneu_center1_mr_509_0000.nii.gz,images,topaneu_center1_mr_509_0000.nii.gz,.nii.gz,45901240,44825.43,43.7748
images\topaneu_center1_mr_516_0000.nii.gz,images,topaneu_center1_mr_516_0000.nii.gz,.nii.gz,33832391,33039.44,32.2651
images\topaneu_center1_mr_522_0000.nii.gz,images,topaneu_center1_mr_522_0000.nii.gz,.nii.gz,43164645,42152.97,41.165
images\topaneu_center1_mr_523_0000.nii.gz,images,topaneu_center1_mr_523_0000.nii.gz,.nii.gz,52314100,51087.99,49.8906
images\topaneu_center1_mr_525_0000.nii.gz,images,topaneu_center1_mr_525_0000.nii.gz,.nii.gz,83034475,81088.35,79.1878
images\topaneu_center1_mr_527_0000.nii.gz,images,topaneu_center1_mr_527_0000.nii.gz,.nii.gz,42968845,41961.76,40.9783
images\topaneu_center1_mr_528_0000.nii.gz,images,topaneu_center1_mr_528_0000.nii.gz,.nii.gz,44366320,43326.48,42.311
images\topaneu_center1_mr_538_0000.nii.gz,images,topaneu_center1_mr_538_0000.nii.gz,.nii.gz,43718253,42693.61,41.693
images\topaneu_center1_mr_554_0000.nii.gz,images,topaneu_center1_mr_554_0000.nii.gz,.nii.gz,35780729,34942.12,34.1232
images\topaneu_center1_mr_560_0000.nii.gz,images,topaneu_center1_mr_560_0000.nii.gz,.nii.gz,38129740,37236.07,36.3634
images\topaneu_center1_mr_561_0000.nii.gz,images,topaneu_center1_mr_561_0000.nii.gz,.nii.gz,71087641,69421.52,67.7945
images\topaneu_center1_mr_572_0000.nii.gz,images,topaneu_center1_mr_572_0000.nii.gz,.nii.gz,34427817,33620.92,32.8329
images\topaneu_center1_mr_577_0000.nii.gz,images,topaneu_center1_mr_577_0000.nii.gz,.nii.gz,49584184,48422.05,47.2872
images\topaneu_center1_mr_581_0000.nii.gz,images,topaneu_center1_mr_581_0000.nii.gz,.nii.gz,38841750,37931.4,37.0424
images\topaneu_center1_mr_585_0000.nii.gz,images,topaneu_center1_mr_585_0000.nii.gz,.nii.gz,46500500,45410.64,44.3463
images\topaneu_center1_mr_586_0000.nii.gz,images,topaneu_center1_mr_586_0000.nii.gz,.nii.gz,41306453,40338.33,39.3929
images\topaneu_center1_mr_596_0000.nii.gz,images,topaneu_center1_mr_596_0000.nii.gz,.nii.gz,42974555,41967.34,40.9837
images\topaneu_center1_mr_605_0000.nii.gz,images,topaneu_center1_mr_605_0000.nii.gz,.nii.gz,62097478,60642.07,59.2208
images\topaneu_center1_mr_607_0000.nii.gz,images,topaneu_center1_mr_607_0000.nii.gz,.nii.gz,40684193,39730.66,38.7995
images\topaneu_center1_mr_612_0000.nii.gz,images,topaneu_center1_mr_612_0000.nii.gz,.nii.gz,61519373,60077.51,58.6694
images\topaneu_center1_mr_614_0000.nii.gz,images,topaneu_center1_mr_614_0000.nii.gz,.nii.gz,44003818,42972.48,41.9653
images\topaneu_center1_mr_615_0000.nii.gz,images,topaneu_center1_mr_615_0000.nii.gz,.nii.gz,43473797,42454.88,41.4598
images\topaneu_center1_mr_625_0000.nii.gz,images,topaneu_center1_mr_625_0000.nii.gz,.nii.gz,90814878,88686.4,86.6078
images\topaneu_center1_mr_626_0000.nii.gz,images,topaneu_center1_mr_626_0000.nii.gz,.nii.gz,71296491,69625.48,67.9936
images\topaneu_center1_mr_630_0000.nii.gz,images,topaneu_center1_mr_630_0000.nii.gz,.nii.gz,45146743,44088.62,43.0553
images\topaneu_center1_mr_631_0000.nii.gz,images,topaneu_center1_mr_631_0000.nii.gz,.nii.gz,37035182,36167.17,35.3195
images\topaneu_center1_mr_637_0000.nii.gz,images,topaneu_center1_mr_637_0000.nii.gz,.nii.gz,47848488,46727.04,45.6319
images\topaneu_center1_mr_638_0000.nii.gz,images,topaneu_center1_mr_638_0000.nii.gz,.nii.gz,46415421,45327.56,44.2652
images\topaneu_center1_mr_647_0000.nii.gz,images,topaneu_center1_mr_647_0000.nii.gz,.nii.gz,41686125,40709.11,39.755
images\topaneu_center1_mr_653_0000.nii.gz,images,topaneu_center1_mr_653_0000.nii.gz,.nii.gz,37518535,36639.19,35.7805
images\topaneu_center1_mr_660_0000.nii.gz,images,topaneu_center1_mr_660_0000.nii.gz,.nii.gz,37066157,36197.42,35.349
images\topaneu_center1_mr_664_0000.nii.gz,images,topaneu_center1_mr_664_0000.nii.gz,.nii.gz,45839110,44764.76,43.7156
images\topaneu_center1_mr_670_0000.nii.gz,images,topaneu_center1_mr_670_0000.nii.gz,.nii.gz,43546037,42525.43,41.5287
images\topaneu_center1_mr_681_0000.nii.gz,images,topaneu_center1_mr_681_0000.nii.gz,.nii.gz,35863607,35023.05,34.2022
images\topaneu_center1_mr_682_0000.nii.gz,images,topaneu_center1_mr_682_0000.nii.gz,.nii.gz,52713707,51478.23,50.2717
images\topaneu_center1_mr_693_0000.nii.gz,images,topaneu_center1_mr_693_0000.nii.gz,.nii.gz,91448785,89305.45,87.2124
images\topaneu_center1_mr_694_0000.nii.gz,images,topaneu_center1_mr_694_0000.nii.gz,.nii.gz,34302285,33498.33,32.7132
images\topaneu_center1_mr_697_0000.nii.gz,images,topaneu_center1_mr_697_0000.nii.gz,.nii.gz,34641589,33829.68,33.0368
images\topaneu_center1_mr_702_0000.nii.gz,images,topaneu_center1_mr_702_0000.nii.gz,.nii.gz,41641955,40665.97,39.7129
images\topaneu_center1_mr_713_0000.nii.gz,images,topaneu_center1_mr_713_0000.nii.gz,.nii.gz,40850129,39892.7,38.9577
images\topaneu_center1_mr_720_0000.nii.gz,images,topaneu_center1_mr_720_0000.nii.gz,.nii.gz,21426063,20923.89,20.4335
images\topaneu_center1_mr_727_0000.nii.gz,images,topaneu_center1_mr_727_0000.nii.gz,.nii.gz,33406218,32623.26,31.8587
images\topaneu_center1_mr_729_0000.nii.gz,images,topaneu_center1_mr_729_0000.nii.gz,.nii.gz,37933712,37044.64,36.1764
images\topaneu_center1_mr_731_0000.nii.gz,images,topaneu_center1_mr_731_0000.nii.gz,.nii.gz,39752453,38820.75,37.9109
images\topaneu_center1_mr_732_0000.nii.gz,images,topaneu_center1_mr_732_0000.nii.gz,.nii.gz,50972151,49777.49,48.6108
images\topaneu_center1_mr_740_0000.nii.gz,images,topaneu_center1_mr_740_0000.nii.gz,.nii.gz,37681475,36798.32,35.9359
images\topaneu_center1_mr_741_0000.nii.gz,images,topaneu_center1_mr_741_0000.nii.gz,.nii.gz,82553318,80618.47,78.729
images\topaneu_center1_mr_742_0000.nii.gz,images,topaneu_center1_mr_742_0000.nii.gz,.nii.gz,34473473,33665.5,32.8765
images\topaneu_center1_mr_744_0000.nii.gz,images,topaneu_center1_mr_744_0000.nii.gz,.nii.gz,39455696,38530.95,37.6279
images\topaneu_center1_mr_750_0000.nii.gz,images,topaneu_center1_mr_750_0000.nii.gz,.nii.gz,38291296,37393.84,36.5174
images\topaneu_center1_mr_760_0000.nii.gz,images,topaneu_center1_mr_760_0000.nii.gz,.nii.gz,56406407,55084.38,53.7933
images\topaneu_center1_mr_763_0000.nii.gz,images,topaneu_center1_mr_763_0000.nii.gz,.nii.gz,35975965,35132.78,34.3094
images\topaneu_center1_mr_765_0000.nii.gz,images,topaneu_center1_mr_765_0000.nii.gz,.nii.gz,42308982,41317.37,40.349
images\topaneu_center1_mr_770_0000.nii.gz,images,topaneu_center1_mr_770_0000.nii.gz,.nii.gz,43715640,42691.05,41.6905
images\topaneu_center1_mr_772_0000.nii.gz,images,topaneu_center1_mr_772_0000.nii.gz,.nii.gz,43142796,42131.64,41.1442
images\topaneu_center1_mr_774_0000.nii.gz,images,topaneu_center1_mr_774_0000.nii.gz,.nii.gz,33858830,33065.26,32.2903
images\topaneu_center1_mr_775_0000.nii.gz,images,topaneu_center1_mr_775_0000.nii.gz,.nii.gz,39681854,38751.81,37.8436
images\topaneu_center1_mr_776_0000.nii.gz,images,topaneu_center1_mr_776_0000.nii.gz,.nii.gz,69339394,67714.25,66.1272
images\topaneu_center1_mr_788_0000.nii.gz,images,topaneu_center1_mr_788_0000.nii.gz,.nii.gz,32707415,31940.83,31.1922
images\topaneu_center1_mr_789_0000.nii.gz,images,topaneu_center1_mr_789_0000.nii.gz,.nii.gz,41923832,40941.24,39.9817
images\topaneu_center1_mr_790_0000.nii.gz,images,topaneu_center1_mr_790_0000.nii.gz,.nii.gz,46138166,45056.8,44.0008
images\topaneu_center1_mr_792_0000.nii.gz,images,topaneu_center1_mr_792_0000.nii.gz,.nii.gz,77127005,75319.34,73.554
images\topaneu_center1_mr_795_0000.nii.gz,images,topaneu_center1_mr_795_0000.nii.gz,.nii.gz,107879323,105350.9,102.8817
images\topaneu_center1_mr_797_0000.nii.gz,images,topaneu_center1_mr_797_0000.nii.gz,.nii.gz,40819447,39862.74,38.9285
images\topaneu_center1_mr_800_0000.nii.gz,images,topaneu_center1_mr_800_0000.nii.gz,.nii.gz,45661787,44591.59,43.5465
images\topaneu_center1_mr_804_0000.nii.gz,images,topaneu_center1_mr_804_0000.nii.gz,.nii.gz,37057193,36188.67,35.3405
images\topaneu_center1_mr_807_0000.nii.gz,images,topaneu_center1_mr_807_0000.nii.gz,.nii.gz,41343850,40374.85,39.4286
images\topaneu_center1_mr_810_0000.nii.gz,images,topaneu_center1_mr_810_0000.nii.gz,.nii.gz,21500907,20996.98,20.5049
images\topaneu_center1_mr_816_0000.nii.gz,images,topaneu_center1_mr_816_0000.nii.gz,.nii.gz,35623183,34788.26,33.9729
images\topaneu_center1_mr_819_0000.nii.gz,images,topaneu_center1_mr_819_0000.nii.gz,.nii.gz,40509716,39560.27,38.6331
images\topaneu_center1_mr_823_0000.nii.gz,images,topaneu_center1_mr_823_0000.nii.gz,.nii.gz,49611152,48448.39,47.3129
images\topaneu_center1_mr_840_0000.nii.gz,images,topaneu_center1_mr_840_0000.nii.gz,.nii.gz,45742008,44669.93,43.623
images\topaneu_center1_mr_842_0000.nii.gz,images,topaneu_center1_mr_842_0000.nii.gz,.nii.gz,40612306,39660.46,38.7309
images\topaneu_center1_mr_848_0000.nii.gz,images,topaneu_center1_mr_848_0000.nii.gz,.nii.gz,74525228,72778.54,71.0728
images\topaneu_center1_mr_850_0000.nii.gz,images,topaneu_center1_mr_850_0000.nii.gz,.nii.gz,41198470,40232.88,39.2899
images\topaneu_center1_mr_871_0000.nii.gz,images,topaneu_center1_mr_871_0000.nii.gz,.nii.gz,106751567,104249.58,101.8062
images\topaneu_center1_mr_877_0000.nii.gz,images,topaneu_center1_mr_877_0000.nii.gz,.nii.gz,43204034,42191.44,41.2026
images\topaneu_center1_mr_891_0000.nii.gz,images,topaneu_center1_mr_891_0000.nii.gz,.nii.gz,49474147,48314.6,47.1822
images\topaneu_center1_mr_892_0000.nii.gz,images,topaneu_center1_mr_892_0000.nii.gz,.nii.gz,37392562,36516.17,35.6603
images\topaneu_center1_mr_895_0000.nii.gz,images,topaneu_center1_mr_895_0000.nii.gz,.nii.gz,83846051,81880.91,79.9618
images\topaneu_center1_mr_896_0000.nii.gz,images,topaneu_center1_mr_896_0000.nii.gz,.nii.gz,39657531,38728.06,37.8204
images\topaneu_center1_mr_902_0000.nii.gz,images,topaneu_center1_mr_902_0000.nii.gz,.nii.gz,52218804,50994.93,49.7997
images\topaneu_center1_mr_909_0000.nii.gz,images,topaneu_center1_mr_909_0000.nii.gz,.nii.gz,38730591,37822.84,36.9364
images\topaneu_center1_mr_910_0000.nii.gz,images,topaneu_center1_mr_910_0000.nii.gz,.nii.gz,41140433,40176.2,39.2346
images\topaneu_center1_mr_911_0000.nii.gz,images,topaneu_center1_mr_911_0000.nii.gz,.nii.gz,41433101,40462.01,39.5137
images\topaneu_center1_mr_917_0000.nii.gz,images,topaneu_center1_mr_917_0000.nii.gz,.nii.gz,30934518,30209.49,29.5015
images\topaneu_center1_mr_920_0000.nii.gz,images,topaneu_center1_mr_920_0000.nii.gz,.nii.gz,60966620,59537.71,58.1423
images\topaneu_center1_mr_921_0000.nii.gz,images,topaneu_center1_mr_921_0000.nii.gz,.nii.gz,37802207,36916.22,36.051
images\topaneu_center1_mr_922_0000.nii.gz,images,topaneu_center1_mr_922_0000.nii.gz,.nii.gz,32366946,31608.35,30.8675
images\topaneu_center1_mr_924_0000.nii.gz,images,topaneu_center1_mr_924_0000.nii.gz,.nii.gz,44785725,43736.06,42.711
images\topaneu_center1_mr_926_0000.nii.gz,images,topaneu_center1_mr_926_0000.nii.gz,.nii.gz,30801887,30079.97,29.375
images\topaneu_center1_mr_928_0000.nii.gz,images,topaneu_center1_mr_928_0000.nii.gz,.nii.gz,71952650,70266.26,68.6194
images\topaneu_center1_mr_939_0000.nii.gz,images,topaneu_center1_mr_939_0000.nii.gz,.nii.gz,40895265,39936.78,39.0008
images\topaneu_center1_mr_940_0000.nii.gz,images,topaneu_center1_mr_940_0000.nii.gz,.nii.gz,46143750,45062.26,44.0061
images\topaneu_center1_mr_942_0000.nii.gz,images,topaneu_center1_mr_942_0000.nii.gz,.nii.gz,45110644,44053.36,43.0209
images\topaneu_center1_mr_944_0000.nii.gz,images,topaneu_center1_mr_944_0000.nii.gz,.nii.gz,41226487,40260.24,39.3166
images\topaneu_center1_mr_959_0000.nii.gz,images,topaneu_center1_mr_959_0000.nii.gz,.nii.gz,36440656,35586.58,34.7525
images\topaneu_center1_mr_961_0000.nii.gz,images,topaneu_center1_mr_961_0000.nii.gz,.nii.gz,38896032,37984.41,37.0941
images\topaneu_center1_mr_975_0000.nii.gz,images,topaneu_center1_mr_975_0000.nii.gz,.nii.gz,39020759,38106.21,37.2131
images\topaneu_center1_mr_981_0000.nii.gz,images,topaneu_center1_mr_981_0000.nii.gz,.nii.gz,37836423,36949.63,36.0836
images\topaneu_center1_mr_991_0000.nii.gz,images,topaneu_center1_mr_991_0000.nii.gz,.nii.gz,85237097,83239.35,81.2884
images\topaneu_center2_ct_105_0000.nii.gz,images,topaneu_center2_ct_105_0000.nii.gz,.nii.gz,29263462,28577.6,27.9078
images\topaneu_center2_ct_107_0000.nii.gz,images,topaneu_center2_ct_107_0000.nii.gz,.nii.gz,26000868,25391.47,24.7964
images\topaneu_center2_ct_108_0000.nii.gz,images,topaneu_center2_ct_108_0000.nii.gz,.nii.gz,31049656,30321.93,29.6113
images\topaneu_center2_ct_109_0000.nii.gz,images,topaneu_center2_ct_109_0000.nii.gz,.nii.gz,17999440,17577.58,17.1656
images\topaneu_center2_ct_112_0000.nii.gz,images,topaneu_center2_ct_112_0000.nii.gz,.nii.gz,19590548,19131.39,18.683
images\topaneu_center2_ct_113_0000.nii.gz,images,topaneu_center2_ct_113_0000.nii.gz,.nii.gz,27135266,26499.28,25.8782
images\topaneu_center2_ct_118_0000.nii.gz,images,topaneu_center2_ct_118_0000.nii.gz,.nii.gz,29058900,28377.83,27.7127
images\topaneu_center2_ct_119_0000.nii.gz,images,topaneu_center2_ct_119_0000.nii.gz,.nii.gz,29206746,28522.21,27.8537
images\topaneu_center2_ct_120_0000.nii.gz,images,topaneu_center2_ct_120_0000.nii.gz,.nii.gz,30265898,29556.54,28.8638
images\topaneu_center2_ct_125_0000.nii.gz,images,topaneu_center2_ct_125_0000.nii.gz,.nii.gz,31151566,30421.45,29.7084
images\topaneu_center2_ct_126_0000.nii.gz,images,topaneu_center2_ct_126_0000.nii.gz,.nii.gz,13575746,13257.56,12.9468
images\topaneu_center2_ct_127_0000.nii.gz,images,topaneu_center2_ct_127_0000.nii.gz,.nii.gz,25470188,24873.23,24.2903
images\topaneu_center2_ct_128_0000.nii.gz,images,topaneu_center2_ct_128_0000.nii.gz,.nii.gz,22648372,22117.55,21.5992
images\topaneu_center2_ct_130_0000.nii.gz,images,topaneu_center2_ct_130_0000.nii.gz,.nii.gz,23375650,22827.78,22.2928
images\topaneu_center2_ct_134_0000.nii.gz,images,topaneu_center2_ct_134_0000.nii.gz,.nii.gz,17779844,17363.13,16.9562
images\topaneu_center2_ct_137_0000.nii.gz,images,topaneu_center2_ct_137_0000.nii.gz,.nii.gz,33048096,32273.53,31.5171
images\topaneu_center2_ct_138_0000.nii.gz,images,topaneu_center2_ct_138_0000.nii.gz,.nii.gz,35771281,34932.89,34.1142
images\topaneu_center2_ct_141_0000.nii.gz,images,topaneu_center2_ct_141_0000.nii.gz,.nii.gz,81077514,79177.26,77.3215
images\topaneu_center2_ct_142_0000.nii.gz,images,topaneu_center2_ct_142_0000.nii.gz,.nii.gz,35494857,34662.95,33.8505
images\topaneu_center2_ct_144_0000.nii.gz,images,topaneu_center2_ct_144_0000.nii.gz,.nii.gz,42122255,41135.01,40.1709
images\topaneu_center2_ct_147_0000.nii.gz,images,topaneu_center2_ct_147_0000.nii.gz,.nii.gz,50321481,49142.07,47.9903
images\topaneu_center2_ct_150_0000.nii.gz,images,topaneu_center2_ct_150_0000.nii.gz,.nii.gz,33468812,32684.39,31.9183
images\topaneu_center2_ct_154_0000.nii.gz,images,topaneu_center2_ct_154_0000.nii.gz,.nii.gz,85832269,83820.58,81.856
images\topaneu_center2_ct_156_0000.nii.gz,images,topaneu_center2_ct_156_0000.nii.gz,.nii.gz,24085640,23521.13,22.9699
images\topaneu_center2_ct_160_0000.nii.gz,images,topaneu_center2_ct_160_0000.nii.gz,.nii.gz,26098944,25487.25,24.8899
images\topaneu_center2_ct_161_0000.nii.gz,images,topaneu_center2_ct_161_0000.nii.gz,.nii.gz,27568838,26922.69,26.2917
images\topaneu_center2_ct_162_0000.nii.gz,images,topaneu_center2_ct_162_0000.nii.gz,.nii.gz,21130982,20635.72,20.1521
images\topaneu_center2_ct_163_0000.nii.gz,images,topaneu_center2_ct_163_0000.nii.gz,.nii.gz,23279433,22733.82,22.201
images\topaneu_center2_ct_164_0000.nii.gz,images,topaneu_center2_ct_164_0000.nii.gz,.nii.gz,25278131,24685.67,24.1071
images\topaneu_center2_ct_165_0000.nii.gz,images,topaneu_center2_ct_165_0000.nii.gz,.nii.gz,20296736,19821.03,19.3565
images\topaneu_center2_ct_166_0000.nii.gz,images,topaneu_center2_ct_166_0000.nii.gz,.nii.gz,27097604,26462.5,25.8423
images\topaneu_center2_ct_167_0000.nii.gz,images,topaneu_center2_ct_167_0000.nii.gz,.nii.gz,19861801,19396.29,18.9417
images\topaneu_center2_ct_169_0000.nii.gz,images,topaneu_center2_ct_169_0000.nii.gz,.nii.gz,37336034,36460.97,35.6064
images\topaneu_center2_ct_170_0000.nii.gz,images,topaneu_center2_ct_170_0000.nii.gz,.nii.gz,35196990,34372.06,33.5665
images\topaneu_center2_ct_171_0000.nii.gz,images,topaneu_center2_ct_171_0000.nii.gz,.nii.gz,24447192,23874.21,23.3147
images\topaneu_center2_ct_172_0000.nii.gz,images,topaneu_center2_ct_172_0000.nii.gz,.nii.gz,31007831,30281.08,29.5714
images\topaneu_center2_ct_173_0000.nii.gz,images,topaneu_center2_ct_173_0000.nii.gz,.nii.gz,28914833,28237.14,27.5753
images\topaneu_center2_ct_174_0000.nii.gz,images,topaneu_center2_ct_174_0000.nii.gz,.nii.gz,19146628,18697.88,18.2596
images\topaneu_center2_ct_175_0000.nii.gz,images,topaneu_center2_ct_175_0000.nii.gz,.nii.gz,30080995,29375.97,28.6875
images\topaneu_center2_ct_184_0000.nii.gz,images,topaneu_center2_ct_184_0000.nii.gz,.nii.gz,33994919,33198.16,32.4201
images\topaneu_center2_ct_189_0000.nii.gz,images,topaneu_center2_ct_189_0000.nii.gz,.nii.gz,31927377,31179.08,30.4483
images\topaneu_center2_ct_190_0000.nii.gz,images,topaneu_center2_ct_190_0000.nii.gz,.nii.gz,24121513,23556.17,23.0041
images\topaneu_center2_ct_191_0000.nii.gz,images,topaneu_center2_ct_191_0000.nii.gz,.nii.gz,34061205,33262.9,32.4833
images\topaneu_center2_ct_192_0000.nii.gz,images,topaneu_center2_ct_192_0000.nii.gz,.nii.gz,69973757,68333.75,66.7322
images\topaneu_center2_ct_193_0000.nii.gz,images,topaneu_center2_ct_193_0000.nii.gz,.nii.gz,76677388,74880.26,73.1253
images\topaneu_center2_ct_196_0000.nii.gz,images,topaneu_center2_ct_196_0000.nii.gz,.nii.gz,29987120,29284.3,28.5979
images\topaneu_center2_ct_197_0000.nii.gz,images,topaneu_center2_ct_197_0000.nii.gz,.nii.gz,28639277,27968.04,27.3125
images\topaneu_center2_mr_002_0000.nii.gz,images,topaneu_center2_mr_002_0000.nii.gz,.nii.gz,42614705,41615.92,40.6405
images\topaneu_center2_mr_004_0000.nii.gz,images,topaneu_center2_mr_004_0000.nii.gz,.nii.gz,36337129,35485.48,34.6538
images\topaneu_center2_mr_007_0000.nii.gz,images,topaneu_center2_mr_007_0000.nii.gz,.nii.gz,38701812,37794.74,36.9089
images\topaneu_center2_mr_010_0000.nii.gz,images,topaneu_center2_mr_010_0000.nii.gz,.nii.gz,36950498,36084.47,35.2387
images\topaneu_center2_mr_011_0000.nii.gz,images,topaneu_center2_mr_011_0000.nii.gz,.nii.gz,24763325,24182.93,23.6161
images\topaneu_center2_mr_012_0000.nii.gz,images,topaneu_center2_mr_012_0000.nii.gz,.nii.gz,44311215,43272.67,42.2585
images\topaneu_center2_mr_016_0000.nii.gz,images,topaneu_center2_mr_016_0000.nii.gz,.nii.gz,42144417,41156.66,40.192
images\topaneu_center2_mr_017_0000.nii.gz,images,topaneu_center2_mr_017_0000.nii.gz,.nii.gz,37957993,37068.35,36.1996
images\topaneu_center2_mr_018_0000.nii.gz,images,topaneu_center2_mr_018_0000.nii.gz,.nii.gz,37800850,36914.89,36.0497
images\topaneu_center2_mr_019_0000.nii.gz,images,topaneu_center2_mr_019_0000.nii.gz,.nii.gz,39624902,38696.19,37.7893
images\topaneu_center2_mr_020_0000.nii.gz,images,topaneu_center2_mr_020_0000.nii.gz,.nii.gz,44204049,43168.02,42.1563
images\topaneu_center2_mr_025_0000.nii.gz,images,topaneu_center2_mr_025_0000.nii.gz,.nii.gz,33745581,32954.67,32.1823
images\topaneu_center2_mr_028_0000.nii.gz,images,topaneu_center2_mr_028_0000.nii.gz,.nii.gz,33164654,32387.36,31.6283
images\topaneu_center2_mr_029_0000.nii.gz,images,topaneu_center2_mr_029_0000.nii.gz,.nii.gz,32738567,31971.26,31.2219
images\topaneu_center2_mr_031_0000.nii.gz,images,topaneu_center2_mr_031_0000.nii.gz,.nii.gz,31031654,30304.35,29.5941
images\topaneu_center2_mr_032_0000.nii.gz,images,topaneu_center2_mr_032_0000.nii.gz,.nii.gz,37209421,36337.33,35.4857
images\topaneu_center2_mr_034_0000.nii.gz,images,topaneu_center2_mr_034_0000.nii.gz,.nii.gz,32738491,31971.18,31.2219
images\topaneu_center2_mr_035_0000.nii.gz,images,topaneu_center2_mr_035_0000.nii.gz,.nii.gz,34444563,33637.27,32.8489
images\topaneu_center2_mr_038_0000.nii.gz,images,topaneu_center2_mr_038_0000.nii.gz,.nii.gz,35207890,34382.71,33.5769
images\topaneu_center2_mr_042_0000.nii.gz,images,topaneu_center2_mr_042_0000.nii.gz,.nii.gz,40180296,39238.57,38.3189
images\topaneu_center2_mr_044_0000.nii.gz,images,topaneu_center2_mr_044_0000.nii.gz,.nii.gz,33863275,33069.6,32.2945
images\topaneu_center2_mr_047_0000.nii.gz,images,topaneu_center2_mr_047_0000.nii.gz,.nii.gz,41395853,40425.64,39.4782
images\topaneu_center2_mr_048_0000.nii.gz,images,topaneu_center2_mr_048_0000.nii.gz,.nii.gz,32106816,31354.31,30.6194
images\topaneu_center2_mr_049_0000.nii.gz,images,topaneu_center2_mr_049_0000.nii.gz,.nii.gz,35011803,34191.21,33.3899
images\topaneu_center2_mr_050_0000.nii.gz,images,topaneu_center2_mr_050_0000.nii.gz,.nii.gz,35579749,34745.85,33.9315
images\topaneu_center2_mr_051_0000.nii.gz,images,topaneu_center2_mr_051_0000.nii.gz,.nii.gz,38136496,37242.67,36.3698
images\topaneu_center2_mr_054_0000.nii.gz,images,topaneu_center2_mr_054_0000.nii.gz,.nii.gz,35665329,34829.42,34.0131
images\topaneu_center2_mr_055_0000.nii.gz,images,topaneu_center2_mr_055_0000.nii.gz,.nii.gz,35097749,34275.15,33.4718
images\topaneu_center2_mr_056_0000.nii.gz,images,topaneu_center2_mr_056_0000.nii.gz,.nii.gz,43373195,42356.64,41.3639
images\topaneu_center2_mr_057_0000.nii.gz,images,topaneu_center2_mr_057_0000.nii.gz,.nii.gz,31422970,30686.49,29.9673
images\topaneu_center2_mr_058_0000.nii.gz,images,topaneu_center2_mr_058_0000.nii.gz,.nii.gz,51336744,50133.54,48.9585
images\topaneu_center2_mr_069_0000.nii.gz,images,topaneu_center2_mr_069_0000.nii.gz,.nii.gz,37617726,36736.06,35.8751
images\topaneu_center2_mr_074_0000.nii.gz,images,topaneu_center2_mr_074_0000.nii.gz,.nii.gz,33997621,33200.8,32.4227
images\topaneu_center2_mr_077_0000.nii.gz,images,topaneu_center2_mr_077_0000.nii.gz,.nii.gz,36446855,35592.63,34.7584
images\topaneu_center2_mr_078_0000.nii.gz,images,topaneu_center2_mr_078_0000.nii.gz,.nii.gz,32440459,31680.14,30.9376
images\topaneu_center2_mr_079_0000.nii.gz,images,topaneu_center2_mr_079_0000.nii.gz,.nii.gz,37641472,36759.25,35.8977
images\topaneu_center2_mr_080_0000.nii.gz,images,topaneu_center2_mr_080_0000.nii.gz,.nii.gz,43774480,42748.52,41.7466
images\topaneu_center2_mr_083_0000.nii.gz,images,topaneu_center2_mr_083_0000.nii.gz,.nii.gz,34627748,33816.16,33.0236
images\topaneu_center2_mr_085_0000.nii.gz,images,topaneu_center2_mr_085_0000.nii.gz,.nii.gz,38773359,37864.61,36.9772
images\topaneu_center2_mr_086_0000.nii.gz,images,topaneu_center2_mr_086_0000.nii.gz,.nii.gz,37861527,36974.15,36.1076
images\topaneu_center4_ct_002_0000.nii.gz,images,topaneu_center4_ct_002_0000.nii.gz,.nii.gz,89211445,87120.55,85.0787
images\topaneu_center4_ct_005_0000.nii.gz,images,topaneu_center4_ct_005_0000.nii.gz,.nii.gz,88428446,86355.9,84.3319
images\topaneu_center4_ct_008_1_0000.nii.gz,images,topaneu_center4_ct_008_1_0000.nii.gz,.nii.gz,87055449,85015.09,83.0225
images\topaneu_center4_ct_008_2_0000.nii.gz,images,topaneu_center4_ct_008_2_0000.nii.gz,.nii.gz,87055449,85015.09,83.0225
images\topaneu_center4_ct_009_0000.nii.gz,images,topaneu_center4_ct_009_0000.nii.gz,.nii.gz,87403405,85354.89,83.3544
images\topaneu_center4_ct_012_0000.nii.gz,images,topaneu_center4_ct_012_0000.nii.gz,.nii.gz,96418386,94158.58,91.9517
images\topaneu_center4_ct_019_0000.nii.gz,images,topaneu_center4_ct_019_0000.nii.gz,.nii.gz,91950762,89795.67,87.6911
images\topaneu_center4_ct_020_1_0000.nii.gz,images,topaneu_center4_ct_020_1_0000.nii.gz,.nii.gz,94627453,92409.62,90.2438
images\topaneu_center4_ct_020_2_0000.nii.gz,images,topaneu_center4_ct_020_2_0000.nii.gz,.nii.gz,105326604,102858.01,100.4473
images\topaneu_center4_ct_020_3_0000.nii.gz,images,topaneu_center4_ct_020_3_0000.nii.gz,.nii.gz,99513450,97181.1,94.9034
images\topaneu_center4_ct_023_0000.nii.gz,images,topaneu_center4_ct_023_0000.nii.gz,.nii.gz,85297271,83298.12,81.3458
images\topaneu_center4_ct_025_1_0000.nii.gz,images,topaneu_center4_ct_025_1_0000.nii.gz,.nii.gz,83231485,81280.75,79.3757
images\topaneu_center4_ct_025_2_0000.nii.gz,images,topaneu_center4_ct_025_2_0000.nii.gz,.nii.gz,87948713,85887.42,83.8744
images\topaneu_center4_ct_030_0000.nii.gz,images,topaneu_center4_ct_030_0000.nii.gz,.nii.gz,100992171,98625.17,96.3136
images\topaneu_center4_ct_034_1_0000.nii.gz,images,topaneu_center4_ct_034_1_0000.nii.gz,.nii.gz,83221164,81270.67,79.3659
images\topaneu_center4_ct_034_2_0000.nii.gz,images,topaneu_center4_ct_034_2_0000.nii.gz,.nii.gz,39852641,38918.59,38.0064
images\topaneu_center4_ct_037_0000.nii.gz,images,topaneu_center4_ct_037_0000.nii.gz,.nii.gz,98665833,96353.35,94.0951
images\topaneu_center4_ct_041_0000.nii.gz,images,topaneu_center4_ct_041_0000.nii.gz,.nii.gz,105011563,102550.35,100.1468
images\topaneu_center4_ct_042_2_0000.nii.gz,images,topaneu_center4_ct_042_2_0000.nii.gz,.nii.gz,90290047,88173.87,86.1073
images\topaneu_center4_ct_045_0000.nii.gz,images,topaneu_center4_ct_045_0000.nii.gz,.nii.gz,95733977,93490.21,91.299
images\topaneu_center4_ct_047_0000.nii.gz,images,topaneu_center4_ct_047_0000.nii.gz,.nii.gz,98463960,96156.21,93.9025
images\topaneu_center4_ct_048_0000.nii.gz,images,topaneu_center4_ct_048_0000.nii.gz,.nii.gz,110439738,107851.31,105.3235
images\topaneu_center4_ct_051_1_0000.nii.gz,images,topaneu_center4_ct_051_1_0000.nii.gz,.nii.gz,91442490,89299.31,87.2064
images\topaneu_center4_ct_051_2_0000.nii.gz,images,topaneu_center4_ct_051_2_0000.nii.gz,.nii.gz,49094908,47944.25,46.8206
images\topaneu_center4_ct_055_0000.nii.gz,images,topaneu_center4_ct_055_0000.nii.gz,.nii.gz,86996229,84957.25,82.9661
images\topaneu_center4_ct_057_0000.nii.gz,images,topaneu_center4_ct_057_0000.nii.gz,.nii.gz,83463395,81507.22,79.5969
images\topaneu_center4_ct_059_0000.nii.gz,images,topaneu_center4_ct_059_0000.nii.gz,.nii.gz,97362604,95080.67,92.8522
images\topaneu_center4_ct_060_0000.nii.gz,images,topaneu_center4_ct_060_0000.nii.gz,.nii.gz,78737194,76891.79,75.0896
images\topaneu_center4_ct_062_1_0000.nii.gz,images,topaneu_center4_ct_062_1_0000.nii.gz,.nii.gz,121563034,118713.9,115.9315
images\topaneu_center4_ct_062_2_0000.nii.gz,images,topaneu_center4_ct_062_2_0000.nii.gz,.nii.gz,105467861,102995.96,100.582
images\topaneu_center4_ct_063_0000.nii.gz,images,topaneu_center4_ct_063_0000.nii.gz,.nii.gz,110303169,107717.94,105.1933
images\topaneu_center4_ct_064_0000.nii.gz,images,topaneu_center4_ct_064_0000.nii.gz,.nii.gz,114336864,111657.09,109.0401
images\topaneu_center4_ct_065_0000.nii.gz,images,topaneu_center4_ct_065_0000.nii.gz,.nii.gz,115019353,112323.59,109.691
images\topaneu_center4_ct_067_0000.nii.gz,images,topaneu_center4_ct_067_0000.nii.gz,.nii.gz,100957841,98591.64,96.2809
images\topaneu_center4_ct_070_0000.nii.gz,images,topaneu_center4_ct_070_0000.nii.gz,.nii.gz,92490286,90322.54,88.2056
images\topaneu_center4_ct_072_0000.nii.gz,images,topaneu_center4_ct_072_0000.nii.gz,.nii.gz,87552541,85500.53,83.4966
images\topaneu_center4_ct_074_0000.nii.gz,images,topaneu_center4_ct_074_0000.nii.gz,.nii.gz,90639361,88515.0,86.4404
images\topaneu_center4_ct_083_0000.nii.gz,images,topaneu_center4_ct_083_0000.nii.gz,.nii.gz,100800507,98438.0,96.1309
images\topaneu_center4_ct_087_0000.nii.gz,images,topaneu_center4_ct_087_0000.nii.gz,.nii.gz,41822407,40842.19,39.885
images\topaneu_center4_ct_093_0000.nii.gz,images,topaneu_center4_ct_093_0000.nii.gz,.nii.gz,44115263,43081.31,42.0716
images\topaneu_center4_ct_094_0000.nii.gz,images,topaneu_center4_ct_094_0000.nii.gz,.nii.gz,99003297,96682.91,94.4169
images\topaneu_center4_ct_097_0000.nii.gz,images,topaneu_center4_ct_097_0000.nii.gz,.nii.gz,74883526,73128.44,71.4145
images\topaneu_center4_ct_101_0000.nii.gz,images,topaneu_center4_ct_101_0000.nii.gz,.nii.gz,107173960,104662.07,102.2091
images\topaneu_center4_ct_102_0000.nii.gz,images,topaneu_center4_ct_102_0000.nii.gz,.nii.gz,109522064,106955.14,104.4484
images\topaneu_center4_ct_103_0000.nii.gz,images,topaneu_center4_ct_103_0000.nii.gz,.nii.gz,108434577,105893.14,103.4113
images\topaneu_center4_ct_104_0000.nii.gz,images,topaneu_center4_ct_104_0000.nii.gz,.nii.gz,109855965,107281.22,104.7668
images\topaneu_center4_ct_105_0000.nii.gz,images,topaneu_center4_ct_105_0000.nii.gz,.nii.gz,91788974,89637.67,87.5368
images\topaneu_center4_ct_106_0000.nii.gz,images,topaneu_center4_ct_106_0000.nii.gz,.nii.gz,98600974,96290.01,94.0332
images\topaneu_center4_ct_107_0000.nii.gz,images,topaneu_center4_ct_107_0000.nii.gz,.nii.gz,99516391,97183.98,94.9062
images\topaneu_center4_ct_108_0000.nii.gz,images,topaneu_center4_ct_108_0000.nii.gz,.nii.gz,89019214,86932.83,84.8953
images\topaneu_center4_ct_115_0000.nii.gz,images,topaneu_center4_ct_115_0000.nii.gz,.nii.gz,55757539,54450.72,53.1745
images\topaneu_center4_ct_116_0000.nii.gz,images,topaneu_center4_ct_116_0000.nii.gz,.nii.gz,60605522,59185.08,57.7979
images\topaneu_center4_ct_119_0000.nii.gz,images,topaneu_center4_ct_119_0000.nii.gz,.nii.gz,45264171,44203.29,43.1673
images\topaneu_center4_ct_122_0000.nii.gz,images,topaneu_center4_ct_122_0000.nii.gz,.nii.gz,75367279,73600.86,71.8758
images\topaneu_center4_ct_127_0000.nii.gz,images,topaneu_center4_ct_127_0000.nii.gz,.nii.gz,48333582,47200.76,46.0945
images\topaneu_center4_ct_129_0000.nii.gz,images,topaneu_center4_ct_129_0000.nii.gz,.nii.gz,51005480,49810.04,48.6426
images\topaneu_center4_ct_134_0000.nii.gz,images,topaneu_center4_ct_134_0000.nii.gz,.nii.gz,46814317,45717.11,44.6456
images\topaneu_center4_ct_140_0000.nii.gz,images,topaneu_center4_ct_140_0000.nii.gz,.nii.gz,63395951,61910.11,60.4591
images\topaneu_center4_ct_193_0000.nii.gz,images,topaneu_center4_ct_193_0000.nii.gz,.nii.gz,45593598,44525.0,43.4814
images\topaneu_center4_ct_200_0000.nii.gz,images,topaneu_center4_ct_200_0000.nii.gz,.nii.gz,52288995,51063.47,49.8667
images\topaneu_center4_ct_201_0000.nii.gz,images,topaneu_center4_ct_201_0000.nii.gz,.nii.gz,34852733,34035.87,33.2382
images\topaneu_center5_mr_007_0000.nii.gz,images,topaneu_center5_mr_007_0000.nii.gz,.nii.gz,23182308,22638.97,22.1084
images\topaneu_center5_mr_009_0000.nii.gz,images,topaneu_center5_mr_009_0000.nii.gz,.nii.gz,45809971,44736.3,43.6878
images\topaneu_center5_mr_010_0000.nii.gz,images,topaneu_center5_mr_010_0000.nii.gz,.nii.gz,31849681,31103.2,30.3742
images\topaneu_center5_mr_011_0000.nii.gz,images,topaneu_center5_mr_011_0000.nii.gz,.nii.gz,29385528,28696.8,28.0242
images\topaneu_center5_mr_015_0000.nii.gz,images,topaneu_center5_mr_015_0000.nii.gz,.nii.gz,26585517,25962.42,25.3539
images\topaneu_center5_mr_016_0000.nii.gz,images,topaneu_center5_mr_016_0000.nii.gz,.nii.gz,30733979,30013.65,29.3102
images\topaneu_center5_mr_021_0000.nii.gz,images,topaneu_center5_mr_021_0000.nii.gz,.nii.gz,32032510,31281.75,30.5486
images\topaneu_center5_mr_022_0000.nii.gz,images,topaneu_center5_mr_022_0000.nii.gz,.nii.gz,30765325,30044.26,29.3401
images\topaneu_center5_mr_023_0000.nii.gz,images,topaneu_center5_mr_023_0000.nii.gz,.nii.gz,47257132,46149.54,45.0679
images\topaneu_center5_mr_024_0000.nii.gz,images,topaneu_center5_mr_024_0000.nii.gz,.nii.gz,45918214,44842.01,43.791
images\topaneu_center5_mr_025_0000.nii.gz,images,topaneu_center5_mr_025_0000.nii.gz,.nii.gz,31976775,31227.32,30.4954
images\topaneu_center5_mr_027_0000.nii.gz,images,topaneu_center5_mr_027_0000.nii.gz,.nii.gz,27550331,26904.62,26.274
images\topaneu_center5_mr_028_0000.nii.gz,images,topaneu_center5_mr_028_0000.nii.gz,.nii.gz,54708688,53426.45,52.1743
images\topaneu_center5_mr_029_0000.nii.gz,images,topaneu_center5_mr_029_0000.nii.gz,.nii.gz,17326865,16920.77,16.5242
images\topaneu_center5_mr_030_0000.nii.gz,images,topaneu_center5_mr_030_0000.nii.gz,.nii.gz,19958484,19490.71,19.0339
images\topaneu_center5_mr_031_0000.nii.gz,images,topaneu_center5_mr_031_0000.nii.gz,.nii.gz,22725076,22192.46,21.6723
images\topaneu_center5_mr_032_0000.nii.gz,images,topaneu_center5_mr_032_0000.nii.gz,.nii.gz,31735352,30991.55,30.2652
images\topaneu_center5_mr_033_0000.nii.gz,images,topaneu_center5_mr_033_0000.nii.gz,.nii.gz,31620953,30879.84,30.1561
images\topaneu_center5_mr_034_0000.nii.gz,images,topaneu_center5_mr_034_0000.nii.gz,.nii.gz,29756079,29058.67,28.3776
images\topaneu_center5_mr_036_0000.nii.gz,images,topaneu_center5_mr_036_0000.nii.gz,.nii.gz,17418696,17010.45,16.6118
images\topaneu_center5_mr_037_0000.nii.gz,images,topaneu_center5_mr_037_0000.nii.gz,.nii.gz,31770098,31025.49,30.2983
images\topaneu_center5_mr_038_0000.nii.gz,images,topaneu_center5_mr_038_0000.nii.gz,.nii.gz,22117614,21599.23,21.093
images\topaneu_center5_mr_039_0000.nii.gz,images,topaneu_center5_mr_039_0000.nii.gz,.nii.gz,20689049,20204.15,19.7306
images\topaneu_center5_mr_041_0000.nii.gz,images,topaneu_center5_mr_041_0000.nii.gz,.nii.gz,67843932,66253.84,64.701
images\topaneu_center5_mr_052_0000.nii.gz,images,topaneu_center5_mr_052_0000.nii.gz,.nii.gz,46877706,45779.01,44.7061
images\topaneu_center5_mr_061_0000.nii.gz,images,topaneu_center5_mr_061_0000.nii.gz,.nii.gz,46724164,45629.07,44.5596
images\topaneu_center5_mr_063_0000.nii.gz,images,topaneu_center5_mr_063_0000.nii.gz,.nii.gz,47689106,46571.39,45.4799
images\topaneu_center5_mr_068_0000.nii.gz,images,topaneu_center5_mr_068_0000.nii.gz,.nii.gz,48054963,46928.67,45.8288
images\topaneu_center5_mr_074_0000.nii.gz,images,topaneu_center5_mr_074_0000.nii.gz,.nii.gz,44913512,43860.85,42.8329
images\topaneu_center5_mr_079_0000.nii.gz,images,topaneu_center5_mr_079_0000.nii.gz,.nii.gz,49986425,48814.87,47.6708
images\topaneu_center5_mr_081_0000.nii.gz,images,topaneu_center5_mr_081_0000.nii.gz,.nii.gz,49090952,47940.38,46.8168
images\topaneu_center5_mr_082_0000.nii.gz,images,topaneu_center5_mr_082_0000.nii.gz,.nii.gz,50106578,48932.21,47.7854
images\topaneu_center5_mr_451_0000.nii.gz,images,topaneu_center5_mr_451_0000.nii.gz,.nii.gz,102702022,100294.94,97.9443
images\topaneu_center5_mr_452_0000.nii.gz,images,topaneu_center5_mr_452_0000.nii.gz,.nii.gz,91278200,89138.87,87.0497
images\topaneu_center5_mr_453_0000.nii.gz,images,topaneu_center5_mr_453_0000.nii.gz,.nii.gz,78978774,77127.71,75.32
images\topaneu_center5_mr_454_0000.nii.gz,images,topaneu_center5_mr_454_0000.nii.gz,.nii.gz,16548259,16160.41,15.7816
images\topaneu_center5_mr_455_0000.nii.gz,images,topaneu_center5_mr_455_0000.nii.gz,.nii.gz,93317030,91129.91,88.9941
images\topaneu_center5_mr_457_0000.nii.gz,images,topaneu_center5_mr_457_0000.nii.gz,.nii.gz,74435947,72691.35,70.9877
images\topaneu_center5_mr_458_0000.nii.gz,images,topaneu_center5_mr_458_0000.nii.gz,.nii.gz,16127542,15749.55,15.3804
images\topaneu_center5_mr_459_0000.nii.gz,images,topaneu_center5_mr_459_0000.nii.gz,.nii.gz,72940220,71230.68,69.5612
images\topaneu_center5_mr_460_0000.nii.gz,images,topaneu_center5_mr_460_0000.nii.gz,.nii.gz,93119374,90936.89,88.8056
images\topaneu_center5_mr_461_0000.nii.gz,images,topaneu_center5_mr_461_0000.nii.gz,.nii.gz,76732519,74934.1,73.1778
images\topaneu_center5_mr_462_0000.nii.gz,images,topaneu_center5_mr_462_0000.nii.gz,.nii.gz,86002270,83986.59,82.0182
images\topaneu_center5_mr_464_0000.nii.gz,images,topaneu_center5_mr_464_0000.nii.gz,.nii.gz,104866010,102408.21,100.008
images\topaneu_center5_mr_465_0000.nii.gz,images,topaneu_center5_mr_465_0000.nii.gz,.nii.gz,89098669,87010.42,84.9711
images\topaneu_center5_mr_466_0000.nii.gz,images,topaneu_center5_mr_466_0000.nii.gz,.nii.gz,19512937,19055.6,18.609
images\topaneu_center5_mr_467_0000.nii.gz,images,topaneu_center5_mr_467_0000.nii.gz,.nii.gz,115595093,112885.83,110.2401
images\topaneu_center5_mr_469_0000.nii.gz,images,topaneu_center5_mr_469_0000.nii.gz,.nii.gz,62529141,61063.61,59.6324
images\topaneu_center5_mr_470_0000.nii.gz,images,topaneu_center5_mr_470_0000.nii.gz,.nii.gz,17525063,17114.32,16.7132
images\topaneu_center5_mr_471_0000.nii.gz,images,topaneu_center5_mr_471_0000.nii.gz,.nii.gz,88673349,86595.07,84.5655
images\topaneu_center5_mr_472_0000.nii.gz,images,topaneu_center5_mr_472_0000.nii.gz,.nii.gz,22604652,22074.86,21.5575
images\topaneu_center5_mr_473_0000.nii.gz,images,topaneu_center5_mr_473_0000.nii.gz,.nii.gz,17704163,17289.22,16.884
images\topaneu_center5_mr_474_0000.nii.gz,images,topaneu_center5_mr_474_0000.nii.gz,.nii.gz,100663777,98304.47,96.0005
images\topaneu_center5_mr_475_0000.nii.gz,images,topaneu_center5_mr_475_0000.nii.gz,.nii.gz,70825439,69165.47,67.5444
images\topaneu_center5_mr_476_0000.nii.gz,images,topaneu_center5_mr_476_0000.nii.gz,.nii.gz,18949773,18505.64,18.0719
images\topaneu_center5_mr_478_0000.nii.gz,images,topaneu_center5_mr_478_0000.nii.gz,.nii.gz,95473733,93236.07,91.0508
images\topaneu_center5_mr_479_0000.nii.gz,images,topaneu_center5_mr_479_0000.nii.gz,.nii.gz,85788295,83777.63,81.8141
images\topaneu_center5_mr_480_0000.nii.gz,images,topaneu_center5_mr_480_0000.nii.gz,.nii.gz,21869822,21357.25,20.8567
images\topaneu_center5_mr_481_0000.nii.gz,images,topaneu_center5_mr_481_0000.nii.gz,.nii.gz,79270280,77412.38,75.598
images\topaneu_center5_mr_484_0000.nii.gz,images,topaneu_center5_mr_484_0000.nii.gz,.nii.gz,23881984,23322.25,22.7756
images\topaneu_center5_mr_485_0000.nii.gz,images,topaneu_center5_mr_485_0000.nii.gz,.nii.gz,25564833,24965.66,24.3805
images\topaneu_center5_mr_486_0000.nii.gz,images,topaneu_center5_mr_486_0000.nii.gz,.nii.gz,16813402,16419.34,16.0345
images\topaneu_center5_mr_487_0000.nii.gz,images,topaneu_center5_mr_487_0000.nii.gz,.nii.gz,67829413,66239.66,64.6872
images\topaneu_center5_mr_488_0000.nii.gz,images,topaneu_center5_mr_488_0000.nii.gz,.nii.gz,25192952,24602.49,24.0259
images\topaneu_center5_mr_489_0000.nii.gz,images,topaneu_center5_mr_489_0000.nii.gz,.nii.gz,17397790,16990.03,16.5918
images\topaneu_center5_mr_490_0000.nii.gz,images,topaneu_center5_mr_490_0000.nii.gz,.nii.gz,93208630,91024.05,88.8907
images\topaneu_center5_mr_491_0000.nii.gz,images,topaneu_center5_mr_491_0000.nii.gz,.nii.gz,80535579,78648.03,76.8047
images\topaneu_center5_mr_492_0000.nii.gz,images,topaneu_center5_mr_492_0000.nii.gz,.nii.gz,81019746,79120.85,77.2665
location_jsons\._topaneu_center1_mr_001.json,location_jsons,._topaneu_center1_mr_001.json,.json,4096,4.0,0.0039
location_jsons\._topaneu_center1_mr_005.json,location_jsons,._topaneu_center1_mr_005.json,.json,4096,4.0,0.0039
location_jsons\._topaneu_center1_mr_016.json,location_jsons,._topaneu_center1_mr_016.json,.json,4096,4.0,0.0039
location_jsons\._topaneu_center1_mr_017.json,location_jsons,._topaneu_center1_mr_017.json,.json,4096,4.0,0.0039
location_jsons\._topaneu_center1_mr_018.json,location_jsons,._topaneu_center1_mr_018.json,.json,4096,4.0,0.0039
location_jsons\._topaneu_center1_mr_024.json,location_jsons,._topaneu_center1_mr_024.json,.json,4096,4.0,0.0039
location_jsons\._topaneu_center1_mr_028.json,location_jsons,._topaneu_center1_mr_028.json,.json,4096,4.0,0.0039
location_jsons\._topaneu_center1_mr_029.json,location_jsons,._topaneu_center1_mr_029.json,.json,4096,4.0,0.0039
location_jsons\._topaneu_center1_mr_033.json,location_jsons,._topaneu_center1_mr_033.json,.json,4096,4.0,0.0039
location_jsons\._topaneu_center1_mr_038.json,location_jsons,._topaneu_center1_mr_038.json,.json,4096,4.0,0.0039
location_jsons\._topaneu_center1_mr_049.json,location_jsons,._topaneu_center1_mr_049.json,.json,4096,4.0,0.0039
location_jsons\._topaneu_center1_mr_050.json,location_jsons,._topaneu_center1_mr_050.json,.json,4096,4.0,0.0039
location_jsons\._topaneu_center1_mr_053.json,location_jsons,._topaneu_center1_mr_053.json,.json,4096,4.0,0.0039
location_jsons\._topaneu_center1_mr_056.json,location_jsons,._topaneu_center1_mr_056.json,.json,4096,4.0,0.0039
location_jsons\._topaneu_center1_mr_061.json,location_jsons,._topaneu_center1_mr_061.json,.json,4096,4.0,0.0039
location_jsons\._topaneu_center1_mr_064.json,location_jsons,._topaneu_center1_mr_064.json,.json,4096,4.0,0.0039
location_jsons\._topaneu_center1_mr_076.json,location_jsons,._topaneu_center1_mr_076.json,.json,4096,4.0,0.0039
location_jsons\._topaneu_center1_mr_085.json,location_jsons,._topaneu_center1_mr_085.json,.json,4096,4.0,0.0039
location_jsons\._topaneu_center1_mr_088.json,location_jsons,._topaneu_center1_mr_088.json,.json,4096,4.0,0.0039
location_jsons\._topaneu_center1_mr_092.json,location_jsons,._topaneu_center1_mr_092.json,.json,4096,4.0,0.0039
location_jsons\._topaneu_center1_mr_113.json,location_jsons,._topaneu_center1_mr_113.json,.json,4096,4.0,0.0039
location_jsons\._topaneu_center1_mr_119.json,location_jsons,._topaneu_center1_mr_119.json,.json,4096,4.0,0.0039
location_jsons\._topaneu_center1_mr_121.json,location_jsons,._topaneu_center1_mr_121.json,.json,4096,4.0,0.0039
location_jsons\._topaneu_center1_mr_129.json,location_jsons,._topaneu_center1_mr_129.json,.json,4096,4.0,0.0039
location_jsons\._topaneu_center1_mr_136.json,location_jsons,._topaneu_center1_mr_136.json,.json,4096,4.0,0.0039
location_jsons\._topaneu_center1_mr_138.json,location_jsons,._topaneu_center1_mr_138.json,.json,4096,4.0,0.0039
location_jsons\._topaneu_center1_mr_144.json,location_jsons,._topaneu_center1_mr_144.json,.json,4096,4.0,0.0039
location_jsons\._topaneu_center1_mr_147.json,location_jsons,._topaneu_center1_mr_147.json,.json,4096,4.0,0.0039
location_jsons\._topaneu_center1_mr_148.json,location_jsons,._topaneu_center1_mr_148.json,.json,4096,4.0,0.0039
location_jsons\._topaneu_center1_mr_149.json,location_jsons,._topaneu_center1_mr_149.json,.json,4096,4.0,0.0039
location_jsons\._topaneu_center1_mr_157.json,location_jsons,._topaneu_center1_mr_157.json,.json,4096,4.0,0.0039
location_jsons\._topaneu_center1_mr_173.json,location_jsons,._topaneu_center1_mr_173.json,.json,4096,4.0,0.0039
location_jsons\._topaneu_center1_mr_177.json,location_jsons,._topaneu_center1_mr_177.json,.json,4096,4.0,0.0039
location_jsons\._topaneu_center1_mr_178.json,location_jsons,._topaneu_center1_mr_178.json,.json,4096,4.0,0.0039
location_jsons\._topaneu_center1_mr_184.json,location_jsons,._topaneu_center1_mr_184.json,.json,4096,4.0,0.0039
location_jsons\._topaneu_center1_mr_188.json,location_jsons,._topaneu_center1_mr_188.json,.json,4096,4.0,0.0039
location_jsons\._topaneu_center1_mr_189.json,location_jsons,._topaneu_center1_mr_189.json,.json,4096,4.0,0.0039
location_jsons\._topaneu_center1_mr_191.json,location_jsons,._topaneu_center1_mr_191.json,.json,4096,4.0,0.0039
location_jsons\._topaneu_center1_mr_193.json,location_jsons,._topaneu_center1_mr_193.json,.json,4096,4.0,0.0039
location_jsons\._topaneu_center1_mr_195.json,location_jsons,._topaneu_center1_mr_195.json,.json,4096,4.0,0.0039
location_jsons\._topaneu_center1_mr_198.json,location_jsons,._topaneu_center1_mr_198.json,.json,4096,4.0,0.0039
location_jsons\._topaneu_center1_mr_200.json,location_jsons,._topaneu_center1_mr_200.json,.json,4096,4.0,0.0039
location_jsons\._topaneu_center1_mr_202.json,location_jsons,._topaneu_center1_mr_202.json,.json,4096,4.0,0.0039
location_jsons\._topaneu_center1_mr_210.json,location_jsons,._topaneu_center1_mr_210.json,.json,4096,4.0,0.0039
location_jsons\._topaneu_center1_mr_211.json,location_jsons,._topaneu_center1_mr_211.json,.json,4096,4.0,0.0039
location_jsons\._topaneu_center1_mr_213.json,location_jsons,._topaneu_center1_mr_213.json,.json,4096,4.0,0.0039
location_jsons\._topaneu_center1_mr_221.json,location_jsons,._topaneu_center1_mr_221.json,.json,4096,4.0,0.0039
location_jsons\._topaneu_center1_mr_229.json,location_jsons,._topaneu_center1_mr_229.json,.json,4096,4.0,0.0039
location_jsons\._topaneu_center1_mr_241.json,location_jsons,._topaneu_center1_mr_241.json,.json,4096,4.0,0.0039
location_jsons\._topaneu_center1_mr_247.json,location_jsons,._topaneu_center1_mr_247.json,.json,4096,4.0,0.0039
location_jsons\._topaneu_center1_mr_251.json,location_jsons,._topaneu_center1_mr_251.json,.json,4096,4.0,0.0039
location_jsons\._topaneu_center1_mr_262.json,location_jsons,._topaneu_center1_mr_262.json,.json,4096,4.0,0.0039
location_jsons\._topaneu_center1_mr_264.json,location_jsons,._topaneu_center1_mr_264.json,.json,4096,4.0,0.0039
location_jsons\._topaneu_center1_mr_282.json,location_jsons,._topaneu_center1_mr_282.json,.json,4096,4.0,0.0039
location_jsons\._topaneu_center1_mr_287.json,location_jsons,._topaneu_center1_mr_287.json,.json,4096,4.0,0.0039
location_jsons\._topaneu_center1_mr_290.json,location_jsons,._topaneu_center1_mr_290.json,.json,4096,4.0,0.0039
location_jsons\._topaneu_center1_mr_298.json,location_jsons,._topaneu_center1_mr_298.json,.json,4096,4.0,0.0039
location_jsons\._topaneu_center1_mr_299.json,location_jsons,._topaneu_center1_mr_299.json,.json,4096,4.0,0.0039
location_jsons\._topaneu_center1_mr_301.json,location_jsons,._topaneu_center1_mr_301.json,.json,4096,4.0,0.0039
location_jsons\._topaneu_center1_mr_302.json,location_jsons,._topaneu_center1_mr_302.json,.json,4096,4.0,0.0039
location_jsons\._topaneu_center1_mr_308.json,location_jsons,._topaneu_center1_mr_308.json,.json,4096,4.0,0.0039
location_jsons\._topaneu_center1_mr_311.json,location_jsons,._topaneu_center1_mr_311.json,.json,4096,4.0,0.0039
location_jsons\._topaneu_center1_mr_316.json,location_jsons,._topaneu_center1_mr_316.json,.json,4096,4.0,0.0039
location_jsons\._topaneu_center1_mr_325.json,location_jsons,._topaneu_center1_mr_325.json,.json,4096,4.0,0.0039
location_jsons\._topaneu_center1_mr_327.json,location_jsons,._topaneu_center1_mr_327.json,.json,4096,4.0,0.0039
location_jsons\._topaneu_center1_mr_330.json,location_jsons,._topaneu_center1_mr_330.json,.json,4096,4.0,0.0039
location_jsons\._topaneu_center1_mr_334.json,location_jsons,._topaneu_center1_mr_334.json,.json,4096,4.0,0.0039
location_jsons\._topaneu_center1_mr_336.json,location_jsons,._topaneu_center1_mr_336.json,.json,4096,4.0,0.0039
location_jsons\._topaneu_center1_mr_342.json,location_jsons,._topaneu_center1_mr_342.json,.json,4096,4.0,0.0039
location_jsons\._topaneu_center1_mr_349.json,location_jsons,._topaneu_center1_mr_349.json,.json,4096,4.0,0.0039
location_jsons\._topaneu_center1_mr_350.json,location_jsons,._topaneu_center1_mr_350.json,.json,4096,4.0,0.0039
location_jsons\._topaneu_center1_mr_354.json,location_jsons,._topaneu_center1_mr_354.json,.json,4096,4.0,0.0039
location_jsons\._topaneu_center1_mr_359.json,location_jsons,._topaneu_center1_mr_359.json,.json,4096,4.0,0.0039
location_jsons\._topaneu_center1_mr_364.json,location_jsons,._topaneu_center1_mr_364.json,.json,4096,4.0,0.0039
location_jsons\._topaneu_center1_mr_365.json,location_jsons,._topaneu_center1_mr_365.json,.json,4096,4.0,0.0039
location_jsons\._topaneu_center1_mr_374.json,location_jsons,._topaneu_center1_mr_374.json,.json,4096,4.0,0.0039
location_jsons\._topaneu_center1_mr_386.json,location_jsons,._topaneu_center1_mr_386.json,.json,4096,4.0,0.0039
location_jsons\._topaneu_center1_mr_393.json,location_jsons,._topaneu_center1_mr_393.json,.json,4096,4.0,0.0039
location_jsons\._topaneu_center1_mr_396.json,location_jsons,._topaneu_center1_mr_396.json,.json,4096,4.0,0.0039
location_jsons\._topaneu_center1_mr_398.json,location_jsons,._topaneu_center1_mr_398.json,.json,4096,4.0,0.0039
location_jsons\._topaneu_center1_mr_401.json,location_jsons,._topaneu_center1_mr_401.json,.json,4096,4.0,0.0039
location_jsons\._topaneu_center1_mr_411.json,location_jsons,._topaneu_center1_mr_411.json,.json,4096,4.0,0.0039
location_jsons\._topaneu_center1_mr_414.json,location_jsons,._topaneu_center1_mr_414.json,.json,4096,4.0,0.0039
location_jsons\._topaneu_center1_mr_419.json,location_jsons,._topaneu_center1_mr_419.json,.json,4096,4.0,0.0039
location_jsons\._topaneu_center1_mr_428.json,location_jsons,._topaneu_center1_mr_428.json,.json,4096,4.0,0.0039
location_jsons\._topaneu_center1_mr_436.json,location_jsons,._topaneu_center1_mr_436.json,.json,4096,4.0,0.0039
location_jsons\._topaneu_center1_mr_439.json,location_jsons,._topaneu_center1_mr_439.json,.json,4096,4.0,0.0039
location_jsons\._topaneu_center1_mr_443.json,location_jsons,._topaneu_center1_mr_443.json,.json,4096,4.0,0.0039
location_jsons\._topaneu_center1_mr_463.json,location_jsons,._topaneu_center1_mr_463.json,.json,4096,4.0,0.0039
location_jsons\._topaneu_center1_mr_474.json,location_jsons,._topaneu_center1_mr_474.json,.json,4096,4.0,0.0039
location_jsons\._topaneu_center1_mr_477.json,location_jsons,._topaneu_center1_mr_477.json,.json,4096,4.0,0.0039
location_jsons\._topaneu_center1_mr_483.json,location_jsons,._topaneu_center1_mr_483.json,.json,4096,4.0,0.0039
location_jsons\._topaneu_center1_mr_489.json,location_jsons,._topaneu_center1_mr_489.json,.json,4096,4.0,0.0039
location_jsons\._topaneu_center1_mr_490.json,location_jsons,._topaneu_center1_mr_490.json,.json,4096,4.0,0.0039
location_jsons\._topaneu_center1_mr_494.json,location_jsons,._topaneu_center1_mr_494.json,.json,4096,4.0,0.0039
location_jsons\._topaneu_center1_mr_496.json,location_jsons,._topaneu_center1_mr_496.json,.json,4096,4.0,0.0039
location_jsons\._topaneu_center1_mr_499.json,location_jsons,._topaneu_center1_mr_499.json,.json,4096,4.0,0.0039
location_jsons\._topaneu_center1_mr_501.json,location_jsons,._topaneu_center1_mr_501.json,.json,4096,4.0,0.0039
location_jsons\._topaneu_center1_mr_509.json,location_jsons,._topaneu_center1_mr_509.json,.json,4096,4.0,0.0039
location_jsons\._topaneu_center1_mr_516.json,location_jsons,._topaneu_center1_mr_516.json,.json,4096,4.0,0.0039
location_jsons\._topaneu_center1_mr_522.json,location_jsons,._topaneu_center1_mr_522.json,.json,4096,4.0,0.0039
location_jsons\._topaneu_center1_mr_523.json,location_jsons,._topaneu_center1_mr_523.json,.json,4096,4.0,0.0039
location_jsons\._topaneu_center1_mr_525.json,location_jsons,._topaneu_center1_mr_525.json,.json,4096,4.0,0.0039
location_jsons\._topaneu_center1_mr_527.json,location_jsons,._topaneu_center1_mr_527.json,.json,4096,4.0,0.0039
location_jsons\._topaneu_center1_mr_528.json,location_jsons,._topaneu_center1_mr_528.json,.json,4096,4.0,0.0039
location_jsons\._topaneu_center1_mr_538.json,location_jsons,._topaneu_center1_mr_538.json,.json,4096,4.0,0.0039
location_jsons\._topaneu_center1_mr_554.json,location_jsons,._topaneu_center1_mr_554.json,.json,4096,4.0,0.0039
location_jsons\._topaneu_center1_mr_560.json,location_jsons,._topaneu_center1_mr_560.json,.json,4096,4.0,0.0039
location_jsons\._topaneu_center1_mr_561.json,location_jsons,._topaneu_center1_mr_561.json,.json,4096,4.0,0.0039
location_jsons\._topaneu_center1_mr_572.json,location_jsons,._topaneu_center1_mr_572.json,.json,4096,4.0,0.0039
location_jsons\._topaneu_center1_mr_577.json,location_jsons,._topaneu_center1_mr_577.json,.json,4096,4.0,0.0039
location_jsons\._topaneu_center1_mr_581.json,location_jsons,._topaneu_center1_mr_581.json,.json,4096,4.0,0.0039
location_jsons\._topaneu_center1_mr_585.json,location_jsons,._topaneu_center1_mr_585.json,.json,4096,4.0,0.0039
location_jsons\._topaneu_center1_mr_586.json,location_jsons,._topaneu_center1_mr_586.json,.json,4096,4.0,0.0039
location_jsons\._topaneu_center1_mr_596.json,location_jsons,._topaneu_center1_mr_596.json,.json,4096,4.0,0.0039
location_jsons\._topaneu_center1_mr_605.json,location_jsons,._topaneu_center1_mr_605.json,.json,4096,4.0,0.0039
location_jsons\._topaneu_center1_mr_607.json,location_jsons,._topaneu_center1_mr_607.json,.json,4096,4.0,0.0039
location_jsons\._topaneu_center1_mr_612.json,location_jsons,._topaneu_center1_mr_612.json,.json,4096,4.0,0.0039
location_jsons\._topaneu_center1_mr_614.json,location_jsons,._topaneu_center1_mr_614.json,.json,4096,4.0,0.0039
location_jsons\._topaneu_center1_mr_615.json,location_jsons,._topaneu_center1_mr_615.json,.json,4096,4.0,0.0039
location_jsons\._topaneu_center1_mr_625.json,location_jsons,._topaneu_center1_mr_625.json,.json,4096,4.0,0.0039
location_jsons\._topaneu_center1_mr_626.json,location_jsons,._topaneu_center1_mr_626.json,.json,4096,4.0,0.0039
location_jsons\._topaneu_center1_mr_630.json,location_jsons,._topaneu_center1_mr_630.json,.json,4096,4.0,0.0039
location_jsons\._topaneu_center1_mr_631.json,location_jsons,._topaneu_center1_mr_631.json,.json,4096,4.0,0.0039
location_jsons\._topaneu_center1_mr_637.json,location_jsons,._topaneu_center1_mr_637.json,.json,4096,4.0,0.0039
location_jsons\._topaneu_center1_mr_638.json,location_jsons,._topaneu_center1_mr_638.json,.json,4096,4.0,0.0039
location_jsons\._topaneu_center1_mr_647.json,location_jsons,._topaneu_center1_mr_647.json,.json,4096,4.0,0.0039
location_jsons\._topaneu_center1_mr_653.json,location_jsons,._topaneu_center1_mr_653.json,.json,4096,4.0,0.0039
location_jsons\._topaneu_center1_mr_660.json,location_jsons,._topaneu_center1_mr_660.json,.json,4096,4.0,0.0039
location_jsons\._topaneu_center1_mr_664.json,location_jsons,._topaneu_center1_mr_664.json,.json,4096,4.0,0.0039
location_jsons\._topaneu_center1_mr_670.json,location_jsons,._topaneu_center1_mr_670.json,.json,4096,4.0,0.0039
location_jsons\._topaneu_center1_mr_681.json,location_jsons,._topaneu_center1_mr_681.json,.json,4096,4.0,0.0039
location_jsons\._topaneu_center1_mr_682.json,location_jsons,._topaneu_center1_mr_682.json,.json,4096,4.0,0.0039
location_jsons\._topaneu_center1_mr_693.json,location_jsons,._topaneu_center1_mr_693.json,.json,4096,4.0,0.0039
location_jsons\._topaneu_center1_mr_694.json,location_jsons,._topaneu_center1_mr_694.json,.json,4096,4.0,0.0039
location_jsons\._topaneu_center1_mr_697.json,location_jsons,._topaneu_center1_mr_697.json,.json,4096,4.0,0.0039
location_jsons\._topaneu_center1_mr_702.json,location_jsons,._topaneu_center1_mr_702.json,.json,4096,4.0,0.0039
location_jsons\._topaneu_center1_mr_713.json,location_jsons,._topaneu_center1_mr_713.json,.json,4096,4.0,0.0039
location_jsons\._topaneu_center1_mr_720.json,location_jsons,._topaneu_center1_mr_720.json,.json,4096,4.0,0.0039
location_jsons\._topaneu_center1_mr_727.json,location_jsons,._topaneu_center1_mr_727.json,.json,4096,4.0,0.0039
location_jsons\._topaneu_center1_mr_729.json,location_jsons,._topaneu_center1_mr_729.json,.json,4096,4.0,0.0039
location_jsons\._topaneu_center1_mr_731.json,location_jsons,._topaneu_center1_mr_731.json,.json,4096,4.0,0.0039
location_jsons\._topaneu_center1_mr_732.json,location_jsons,._topaneu_center1_mr_732.json,.json,4096,4.0,0.0039
location_jsons\._topaneu_center1_mr_740.json,location_jsons,._topaneu_center1_mr_740.json,.json,4096,4.0,0.0039
location_jsons\._topaneu_center1_mr_741.json,location_jsons,._topaneu_center1_mr_741.json,.json,4096,4.0,0.0039
location_jsons\._topaneu_center1_mr_742.json,location_jsons,._topaneu_center1_mr_742.json,.json,4096,4.0,0.0039
location_jsons\._topaneu_center1_mr_744.json,location_jsons,._topaneu_center1_mr_744.json,.json,4096,4.0,0.0039
location_jsons\._topaneu_center1_mr_750.json,location_jsons,._topaneu_center1_mr_750.json,.json,4096,4.0,0.0039
location_jsons\._topaneu_center1_mr_760.json,location_jsons,._topaneu_center1_mr_760.json,.json,4096,4.0,0.0039
location_jsons\._topaneu_center1_mr_763.json,location_jsons,._topaneu_center1_mr_763.json,.json,4096,4.0,0.0039
location_jsons\._topaneu_center1_mr_765.json,location_jsons,._topaneu_center1_mr_765.json,.json,4096,4.0,0.0039
location_jsons\._topaneu_center1_mr_770.json,location_jsons,._topaneu_center1_mr_770.json,.json,4096,4.0,0.0039
location_jsons\._topaneu_center1_mr_772.json,location_jsons,._topaneu_center1_mr_772.json,.json,4096,4.0,0.0039
location_jsons\._topaneu_center1_mr_774.json,location_jsons,._topaneu_center1_mr_774.json,.json,4096,4.0,0.0039
location_jsons\._topaneu_center1_mr_775.json,location_jsons,._topaneu_center1_mr_775.json,.json,4096,4.0,0.0039
location_jsons\._topaneu_center1_mr_776.json,location_jsons,._topaneu_center1_mr_776.json,.json,4096,4.0,0.0039
location_jsons\._topaneu_center1_mr_788.json,location_jsons,._topaneu_center1_mr_788.json,.json,4096,4.0,0.0039
location_jsons\._topaneu_center1_mr_789.json,location_jsons,._topaneu_center1_mr_789.json,.json,4096,4.0,0.0039
location_jsons\._topaneu_center1_mr_790.json,location_jsons,._topaneu_center1_mr_790.json,.json,4096,4.0,0.0039
location_jsons\._topaneu_center1_mr_792.json,location_jsons,._topaneu_center1_mr_792.json,.json,4096,4.0,0.0039
location_jsons\._topaneu_center1_mr_795.json,location_jsons,._topaneu_center1_mr_795.json,.json,4096,4.0,0.0039
location_jsons\._topaneu_center1_mr_797.json,location_jsons,._topaneu_center1_mr_797.json,.json,4096,4.0,0.0039
location_jsons\._topaneu_center1_mr_800.json,location_jsons,._topaneu_center1_mr_800.json,.json,4096,4.0,0.0039
location_jsons\._topaneu_center1_mr_804.json,location_jsons,._topaneu_center1_mr_804.json,.json,4096,4.0,0.0039
location_jsons\._topaneu_center1_mr_807.json,location_jsons,._topaneu_center1_mr_807.json,.json,4096,4.0,0.0039
location_jsons\._topaneu_center1_mr_810.json,location_jsons,._topaneu_center1_mr_810.json,.json,4096,4.0,0.0039
location_jsons\._topaneu_center1_mr_816.json,location_jsons,._topaneu_center1_mr_816.json,.json,4096,4.0,0.0039
location_jsons\._topaneu_center1_mr_819.json,location_jsons,._topaneu_center1_mr_819.json,.json,4096,4.0,0.0039
location_jsons\._topaneu_center1_mr_823.json,location_jsons,._topaneu_center1_mr_823.json,.json,4096,4.0,0.0039
location_jsons\._topaneu_center1_mr_840.json,location_jsons,._topaneu_center1_mr_840.json,.json,4096,4.0,0.0039
location_jsons\._topaneu_center1_mr_842.json,location_jsons,._topaneu_center1_mr_842.json,.json,4096,4.0,0.0039
location_jsons\._topaneu_center1_mr_848.json,location_jsons,._topaneu_center1_mr_848.json,.json,4096,4.0,0.0039
location_jsons\._topaneu_center1_mr_850.json,location_jsons,._topaneu_center1_mr_850.json,.json,4096,4.0,0.0039
location_jsons\._topaneu_center1_mr_871.json,location_jsons,._topaneu_center1_mr_871.json,.json,4096,4.0,0.0039
location_jsons\._topaneu_center1_mr_877.json,location_jsons,._topaneu_center1_mr_877.json,.json,4096,4.0,0.0039
location_jsons\._topaneu_center1_mr_891.json,location_jsons,._topaneu_center1_mr_891.json,.json,4096,4.0,0.0039
location_jsons\._topaneu_center1_mr_892.json,location_jsons,._topaneu_center1_mr_892.json,.json,4096,4.0,0.0039
location_jsons\._topaneu_center1_mr_895.json,location_jsons,._topaneu_center1_mr_895.json,.json,4096,4.0,0.0039
location_jsons\._topaneu_center1_mr_896.json,location_jsons,._topaneu_center1_mr_896.json,.json,4096,4.0,0.0039
location_jsons\._topaneu_center1_mr_902.json,location_jsons,._topaneu_center1_mr_902.json,.json,4096,4.0,0.0039
location_jsons\._topaneu_center1_mr_909.json,location_jsons,._topaneu_center1_mr_909.json,.json,4096,4.0,0.0039
location_jsons\._topaneu_center1_mr_910.json,location_jsons,._topaneu_center1_mr_910.json,.json,4096,4.0,0.0039
location_jsons\._topaneu_center1_mr_911.json,location_jsons,._topaneu_center1_mr_911.json,.json,4096,4.0,0.0039
location_jsons\._topaneu_center1_mr_917.json,location_jsons,._topaneu_center1_mr_917.json,.json,4096,4.0,0.0039
location_jsons\._topaneu_center1_mr_920.json,location_jsons,._topaneu_center1_mr_920.json,.json,4096,4.0,0.0039
location_jsons\._topaneu_center1_mr_921.json,location_jsons,._topaneu_center1_mr_921.json,.json,4096,4.0,0.0039
location_jsons\._topaneu_center1_mr_922.json,location_jsons,._topaneu_center1_mr_922.json,.json,4096,4.0,0.0039
location_jsons\._topaneu_center1_mr_924.json,location_jsons,._topaneu_center1_mr_924.json,.json,4096,4.0,0.0039
location_jsons\._topaneu_center1_mr_926.json,location_jsons,._topaneu_center1_mr_926.json,.json,4096,4.0,0.0039
location_jsons\._topaneu_center1_mr_928.json,location_jsons,._topaneu_center1_mr_928.json,.json,4096,4.0,0.0039
location_jsons\._topaneu_center1_mr_939.json,location_jsons,._topaneu_center1_mr_939.json,.json,4096,4.0,0.0039
location_jsons\._topaneu_center1_mr_940.json,location_jsons,._topaneu_center1_mr_940.json,.json,4096,4.0,0.0039
location_jsons\._topaneu_center1_mr_942.json,location_jsons,._topaneu_center1_mr_942.json,.json,4096,4.0,0.0039
location_jsons\._topaneu_center1_mr_944.json,location_jsons,._topaneu_center1_mr_944.json,.json,4096,4.0,0.0039
location_jsons\._topaneu_center1_mr_959.json,location_jsons,._topaneu_center1_mr_959.json,.json,4096,4.0,0.0039
location_jsons\._topaneu_center1_mr_961.json,location_jsons,._topaneu_center1_mr_961.json,.json,4096,4.0,0.0039
location_jsons\._topaneu_center1_mr_975.json,location_jsons,._topaneu_center1_mr_975.json,.json,4096,4.0,0.0039
location_jsons\._topaneu_center1_mr_981.json,location_jsons,._topaneu_center1_mr_981.json,.json,4096,4.0,0.0039
location_jsons\._topaneu_center1_mr_991.json,location_jsons,._topaneu_center1_mr_991.json,.json,4096,4.0,0.0039
location_jsons\._topaneu_center2_ct_105.json,location_jsons,._topaneu_center2_ct_105.json,.json,4096,4.0,0.0039
location_jsons\._topaneu_center2_ct_107.json,location_jsons,._topaneu_center2_ct_107.json,.json,4096,4.0,0.0039
location_jsons\._topaneu_center2_ct_108.json,location_jsons,._topaneu_center2_ct_108.json,.json,4096,4.0,0.0039
location_jsons\._topaneu_center2_ct_109.json,location_jsons,._topaneu_center2_ct_109.json,.json,4096,4.0,0.0039
location_jsons\._topaneu_center2_ct_112.json,location_jsons,._topaneu_center2_ct_112.json,.json,4096,4.0,0.0039
location_jsons\._topaneu_center2_ct_113.json,location_jsons,._topaneu_center2_ct_113.json,.json,4096,4.0,0.0039
location_jsons\._topaneu_center2_ct_118.json,location_jsons,._topaneu_center2_ct_118.json,.json,4096,4.0,0.0039
location_jsons\._topaneu_center2_ct_119.json,location_jsons,._topaneu_center2_ct_119.json,.json,4096,4.0,0.0039
location_jsons\._topaneu_center2_ct_120.json,location_jsons,._topaneu_center2_ct_120.json,.json,4096,4.0,0.0039
location_jsons\._topaneu_center2_ct_125.json,location_jsons,._topaneu_center2_ct_125.json,.json,4096,4.0,0.0039
location_jsons\._topaneu_center2_ct_126.json,location_jsons,._topaneu_center2_ct_126.json,.json,4096,4.0,0.0039
location_jsons\._topaneu_center2_ct_127.json,location_jsons,._topaneu_center2_ct_127.json,.json,4096,4.0,0.0039
location_jsons\._topaneu_center2_ct_128.json,location_jsons,._topaneu_center2_ct_128.json,.json,4096,4.0,0.0039
location_jsons\._topaneu_center2_ct_130.json,location_jsons,._topaneu_center2_ct_130.json,.json,4096,4.0,0.0039
location_jsons\._topaneu_center2_ct_134.json,location_jsons,._topaneu_center2_ct_134.json,.json,4096,4.0,0.0039
location_jsons\._topaneu_center2_ct_137.json,location_jsons,._topaneu_center2_ct_137.json,.json,4096,4.0,0.0039
location_jsons\._topaneu_center2_ct_138.json,location_jsons,._topaneu_center2_ct_138.json,.json,4096,4.0,0.0039
location_jsons\._topaneu_center2_ct_141.json,location_jsons,._topaneu_center2_ct_141.json,.json,4096,4.0,0.0039
location_jsons\._topaneu_center2_ct_142.json,location_jsons,._topaneu_center2_ct_142.json,.json,4096,4.0,0.0039
location_jsons\._topaneu_center2_ct_144.json,location_jsons,._topaneu_center2_ct_144.json,.json,4096,4.0,0.0039
location_jsons\._topaneu_center2_ct_147.json,location_jsons,._topaneu_center2_ct_147.json,.json,4096,4.0,0.0039
location_jsons\._topaneu_center2_ct_150.json,location_jsons,._topaneu_center2_ct_150.json,.json,4096,4.0,0.0039
location_jsons\._topaneu_center2_ct_154.json,location_jsons,._topaneu_center2_ct_154.json,.json,4096,4.0,0.0039
location_jsons\._topaneu_center2_ct_156.json,location_jsons,._topaneu_center2_ct_156.json,.json,4096,4.0,0.0039
location_jsons\._topaneu_center2_ct_160.json,location_jsons,._topaneu_center2_ct_160.json,.json,4096,4.0,0.0039
location_jsons\._topaneu_center2_ct_161.json,location_jsons,._topaneu_center2_ct_161.json,.json,4096,4.0,0.0039
location_jsons\._topaneu_center2_ct_162.json,location_jsons,._topaneu_center2_ct_162.json,.json,4096,4.0,0.0039
location_jsons\._topaneu_center2_ct_163.json,location_jsons,._topaneu_center2_ct_163.json,.json,4096,4.0,0.0039
location_jsons\._topaneu_center2_ct_164.json,location_jsons,._topaneu_center2_ct_164.json,.json,4096,4.0,0.0039
location_jsons\._topaneu_center2_ct_165.json,location_jsons,._topaneu_center2_ct_165.json,.json,4096,4.0,0.0039
location_jsons\._topaneu_center2_ct_166.json,location_jsons,._topaneu_center2_ct_166.json,.json,4096,4.0,0.0039
location_jsons\._topaneu_center2_ct_167.json,location_jsons,._topaneu_center2_ct_167.json,.json,4096,4.0,0.0039
location_jsons\._topaneu_center2_ct_169.json,location_jsons,._topaneu_center2_ct_169.json,.json,4096,4.0,0.0039
location_jsons\._topaneu_center2_ct_170.json,location_jsons,._topaneu_center2_ct_170.json,.json,4096,4.0,0.0039
location_jsons\._topaneu_center2_ct_171.json,location_jsons,._topaneu_center2_ct_171.json,.json,4096,4.0,0.0039
location_jsons\._topaneu_center2_ct_172.json,location_jsons,._topaneu_center2_ct_172.json,.json,4096,4.0,0.0039
location_jsons\._topaneu_center2_ct_173.json,location_jsons,._topaneu_center2_ct_173.json,.json,4096,4.0,0.0039
location_jsons\._topaneu_center2_ct_174.json,location_jsons,._topaneu_center2_ct_174.json,.json,4096,4.0,0.0039
location_jsons\._topaneu_center2_ct_175.json,location_jsons,._topaneu_center2_ct_175.json,.json,4096,4.0,0.0039
location_jsons\._topaneu_center2_ct_184.json,location_jsons,._topaneu_center2_ct_184.json,.json,4096,4.0,0.0039
location_jsons\._topaneu_center2_ct_189.json,location_jsons,._topaneu_center2_ct_189.json,.json,4096,4.0,0.0039
location_jsons\._topaneu_center2_ct_190.json,location_jsons,._topaneu_center2_ct_190.json,.json,4096,4.0,0.0039
location_jsons\._topaneu_center2_ct_191.json,location_jsons,._topaneu_center2_ct_191.json,.json,4096,4.0,0.0039
location_jsons\._topaneu_center2_ct_192.json,location_jsons,._topaneu_center2_ct_192.json,.json,4096,4.0,0.0039
location_jsons\._topaneu_center2_ct_193.json,location_jsons,._topaneu_center2_ct_193.json,.json,4096,4.0,0.0039
location_jsons\._topaneu_center2_ct_196.json,location_jsons,._topaneu_center2_ct_196.json,.json,4096,4.0,0.0039
location_jsons\._topaneu_center2_ct_197.json,location_jsons,._topaneu_center2_ct_197.json,.json,4096,4.0,0.0039
location_jsons\._topaneu_center2_mr_002.json,location_jsons,._topaneu_center2_mr_002.json,.json,4096,4.0,0.0039
location_jsons\._topaneu_center2_mr_004.json,location_jsons,._topaneu_center2_mr_004.json,.json,4096,4.0,0.0039
location_jsons\._topaneu_center2_mr_007.json,location_jsons,._topaneu_center2_mr_007.json,.json,4096,4.0,0.0039
location_jsons\._topaneu_center2_mr_010.json,location_jsons,._topaneu_center2_mr_010.json,.json,4096,4.0,0.0039
location_jsons\._topaneu_center2_mr_011.json,location_jsons,._topaneu_center2_mr_011.json,.json,4096,4.0,0.0039
location_jsons\._topaneu_center2_mr_012.json,location_jsons,._topaneu_center2_mr_012.json,.json,4096,4.0,0.0039
location_jsons\._topaneu_center2_mr_016.json,location_jsons,._topaneu_center2_mr_016.json,.json,4096,4.0,0.0039
location_jsons\._topaneu_center2_mr_017.json,location_jsons,._topaneu_center2_mr_017.json,.json,4096,4.0,0.0039
location_jsons\._topaneu_center2_mr_018.json,location_jsons,._topaneu_center2_mr_018.json,.json,4096,4.0,0.0039
location_jsons\._topaneu_center2_mr_019.json,location_jsons,._topaneu_center2_mr_019.json,.json,4096,4.0,0.0039
location_jsons\._topaneu_center2_mr_020.json,location_jsons,._topaneu_center2_mr_020.json,.json,4096,4.0,0.0039
location_jsons\._topaneu_center2_mr_025.json,location_jsons,._topaneu_center2_mr_025.json,.json,4096,4.0,0.0039
location_jsons\._topaneu_center2_mr_028.json,location_jsons,._topaneu_center2_mr_028.json,.json,4096,4.0,0.0039
location_jsons\._topaneu_center2_mr_029.json,location_jsons,._topaneu_center2_mr_029.json,.json,4096,4.0,0.0039
location_jsons\._topaneu_center2_mr_031.json,location_jsons,._topaneu_center2_mr_031.json,.json,4096,4.0,0.0039
location_jsons\._topaneu_center2_mr_032.json,location_jsons,._topaneu_center2_mr_032.json,.json,4096,4.0,0.0039
location_jsons\._topaneu_center2_mr_034.json,location_jsons,._topaneu_center2_mr_034.json,.json,4096,4.0,0.0039
location_jsons\._topaneu_center2_mr_035.json,location_jsons,._topaneu_center2_mr_035.json,.json,4096,4.0,0.0039
location_jsons\._topaneu_center2_mr_038.json,location_jsons,._topaneu_center2_mr_038.json,.json,4096,4.0,0.0039
location_jsons\._topaneu_center2_mr_042.json,location_jsons,._topaneu_center2_mr_042.json,.json,4096,4.0,0.0039
location_jsons\._topaneu_center2_mr_044.json,location_jsons,._topaneu_center2_mr_044.json,.json,4096,4.0,0.0039
location_jsons\._topaneu_center2_mr_047.json,location_jsons,._topaneu_center2_mr_047.json,.json,4096,4.0,0.0039
location_jsons\._topaneu_center2_mr_048.json,location_jsons,._topaneu_center2_mr_048.json,.json,4096,4.0,0.0039
location_jsons\._topaneu_center2_mr_049.json,location_jsons,._topaneu_center2_mr_049.json,.json,4096,4.0,0.0039
location_jsons\._topaneu_center2_mr_050.json,location_jsons,._topaneu_center2_mr_050.json,.json,4096,4.0,0.0039
location_jsons\._topaneu_center2_mr_051.json,location_jsons,._topaneu_center2_mr_051.json,.json,4096,4.0,0.0039
location_jsons\._topaneu_center2_mr_054.json,location_jsons,._topaneu_center2_mr_054.json,.json,4096,4.0,0.0039
location_jsons\._topaneu_center2_mr_055.json,location_jsons,._topaneu_center2_mr_055.json,.json,4096,4.0,0.0039
location_jsons\._topaneu_center2_mr_056.json,location_jsons,._topaneu_center2_mr_056.json,.json,4096,4.0,0.0039
location_jsons\._topaneu_center2_mr_057.json,location_jsons,._topaneu_center2_mr_057.json,.json,4096,4.0,0.0039
location_jsons\._topaneu_center2_mr_058.json,location_jsons,._topaneu_center2_mr_058.json,.json,4096,4.0,0.0039
location_jsons\._topaneu_center2_mr_069.json,location_jsons,._topaneu_center2_mr_069.json,.json,4096,4.0,0.0039
location_jsons\._topaneu_center2_mr_074.json,location_jsons,._topaneu_center2_mr_074.json,.json,4096,4.0,0.0039
location_jsons\._topaneu_center2_mr_077.json,location_jsons,._topaneu_center2_mr_077.json,.json,4096,4.0,0.0039
location_jsons\._topaneu_center2_mr_078.json,location_jsons,._topaneu_center2_mr_078.json,.json,4096,4.0,0.0039
location_jsons\._topaneu_center2_mr_079.json,location_jsons,._topaneu_center2_mr_079.json,.json,4096,4.0,0.0039
location_jsons\._topaneu_center2_mr_080.json,location_jsons,._topaneu_center2_mr_080.json,.json,4096,4.0,0.0039
location_jsons\._topaneu_center2_mr_083.json,location_jsons,._topaneu_center2_mr_083.json,.json,4096,4.0,0.0039
location_jsons\._topaneu_center2_mr_085.json,location_jsons,._topaneu_center2_mr_085.json,.json,4096,4.0,0.0039
location_jsons\._topaneu_center2_mr_086.json,location_jsons,._topaneu_center2_mr_086.json,.json,4096,4.0,0.0039
location_jsons\._topaneu_center4_ct_002.json,location_jsons,._topaneu_center4_ct_002.json,.json,4096,4.0,0.0039
location_jsons\._topaneu_center4_ct_005.json,location_jsons,._topaneu_center4_ct_005.json,.json,4096,4.0,0.0039
location_jsons\._topaneu_center4_ct_008_1.json,location_jsons,._topaneu_center4_ct_008_1.json,.json,4096,4.0,0.0039
location_jsons\._topaneu_center4_ct_008_2.json,location_jsons,._topaneu_center4_ct_008_2.json,.json,4096,4.0,0.0039
location_jsons\._topaneu_center4_ct_009.json,location_jsons,._topaneu_center4_ct_009.json,.json,4096,4.0,0.0039
location_jsons\._topaneu_center4_ct_012.json,location_jsons,._topaneu_center4_ct_012.json,.json,4096,4.0,0.0039
location_jsons\._topaneu_center4_ct_019.json,location_jsons,._topaneu_center4_ct_019.json,.json,4096,4.0,0.0039
location_jsons\._topaneu_center4_ct_020_1.json,location_jsons,._topaneu_center4_ct_020_1.json,.json,4096,4.0,0.0039
location_jsons\._topaneu_center4_ct_020_2.json,location_jsons,._topaneu_center4_ct_020_2.json,.json,4096,4.0,0.0039
location_jsons\._topaneu_center4_ct_020_3.json,location_jsons,._topaneu_center4_ct_020_3.json,.json,4096,4.0,0.0039
location_jsons\._topaneu_center4_ct_023.json,location_jsons,._topaneu_center4_ct_023.json,.json,4096,4.0,0.0039
location_jsons\._topaneu_center4_ct_025_1.json,location_jsons,._topaneu_center4_ct_025_1.json,.json,4096,4.0,0.0039
location_jsons\._topaneu_center4_ct_025_2.json,location_jsons,._topaneu_center4_ct_025_2.json,.json,4096,4.0,0.0039
location_jsons\._topaneu_center4_ct_030.json,location_jsons,._topaneu_center4_ct_030.json,.json,4096,4.0,0.0039
location_jsons\._topaneu_center4_ct_034_1.json,location_jsons,._topaneu_center4_ct_034_1.json,.json,4096,4.0,0.0039
location_jsons\._topaneu_center4_ct_034_2.json,location_jsons,._topaneu_center4_ct_034_2.json,.json,4096,4.0,0.0039
location_jsons\._topaneu_center4_ct_037.json,location_jsons,._topaneu_center4_ct_037.json,.json,4096,4.0,0.0039
location_jsons\._topaneu_center4_ct_041.json,location_jsons,._topaneu_center4_ct_041.json,.json,4096,4.0,0.0039
location_jsons\._topaneu_center4_ct_042_2.json,location_jsons,._topaneu_center4_ct_042_2.json,.json,4096,4.0,0.0039
location_jsons\._topaneu_center4_ct_045.json,location_jsons,._topaneu_center4_ct_045.json,.json,4096,4.0,0.0039
location_jsons\._topaneu_center4_ct_047.json,location_jsons,._topaneu_center4_ct_047.json,.json,4096,4.0,0.0039
location_jsons\._topaneu_center4_ct_048.json,location_jsons,._topaneu_center4_ct_048.json,.json,4096,4.0,0.0039
location_jsons\._topaneu_center4_ct_051_1.json,location_jsons,._topaneu_center4_ct_051_1.json,.json,4096,4.0,0.0039
location_jsons\._topaneu_center4_ct_051_2.json,location_jsons,._topaneu_center4_ct_051_2.json,.json,4096,4.0,0.0039
location_jsons\._topaneu_center4_ct_055.json,location_jsons,._topaneu_center4_ct_055.json,.json,4096,4.0,0.0039
location_jsons\._topaneu_center4_ct_057.json,location_jsons,._topaneu_center4_ct_057.json,.json,4096,4.0,0.0039
location_jsons\._topaneu_center4_ct_059.json,location_jsons,._topaneu_center4_ct_059.json,.json,4096,4.0,0.0039
location_jsons\._topaneu_center4_ct_060.json,location_jsons,._topaneu_center4_ct_060.json,.json,4096,4.0,0.0039
location_jsons\._topaneu_center4_ct_062_1.json,location_jsons,._topaneu_center4_ct_062_1.json,.json,4096,4.0,0.0039
location_jsons\._topaneu_center4_ct_062_2.json,location_jsons,._topaneu_center4_ct_062_2.json,.json,4096,4.0,0.0039
location_jsons\._topaneu_center4_ct_063.json,location_jsons,._topaneu_center4_ct_063.json,.json,4096,4.0,0.0039
location_jsons\._topaneu_center4_ct_064.json,location_jsons,._topaneu_center4_ct_064.json,.json,4096,4.0,0.0039
location_jsons\._topaneu_center4_ct_065.json,location_jsons,._topaneu_center4_ct_065.json,.json,4096,4.0,0.0039
location_jsons\._topaneu_center4_ct_067.json,location_jsons,._topaneu_center4_ct_067.json,.json,4096,4.0,0.0039
location_jsons\._topaneu_center4_ct_070.json,location_jsons,._topaneu_center4_ct_070.json,.json,4096,4.0,0.0039
location_jsons\._topaneu_center4_ct_072.json,location_jsons,._topaneu_center4_ct_072.json,.json,4096,4.0,0.0039
location_jsons\._topaneu_center4_ct_074.json,location_jsons,._topaneu_center4_ct_074.json,.json,4096,4.0,0.0039
location_jsons\._topaneu_center4_ct_083.json,location_jsons,._topaneu_center4_ct_083.json,.json,4096,4.0,0.0039
location_jsons\._topaneu_center4_ct_087.json,location_jsons,._topaneu_center4_ct_087.json,.json,4096,4.0,0.0039
location_jsons\._topaneu_center4_ct_093.json,location_jsons,._topaneu_center4_ct_093.json,.json,4096,4.0,0.0039
location_jsons\._topaneu_center4_ct_094.json,location_jsons,._topaneu_center4_ct_094.json,.json,4096,4.0,0.0039
location_jsons\._topaneu_center4_ct_097.json,location_jsons,._topaneu_center4_ct_097.json,.json,4096,4.0,0.0039
location_jsons\._topaneu_center4_ct_101.json,location_jsons,._topaneu_center4_ct_101.json,.json,4096,4.0,0.0039
location_jsons\._topaneu_center4_ct_102.json,location_jsons,._topaneu_center4_ct_102.json,.json,4096,4.0,0.0039
location_jsons\._topaneu_center4_ct_103.json,location_jsons,._topaneu_center4_ct_103.json,.json,4096,4.0,0.0039
location_jsons\._topaneu_center4_ct_104.json,location_jsons,._topaneu_center4_ct_104.json,.json,4096,4.0,0.0039
location_jsons\._topaneu_center4_ct_105.json,location_jsons,._topaneu_center4_ct_105.json,.json,4096,4.0,0.0039
location_jsons\._topaneu_center4_ct_106.json,location_jsons,._topaneu_center4_ct_106.json,.json,4096,4.0,0.0039
location_jsons\._topaneu_center4_ct_107.json,location_jsons,._topaneu_center4_ct_107.json,.json,4096,4.0,0.0039
location_jsons\._topaneu_center4_ct_108.json,location_jsons,._topaneu_center4_ct_108.json,.json,4096,4.0,0.0039
location_jsons\._topaneu_center4_ct_115.json,location_jsons,._topaneu_center4_ct_115.json,.json,4096,4.0,0.0039
location_jsons\._topaneu_center4_ct_116.json,location_jsons,._topaneu_center4_ct_116.json,.json,4096,4.0,0.0039
location_jsons\._topaneu_center4_ct_119.json,location_jsons,._topaneu_center4_ct_119.json,.json,4096,4.0,0.0039
location_jsons\._topaneu_center4_ct_122.json,location_jsons,._topaneu_center4_ct_122.json,.json,4096,4.0,0.0039
location_jsons\._topaneu_center4_ct_127.json,location_jsons,._topaneu_center4_ct_127.json,.json,4096,4.0,0.0039
location_jsons\._topaneu_center4_ct_129.json,location_jsons,._topaneu_center4_ct_129.json,.json,4096,4.0,0.0039
location_jsons\._topaneu_center4_ct_134.json,location_jsons,._topaneu_center4_ct_134.json,.json,4096,4.0,0.0039
location_jsons\._topaneu_center4_ct_140.json,location_jsons,._topaneu_center4_ct_140.json,.json,4096,4.0,0.0039
location_jsons\._topaneu_center4_ct_193.json,location_jsons,._topaneu_center4_ct_193.json,.json,4096,4.0,0.0039
location_jsons\._topaneu_center4_ct_200.json,location_jsons,._topaneu_center4_ct_200.json,.json,4096,4.0,0.0039
location_jsons\._topaneu_center4_ct_201.json,location_jsons,._topaneu_center4_ct_201.json,.json,4096,4.0,0.0039
location_jsons\._topaneu_center5_mr_007.json,location_jsons,._topaneu_center5_mr_007.json,.json,4096,4.0,0.0039
location_jsons\._topaneu_center5_mr_009.json,location_jsons,._topaneu_center5_mr_009.json,.json,4096,4.0,0.0039
location_jsons\._topaneu_center5_mr_010.json,location_jsons,._topaneu_center5_mr_010.json,.json,4096,4.0,0.0039
location_jsons\._topaneu_center5_mr_011.json,location_jsons,._topaneu_center5_mr_011.json,.json,4096,4.0,0.0039
location_jsons\._topaneu_center5_mr_015.json,location_jsons,._topaneu_center5_mr_015.json,.json,4096,4.0,0.0039
location_jsons\._topaneu_center5_mr_016.json,location_jsons,._topaneu_center5_mr_016.json,.json,4096,4.0,0.0039
location_jsons\._topaneu_center5_mr_021.json,location_jsons,._topaneu_center5_mr_021.json,.json,4096,4.0,0.0039
location_jsons\._topaneu_center5_mr_022.json,location_jsons,._topaneu_center5_mr_022.json,.json,4096,4.0,0.0039
location_jsons\._topaneu_center5_mr_023.json,location_jsons,._topaneu_center5_mr_023.json,.json,4096,4.0,0.0039
location_jsons\._topaneu_center5_mr_024.json,location_jsons,._topaneu_center5_mr_024.json,.json,4096,4.0,0.0039
location_jsons\._topaneu_center5_mr_025.json,location_jsons,._topaneu_center5_mr_025.json,.json,4096,4.0,0.0039
location_jsons\._topaneu_center5_mr_027.json,location_jsons,._topaneu_center5_mr_027.json,.json,4096,4.0,0.0039
location_jsons\._topaneu_center5_mr_028.json,location_jsons,._topaneu_center5_mr_028.json,.json,4096,4.0,0.0039
location_jsons\._topaneu_center5_mr_029.json,location_jsons,._topaneu_center5_mr_029.json,.json,4096,4.0,0.0039
location_jsons\._topaneu_center5_mr_030.json,location_jsons,._topaneu_center5_mr_030.json,.json,4096,4.0,0.0039
location_jsons\._topaneu_center5_mr_031.json,location_jsons,._topaneu_center5_mr_031.json,.json,4096,4.0,0.0039
location_jsons\._topaneu_center5_mr_032.json,location_jsons,._topaneu_center5_mr_032.json,.json,4096,4.0,0.0039
location_jsons\._topaneu_center5_mr_033.json,location_jsons,._topaneu_center5_mr_033.json,.json,4096,4.0,0.0039
location_jsons\._topaneu_center5_mr_034.json,location_jsons,._topaneu_center5_mr_034.json,.json,4096,4.0,0.0039
location_jsons\._topaneu_center5_mr_036.json,location_jsons,._topaneu_center5_mr_036.json,.json,4096,4.0,0.0039
location_jsons\._topaneu_center5_mr_037.json,location_jsons,._topaneu_center5_mr_037.json,.json,4096,4.0,0.0039
location_jsons\._topaneu_center5_mr_038.json,location_jsons,._topaneu_center5_mr_038.json,.json,4096,4.0,0.0039
location_jsons\._topaneu_center5_mr_039.json,location_jsons,._topaneu_center5_mr_039.json,.json,4096,4.0,0.0039
location_jsons\._topaneu_center5_mr_041.json,location_jsons,._topaneu_center5_mr_041.json,.json,4096,4.0,0.0039
location_jsons\._topaneu_center5_mr_052.json,location_jsons,._topaneu_center5_mr_052.json,.json,4096,4.0,0.0039
location_jsons\._topaneu_center5_mr_061.json,location_jsons,._topaneu_center5_mr_061.json,.json,4096,4.0,0.0039
location_jsons\._topaneu_center5_mr_063.json,location_jsons,._topaneu_center5_mr_063.json,.json,4096,4.0,0.0039
location_jsons\._topaneu_center5_mr_068.json,location_jsons,._topaneu_center5_mr_068.json,.json,4096,4.0,0.0039
location_jsons\._topaneu_center5_mr_074.json,location_jsons,._topaneu_center5_mr_074.json,.json,4096,4.0,0.0039
location_jsons\._topaneu_center5_mr_079.json,location_jsons,._topaneu_center5_mr_079.json,.json,4096,4.0,0.0039
location_jsons\._topaneu_center5_mr_081.json,location_jsons,._topaneu_center5_mr_081.json,.json,4096,4.0,0.0039
location_jsons\._topaneu_center5_mr_082.json,location_jsons,._topaneu_center5_mr_082.json,.json,4096,4.0,0.0039
location_jsons\._topaneu_center5_mr_451.json,location_jsons,._topaneu_center5_mr_451.json,.json,4096,4.0,0.0039
location_jsons\._topaneu_center5_mr_452.json,location_jsons,._topaneu_center5_mr_452.json,.json,4096,4.0,0.0039
location_jsons\._topaneu_center5_mr_453.json,location_jsons,._topaneu_center5_mr_453.json,.json,4096,4.0,0.0039
location_jsons\._topaneu_center5_mr_454.json,location_jsons,._topaneu_center5_mr_454.json,.json,4096,4.0,0.0039
location_jsons\._topaneu_center5_mr_455.json,location_jsons,._topaneu_center5_mr_455.json,.json,4096,4.0,0.0039
location_jsons\._topaneu_center5_mr_457.json,location_jsons,._topaneu_center5_mr_457.json,.json,4096,4.0,0.0039
location_jsons\._topaneu_center5_mr_458.json,location_jsons,._topaneu_center5_mr_458.json,.json,4096,4.0,0.0039
location_jsons\._topaneu_center5_mr_459.json,location_jsons,._topaneu_center5_mr_459.json,.json,4096,4.0,0.0039
location_jsons\._topaneu_center5_mr_460.json,location_jsons,._topaneu_center5_mr_460.json,.json,4096,4.0,0.0039
location_jsons\._topaneu_center5_mr_461.json,location_jsons,._topaneu_center5_mr_461.json,.json,4096,4.0,0.0039
location_jsons\._topaneu_center5_mr_462.json,location_jsons,._topaneu_center5_mr_462.json,.json,4096,4.0,0.0039
location_jsons\._topaneu_center5_mr_464.json,location_jsons,._topaneu_center5_mr_464.json,.json,4096,4.0,0.0039
location_jsons\._topaneu_center5_mr_465.json,location_jsons,._topaneu_center5_mr_465.json,.json,4096,4.0,0.0039
location_jsons\._topaneu_center5_mr_466.json,location_jsons,._topaneu_center5_mr_466.json,.json,4096,4.0,0.0039
location_jsons\._topaneu_center5_mr_467.json,location_jsons,._topaneu_center5_mr_467.json,.json,4096,4.0,0.0039
location_jsons\._topaneu_center5_mr_469.json,location_jsons,._topaneu_center5_mr_469.json,.json,4096,4.0,0.0039
location_jsons\._topaneu_center5_mr_470.json,location_jsons,._topaneu_center5_mr_470.json,.json,4096,4.0,0.0039
location_jsons\._topaneu_center5_mr_471.json,location_jsons,._topaneu_center5_mr_471.json,.json,4096,4.0,0.0039
location_jsons\._topaneu_center5_mr_472.json,location_jsons,._topaneu_center5_mr_472.json,.json,4096,4.0,0.0039
location_jsons\._topaneu_center5_mr_473.json,location_jsons,._topaneu_center5_mr_473.json,.json,4096,4.0,0.0039
location_jsons\._topaneu_center5_mr_474.json,location_jsons,._topaneu_center5_mr_474.json,.json,4096,4.0,0.0039
location_jsons\._topaneu_center5_mr_475.json,location_jsons,._topaneu_center5_mr_475.json,.json,4096,4.0,0.0039
location_jsons\._topaneu_center5_mr_476.json,location_jsons,._topaneu_center5_mr_476.json,.json,4096,4.0,0.0039
location_jsons\._topaneu_center5_mr_478.json,location_jsons,._topaneu_center5_mr_478.json,.json,4096,4.0,0.0039
location_jsons\._topaneu_center5_mr_479.json,location_jsons,._topaneu_center5_mr_479.json,.json,4096,4.0,0.0039
location_jsons\._topaneu_center5_mr_480.json,location_jsons,._topaneu_center5_mr_480.json,.json,4096,4.0,0.0039
location_jsons\._topaneu_center5_mr_481.json,location_jsons,._topaneu_center5_mr_481.json,.json,4096,4.0,0.0039
location_jsons\._topaneu_center5_mr_484.json,location_jsons,._topaneu_center5_mr_484.json,.json,4096,4.0,0.0039
location_jsons\._topaneu_center5_mr_485.json,location_jsons,._topaneu_center5_mr_485.json,.json,4096,4.0,0.0039
location_jsons\._topaneu_center5_mr_486.json,location_jsons,._topaneu_center5_mr_486.json,.json,4096,4.0,0.0039
location_jsons\._topaneu_center5_mr_487.json,location_jsons,._topaneu_center5_mr_487.json,.json,4096,4.0,0.0039
location_jsons\._topaneu_center5_mr_488.json,location_jsons,._topaneu_center5_mr_488.json,.json,4096,4.0,0.0039
location_jsons\._topaneu_center5_mr_489.json,location_jsons,._topaneu_center5_mr_489.json,.json,4096,4.0,0.0039
location_jsons\._topaneu_center5_mr_490.json,location_jsons,._topaneu_center5_mr_490.json,.json,4096,4.0,0.0039
location_jsons\._topaneu_center5_mr_491.json,location_jsons,._topaneu_center5_mr_491.json,.json,4096,4.0,0.0039
location_jsons\._topaneu_center5_mr_492.json,location_jsons,._topaneu_center5_mr_492.json,.json,4096,4.0,0.0039
location_jsons\topaneu_center1_mr_001.json,location_jsons,topaneu_center1_mr_001.json,.json,23,0.02,0.0
location_jsons\topaneu_center1_mr_005.json,location_jsons,topaneu_center1_mr_005.json,.json,23,0.02,0.0
location_jsons\topaneu_center1_mr_016.json,location_jsons,topaneu_center1_mr_016.json,.json,23,0.02,0.0
location_jsons\topaneu_center1_mr_017.json,location_jsons,topaneu_center1_mr_017.json,.json,39,0.04,0.0
location_jsons\topaneu_center1_mr_018.json,location_jsons,topaneu_center1_mr_018.json,.json,23,0.02,0.0
location_jsons\topaneu_center1_mr_024.json,location_jsons,topaneu_center1_mr_024.json,.json,63,0.06,0.0001
location_jsons\topaneu_center1_mr_028.json,location_jsons,topaneu_center1_mr_028.json,.json,39,0.04,0.0
location_jsons\topaneu_center1_mr_029.json,location_jsons,topaneu_center1_mr_029.json,.json,23,0.02,0.0
location_jsons\topaneu_center1_mr_033.json,location_jsons,topaneu_center1_mr_033.json,.json,39,0.04,0.0
location_jsons\topaneu_center1_mr_038.json,location_jsons,topaneu_center1_mr_038.json,.json,23,0.02,0.0
location_jsons\topaneu_center1_mr_049.json,location_jsons,topaneu_center1_mr_049.json,.json,23,0.02,0.0
location_jsons\topaneu_center1_mr_050.json,location_jsons,topaneu_center1_mr_050.json,.json,23,0.02,0.0
location_jsons\topaneu_center1_mr_053.json,location_jsons,topaneu_center1_mr_053.json,.json,23,0.02,0.0
location_jsons\topaneu_center1_mr_056.json,location_jsons,topaneu_center1_mr_056.json,.json,39,0.04,0.0
location_jsons\topaneu_center1_mr_061.json,location_jsons,topaneu_center1_mr_061.json,.json,23,0.02,0.0
location_jsons\topaneu_center1_mr_064.json,location_jsons,topaneu_center1_mr_064.json,.json,23,0.02,0.0
location_jsons\topaneu_center1_mr_076.json,location_jsons,topaneu_center1_mr_076.json,.json,23,0.02,0.0
location_jsons\topaneu_center1_mr_085.json,location_jsons,topaneu_center1_mr_085.json,.json,51,0.05,0.0
location_jsons\topaneu_center1_mr_088.json,location_jsons,topaneu_center1_mr_088.json,.json,23,0.02,0.0
location_jsons\topaneu_center1_mr_092.json,location_jsons,topaneu_center1_mr_092.json,.json,56,0.05,0.0001
location_jsons\topaneu_center1_mr_113.json,location_jsons,topaneu_center1_mr_113.json,.json,39,0.04,0.0
location_jsons\topaneu_center1_mr_119.json,location_jsons,topaneu_center1_mr_119.json,.json,23,0.02,0.0
location_jsons\topaneu_center1_mr_121.json,location_jsons,topaneu_center1_mr_121.json,.json,23,0.02,0.0
location_jsons\topaneu_center1_mr_129.json,location_jsons,topaneu_center1_mr_129.json,.json,39,0.04,0.0
location_jsons\topaneu_center1_mr_136.json,location_jsons,topaneu_center1_mr_136.json,.json,23,0.02,0.0
location_jsons\topaneu_center1_mr_138.json,location_jsons,topaneu_center1_mr_138.json,.json,23,0.02,0.0
location_jsons\topaneu_center1_mr_144.json,location_jsons,topaneu_center1_mr_144.json,.json,23,0.02,0.0
location_jsons\topaneu_center1_mr_147.json,location_jsons,topaneu_center1_mr_147.json,.json,23,0.02,0.0
location_jsons\topaneu_center1_mr_148.json,location_jsons,topaneu_center1_mr_148.json,.json,39,0.04,0.0
location_jsons\topaneu_center1_mr_149.json,location_jsons,topaneu_center1_mr_149.json,.json,23,0.02,0.0
location_jsons\topaneu_center1_mr_157.json,location_jsons,topaneu_center1_mr_157.json,.json,23,0.02,0.0
location_jsons\topaneu_center1_mr_173.json,location_jsons,topaneu_center1_mr_173.json,.json,23,0.02,0.0
location_jsons\topaneu_center1_mr_177.json,location_jsons,topaneu_center1_mr_177.json,.json,39,0.04,0.0
location_jsons\topaneu_center1_mr_178.json,location_jsons,topaneu_center1_mr_178.json,.json,23,0.02,0.0
location_jsons\topaneu_center1_mr_184.json,location_jsons,topaneu_center1_mr_184.json,.json,39,0.04,0.0
location_jsons\topaneu_center1_mr_188.json,location_jsons,topaneu_center1_mr_188.json,.json,23,0.02,0.0
location_jsons\topaneu_center1_mr_189.json,location_jsons,topaneu_center1_mr_189.json,.json,23,0.02,0.0
location_jsons\topaneu_center1_mr_191.json,location_jsons,topaneu_center1_mr_191.json,.json,51,0.05,0.0
location_jsons\topaneu_center1_mr_193.json,location_jsons,topaneu_center1_mr_193.json,.json,39,0.04,0.0
location_jsons\topaneu_center1_mr_195.json,location_jsons,topaneu_center1_mr_195.json,.json,23,0.02,0.0
location_jsons\topaneu_center1_mr_198.json,location_jsons,topaneu_center1_mr_198.json,.json,39,0.04,0.0
location_jsons\topaneu_center1_mr_200.json,location_jsons,topaneu_center1_mr_200.json,.json,62,0.06,0.0001
location_jsons\topaneu_center1_mr_202.json,location_jsons,topaneu_center1_mr_202.json,.json,23,0.02,0.0
location_jsons\topaneu_center1_mr_210.json,location_jsons,topaneu_center1_mr_210.json,.json,63,0.06,0.0001
location_jsons\topaneu_center1_mr_211.json,location_jsons,topaneu_center1_mr_211.json,.json,23,0.02,0.0
location_jsons\topaneu_center1_mr_213.json,location_jsons,topaneu_center1_mr_213.json,.json,23,0.02,0.0
location_jsons\topaneu_center1_mr_221.json,location_jsons,topaneu_center1_mr_221.json,.json,23,0.02,0.0
location_jsons\topaneu_center1_mr_229.json,location_jsons,topaneu_center1_mr_229.json,.json,23,0.02,0.0
location_jsons\topaneu_center1_mr_241.json,location_jsons,topaneu_center1_mr_241.json,.json,23,0.02,0.0
location_jsons\topaneu_center1_mr_247.json,location_jsons,topaneu_center1_mr_247.json,.json,23,0.02,0.0
location_jsons\topaneu_center1_mr_251.json,location_jsons,topaneu_center1_mr_251.json,.json,39,0.04,0.0
location_jsons\topaneu_center1_mr_262.json,location_jsons,topaneu_center1_mr_262.json,.json,50,0.05,0.0
location_jsons\topaneu_center1_mr_264.json,location_jsons,topaneu_center1_mr_264.json,.json,39,0.04,0.0
location_jsons\topaneu_center1_mr_282.json,location_jsons,topaneu_center1_mr_282.json,.json,23,0.02,0.0
location_jsons\topaneu_center1_mr_287.json,location_jsons,topaneu_center1_mr_287.json,.json,23,0.02,0.0
location_jsons\topaneu_center1_mr_290.json,location_jsons,topaneu_center1_mr_290.json,.json,23,0.02,0.0
location_jsons\topaneu_center1_mr_298.json,location_jsons,topaneu_center1_mr_298.json,.json,23,0.02,0.0
location_jsons\topaneu_center1_mr_299.json,location_jsons,topaneu_center1_mr_299.json,.json,23,0.02,0.0
location_jsons\topaneu_center1_mr_301.json,location_jsons,topaneu_center1_mr_301.json,.json,39,0.04,0.0
location_jsons\topaneu_center1_mr_302.json,location_jsons,topaneu_center1_mr_302.json,.json,39,0.04,0.0
location_jsons\topaneu_center1_mr_308.json,location_jsons,topaneu_center1_mr_308.json,.json,39,0.04,0.0
location_jsons\topaneu_center1_mr_311.json,location_jsons,topaneu_center1_mr_311.json,.json,23,0.02,0.0
location_jsons\topaneu_center1_mr_316.json,location_jsons,topaneu_center1_mr_316.json,.json,23,0.02,0.0
location_jsons\topaneu_center1_mr_325.json,location_jsons,topaneu_center1_mr_325.json,.json,50,0.05,0.0
location_jsons\topaneu_center1_mr_327.json,location_jsons,topaneu_center1_mr_327.json,.json,23,0.02,0.0
location_jsons\topaneu_center1_mr_330.json,location_jsons,topaneu_center1_mr_330.json,.json,23,0.02,0.0
location_jsons\topaneu_center1_mr_334.json,location_jsons,topaneu_center1_mr_334.json,.json,23,0.02,0.0
location_jsons\topaneu_center1_mr_336.json,location_jsons,topaneu_center1_mr_336.json,.json,39,0.04,0.0
location_jsons\topaneu_center1_mr_342.json,location_jsons,topaneu_center1_mr_342.json,.json,39,0.04,0.0
location_jsons\topaneu_center1_mr_349.json,location_jsons,topaneu_center1_mr_349.json,.json,23,0.02,0.0
location_jsons\topaneu_center1_mr_350.json,location_jsons,topaneu_center1_mr_350.json,.json,23,0.02,0.0
location_jsons\topaneu_center1_mr_354.json,location_jsons,topaneu_center1_mr_354.json,.json,39,0.04,0.0
location_jsons\topaneu_center1_mr_359.json,location_jsons,topaneu_center1_mr_359.json,.json,51,0.05,0.0
location_jsons\topaneu_center1_mr_364.json,location_jsons,topaneu_center1_mr_364.json,.json,39,0.04,0.0
location_jsons\topaneu_center1_mr_365.json,location_jsons,topaneu_center1_mr_365.json,.json,23,0.02,0.0
location_jsons\topaneu_center1_mr_374.json,location_jsons,topaneu_center1_mr_374.json,.json,23,0.02,0.0
location_jsons\topaneu_center1_mr_386.json,location_jsons,topaneu_center1_mr_386.json,.json,23,0.02,0.0
location_jsons\topaneu_center1_mr_393.json,location_jsons,topaneu_center1_mr_393.json,.json,23,0.02,0.0
location_jsons\topaneu_center1_mr_396.json,location_jsons,topaneu_center1_mr_396.json,.json,23,0.02,0.0
location_jsons\topaneu_center1_mr_398.json,location_jsons,topaneu_center1_mr_398.json,.json,23,0.02,0.0
location_jsons\topaneu_center1_mr_401.json,location_jsons,topaneu_center1_mr_401.json,.json,51,0.05,0.0
location_jsons\topaneu_center1_mr_411.json,location_jsons,topaneu_center1_mr_411.json,.json,39,0.04,0.0
location_jsons\topaneu_center1_mr_414.json,location_jsons,topaneu_center1_mr_414.json,.json,23,0.02,0.0
location_jsons\topaneu_center1_mr_419.json,location_jsons,topaneu_center1_mr_419.json,.json,23,0.02,0.0
location_jsons\topaneu_center1_mr_428.json,location_jsons,topaneu_center1_mr_428.json,.json,39,0.04,0.0
location_jsons\topaneu_center1_mr_436.json,location_jsons,topaneu_center1_mr_436.json,.json,23,0.02,0.0
location_jsons\topaneu_center1_mr_439.json,location_jsons,topaneu_center1_mr_439.json,.json,39,0.04,0.0
location_jsons\topaneu_center1_mr_443.json,location_jsons,topaneu_center1_mr_443.json,.json,39,0.04,0.0
location_jsons\topaneu_center1_mr_463.json,location_jsons,topaneu_center1_mr_463.json,.json,23,0.02,0.0
location_jsons\topaneu_center1_mr_474.json,location_jsons,topaneu_center1_mr_474.json,.json,39,0.04,0.0
location_jsons\topaneu_center1_mr_477.json,location_jsons,topaneu_center1_mr_477.json,.json,23,0.02,0.0
location_jsons\topaneu_center1_mr_483.json,location_jsons,topaneu_center1_mr_483.json,.json,23,0.02,0.0
location_jsons\topaneu_center1_mr_489.json,location_jsons,topaneu_center1_mr_489.json,.json,39,0.04,0.0
location_jsons\topaneu_center1_mr_490.json,location_jsons,topaneu_center1_mr_490.json,.json,23,0.02,0.0
location_jsons\topaneu_center1_mr_494.json,location_jsons,topaneu_center1_mr_494.json,.json,39,0.04,0.0
location_jsons\topaneu_center1_mr_496.json,location_jsons,topaneu_center1_mr_496.json,.json,23,0.02,0.0
location_jsons\topaneu_center1_mr_499.json,location_jsons,topaneu_center1_mr_499.json,.json,23,0.02,0.0
location_jsons\topaneu_center1_mr_501.json,location_jsons,topaneu_center1_mr_501.json,.json,23,0.02,0.0
location_jsons\topaneu_center1_mr_509.json,location_jsons,topaneu_center1_mr_509.json,.json,39,0.04,0.0
location_jsons\topaneu_center1_mr_516.json,location_jsons,topaneu_center1_mr_516.json,.json,56,0.05,0.0001
location_jsons\topaneu_center1_mr_522.json,location_jsons,topaneu_center1_mr_522.json,.json,23,0.02,0.0
location_jsons\topaneu_center1_mr_523.json,location_jsons,topaneu_center1_mr_523.json,.json,51,0.05,0.0
location_jsons\topaneu_center1_mr_525.json,location_jsons,topaneu_center1_mr_525.json,.json,51,0.05,0.0
location_jsons\topaneu_center1_mr_527.json,location_jsons,topaneu_center1_mr_527.json,.json,39,0.04,0.0
location_jsons\topaneu_center1_mr_528.json,location_jsons,topaneu_center1_mr_528.json,.json,43,0.04,0.0
location_jsons\topaneu_center1_mr_538.json,location_jsons,topaneu_center1_mr_538.json,.json,39,0.04,0.0
location_jsons\topaneu_center1_mr_554.json,location_jsons,topaneu_center1_mr_554.json,.json,23,0.02,0.0
location_jsons\topaneu_center1_mr_560.json,location_jsons,topaneu_center1_mr_560.json,.json,39,0.04,0.0
location_jsons\topaneu_center1_mr_561.json,location_jsons,topaneu_center1_mr_561.json,.json,39,0.04,0.0
location_jsons\topaneu_center1_mr_572.json,location_jsons,topaneu_center1_mr_572.json,.json,39,0.04,0.0
location_jsons\topaneu_center1_mr_577.json,location_jsons,topaneu_center1_mr_577.json,.json,23,0.02,0.0
location_jsons\topaneu_center1_mr_581.json,location_jsons,topaneu_center1_mr_581.json,.json,39,0.04,0.0
location_jsons\topaneu_center1_mr_585.json,location_jsons,topaneu_center1_mr_585.json,.json,39,0.04,0.0
location_jsons\topaneu_center1_mr_586.json,location_jsons,topaneu_center1_mr_586.json,.json,23,0.02,0.0
location_jsons\topaneu_center1_mr_596.json,location_jsons,topaneu_center1_mr_596.json,.json,23,0.02,0.0
location_jsons\topaneu_center1_mr_605.json,location_jsons,topaneu_center1_mr_605.json,.json,23,0.02,0.0
location_jsons\topaneu_center1_mr_607.json,location_jsons,topaneu_center1_mr_607.json,.json,23,0.02,0.0
location_jsons\topaneu_center1_mr_612.json,location_jsons,topaneu_center1_mr_612.json,.json,39,0.04,0.0
location_jsons\topaneu_center1_mr_614.json,location_jsons,topaneu_center1_mr_614.json,.json,23,0.02,0.0
location_jsons\topaneu_center1_mr_615.json,location_jsons,topaneu_center1_mr_615.json,.json,23,0.02,0.0
location_jsons\topaneu_center1_mr_625.json,location_jsons,topaneu_center1_mr_625.json,.json,51,0.05,0.0
location_jsons\topaneu_center1_mr_626.json,location_jsons,topaneu_center1_mr_626.json,.json,39,0.04,0.0
location_jsons\topaneu_center1_mr_630.json,location_jsons,topaneu_center1_mr_630.json,.json,39,0.04,0.0
location_jsons\topaneu_center1_mr_631.json,location_jsons,topaneu_center1_mr_631.json,.json,23,0.02,0.0
location_jsons\topaneu_center1_mr_637.json,location_jsons,topaneu_center1_mr_637.json,.json,23,0.02,0.0
location_jsons\topaneu_center1_mr_638.json,location_jsons,topaneu_center1_mr_638.json,.json,23,0.02,0.0
location_jsons\topaneu_center1_mr_647.json,location_jsons,topaneu_center1_mr_647.json,.json,39,0.04,0.0
location_jsons\topaneu_center1_mr_653.json,location_jsons,topaneu_center1_mr_653.json,.json,23,0.02,0.0
location_jsons\topaneu_center1_mr_660.json,location_jsons,topaneu_center1_mr_660.json,.json,23,0.02,0.0
location_jsons\topaneu_center1_mr_664.json,location_jsons,topaneu_center1_mr_664.json,.json,39,0.04,0.0
location_jsons\topaneu_center1_mr_670.json,location_jsons,topaneu_center1_mr_670.json,.json,51,0.05,0.0
location_jsons\topaneu_center1_mr_681.json,location_jsons,topaneu_center1_mr_681.json,.json,39,0.04,0.0
location_jsons\topaneu_center1_mr_682.json,location_jsons,topaneu_center1_mr_682.json,.json,39,0.04,0.0
location_jsons\topaneu_center1_mr_693.json,location_jsons,topaneu_center1_mr_693.json,.json,23,0.02,0.0
location_jsons\topaneu_center1_mr_694.json,location_jsons,topaneu_center1_mr_694.json,.json,39,0.04,0.0
location_jsons\topaneu_center1_mr_697.json,location_jsons,topaneu_center1_mr_697.json,.json,23,0.02,0.0
location_jsons\topaneu_center1_mr_702.json,location_jsons,topaneu_center1_mr_702.json,.json,56,0.05,0.0001
location_jsons\topaneu_center1_mr_713.json,location_jsons,topaneu_center1_mr_713.json,.json,23,0.02,0.0
location_jsons\topaneu_center1_mr_720.json,location_jsons,topaneu_center1_mr_720.json,.json,39,0.04,0.0
location_jsons\topaneu_center1_mr_727.json,location_jsons,topaneu_center1_mr_727.json,.json,23,0.02,0.0
location_jsons\topaneu_center1_mr_729.json,location_jsons,topaneu_center1_mr_729.json,.json,23,0.02,0.0
location_jsons\topaneu_center1_mr_731.json,location_jsons,topaneu_center1_mr_731.json,.json,23,0.02,0.0
location_jsons\topaneu_center1_mr_732.json,location_jsons,topaneu_center1_mr_732.json,.json,23,0.02,0.0
location_jsons\topaneu_center1_mr_740.json,location_jsons,topaneu_center1_mr_740.json,.json,23,0.02,0.0
location_jsons\topaneu_center1_mr_741.json,location_jsons,topaneu_center1_mr_741.json,.json,39,0.04,0.0
location_jsons\topaneu_center1_mr_742.json,location_jsons,topaneu_center1_mr_742.json,.json,39,0.04,0.0
location_jsons\topaneu_center1_mr_744.json,location_jsons,topaneu_center1_mr_744.json,.json,39,0.04,0.0
location_jsons\topaneu_center1_mr_750.json,location_jsons,topaneu_center1_mr_750.json,.json,39,0.04,0.0
location_jsons\topaneu_center1_mr_760.json,location_jsons,topaneu_center1_mr_760.json,.json,23,0.02,0.0
location_jsons\topaneu_center1_mr_763.json,location_jsons,topaneu_center1_mr_763.json,.json,23,0.02,0.0
location_jsons\topaneu_center1_mr_765.json,location_jsons,topaneu_center1_mr_765.json,.json,39,0.04,0.0
location_jsons\topaneu_center1_mr_770.json,location_jsons,topaneu_center1_mr_770.json,.json,23,0.02,0.0
location_jsons\topaneu_center1_mr_772.json,location_jsons,topaneu_center1_mr_772.json,.json,51,0.05,0.0
location_jsons\topaneu_center1_mr_774.json,location_jsons,topaneu_center1_mr_774.json,.json,39,0.04,0.0
location_jsons\topaneu_center1_mr_775.json,location_jsons,topaneu_center1_mr_775.json,.json,23,0.02,0.0
location_jsons\topaneu_center1_mr_776.json,location_jsons,topaneu_center1_mr_776.json,.json,39,0.04,0.0
location_jsons\topaneu_center1_mr_788.json,location_jsons,topaneu_center1_mr_788.json,.json,23,0.02,0.0
location_jsons\topaneu_center1_mr_789.json,location_jsons,topaneu_center1_mr_789.json,.json,43,0.04,0.0
location_jsons\topaneu_center1_mr_790.json,location_jsons,topaneu_center1_mr_790.json,.json,23,0.02,0.0
location_jsons\topaneu_center1_mr_792.json,location_jsons,topaneu_center1_mr_792.json,.json,39,0.04,0.0
location_jsons\topaneu_center1_mr_795.json,location_jsons,topaneu_center1_mr_795.json,.json,51,0.05,0.0
location_jsons\topaneu_center1_mr_797.json,location_jsons,topaneu_center1_mr_797.json,.json,23,0.02,0.0
location_jsons\topaneu_center1_mr_800.json,location_jsons,topaneu_center1_mr_800.json,.json,39,0.04,0.0
location_jsons\topaneu_center1_mr_804.json,location_jsons,topaneu_center1_mr_804.json,.json,39,0.04,0.0
location_jsons\topaneu_center1_mr_807.json,location_jsons,topaneu_center1_mr_807.json,.json,39,0.04,0.0
location_jsons\topaneu_center1_mr_810.json,location_jsons,topaneu_center1_mr_810.json,.json,39,0.04,0.0
location_jsons\topaneu_center1_mr_816.json,location_jsons,topaneu_center1_mr_816.json,.json,39,0.04,0.0
location_jsons\topaneu_center1_mr_819.json,location_jsons,topaneu_center1_mr_819.json,.json,23,0.02,0.0
location_jsons\topaneu_center1_mr_823.json,location_jsons,topaneu_center1_mr_823.json,.json,23,0.02,0.0
location_jsons\topaneu_center1_mr_840.json,location_jsons,topaneu_center1_mr_840.json,.json,23,0.02,0.0
location_jsons\topaneu_center1_mr_842.json,location_jsons,topaneu_center1_mr_842.json,.json,39,0.04,0.0
location_jsons\topaneu_center1_mr_848.json,location_jsons,topaneu_center1_mr_848.json,.json,23,0.02,0.0
location_jsons\topaneu_center1_mr_850.json,location_jsons,topaneu_center1_mr_850.json,.json,23,0.02,0.0
location_jsons\topaneu_center1_mr_871.json,location_jsons,topaneu_center1_mr_871.json,.json,23,0.02,0.0
location_jsons\topaneu_center1_mr_877.json,location_jsons,topaneu_center1_mr_877.json,.json,50,0.05,0.0
location_jsons\topaneu_center1_mr_891.json,location_jsons,topaneu_center1_mr_891.json,.json,23,0.02,0.0
location_jsons\topaneu_center1_mr_892.json,location_jsons,topaneu_center1_mr_892.json,.json,39,0.04,0.0
location_jsons\topaneu_center1_mr_895.json,location_jsons,topaneu_center1_mr_895.json,.json,74,0.07,0.0001
location_jsons\topaneu_center1_mr_896.json,location_jsons,topaneu_center1_mr_896.json,.json,23,0.02,0.0
location_jsons\topaneu_center1_mr_902.json,location_jsons,topaneu_center1_mr_902.json,.json,23,0.02,0.0
location_jsons\topaneu_center1_mr_909.json,location_jsons,topaneu_center1_mr_909.json,.json,39,0.04,0.0
location_jsons\topaneu_center1_mr_910.json,location_jsons,topaneu_center1_mr_910.json,.json,23,0.02,0.0
location_jsons\topaneu_center1_mr_911.json,location_jsons,topaneu_center1_mr_911.json,.json,23,0.02,0.0
location_jsons\topaneu_center1_mr_917.json,location_jsons,topaneu_center1_mr_917.json,.json,51,0.05,0.0
location_jsons\topaneu_center1_mr_920.json,location_jsons,topaneu_center1_mr_920.json,.json,23,0.02,0.0
location_jsons\topaneu_center1_mr_921.json,location_jsons,topaneu_center1_mr_921.json,.json,23,0.02,0.0
location_jsons\topaneu_center1_mr_922.json,location_jsons,topaneu_center1_mr_922.json,.json,23,0.02,0.0
location_jsons\topaneu_center1_mr_924.json,location_jsons,topaneu_center1_mr_924.json,.json,23,0.02,0.0
location_jsons\topaneu_center1_mr_926.json,location_jsons,topaneu_center1_mr_926.json,.json,39,0.04,0.0
location_jsons\topaneu_center1_mr_928.json,location_jsons,topaneu_center1_mr_928.json,.json,39,0.04,0.0
location_jsons\topaneu_center1_mr_939.json,location_jsons,topaneu_center1_mr_939.json,.json,23,0.02,0.0
location_jsons\topaneu_center1_mr_940.json,location_jsons,topaneu_center1_mr_940.json,.json,23,0.02,0.0
location_jsons\topaneu_center1_mr_942.json,location_jsons,topaneu_center1_mr_942.json,.json,23,0.02,0.0
location_jsons\topaneu_center1_mr_944.json,location_jsons,topaneu_center1_mr_944.json,.json,23,0.02,0.0
location_jsons\topaneu_center1_mr_959.json,location_jsons,topaneu_center1_mr_959.json,.json,23,0.02,0.0
location_jsons\topaneu_center1_mr_961.json,location_jsons,topaneu_center1_mr_961.json,.json,23,0.02,0.0
location_jsons\topaneu_center1_mr_975.json,location_jsons,topaneu_center1_mr_975.json,.json,39,0.04,0.0
location_jsons\topaneu_center1_mr_981.json,location_jsons,topaneu_center1_mr_981.json,.json,39,0.04,0.0
location_jsons\topaneu_center1_mr_991.json,location_jsons,topaneu_center1_mr_991.json,.json,39,0.04,0.0
location_jsons\topaneu_center2_ct_105.json,location_jsons,topaneu_center2_ct_105.json,.json,39,0.04,0.0
location_jsons\topaneu_center2_ct_107.json,location_jsons,topaneu_center2_ct_107.json,.json,39,0.04,0.0
location_jsons\topaneu_center2_ct_108.json,location_jsons,topaneu_center2_ct_108.json,.json,39,0.04,0.0
location_jsons\topaneu_center2_ct_109.json,location_jsons,topaneu_center2_ct_109.json,.json,39,0.04,0.0
location_jsons\topaneu_center2_ct_112.json,location_jsons,topaneu_center2_ct_112.json,.json,39,0.04,0.0
location_jsons\topaneu_center2_ct_113.json,location_jsons,topaneu_center2_ct_113.json,.json,39,0.04,0.0
location_jsons\topaneu_center2_ct_118.json,location_jsons,topaneu_center2_ct_118.json,.json,51,0.05,0.0
location_jsons\topaneu_center2_ct_119.json,location_jsons,topaneu_center2_ct_119.json,.json,39,0.04,0.0
location_jsons\topaneu_center2_ct_120.json,location_jsons,topaneu_center2_ct_120.json,.json,39,0.04,0.0
location_jsons\topaneu_center2_ct_125.json,location_jsons,topaneu_center2_ct_125.json,.json,39,0.04,0.0
location_jsons\topaneu_center2_ct_126.json,location_jsons,topaneu_center2_ct_126.json,.json,51,0.05,0.0
location_jsons\topaneu_center2_ct_127.json,location_jsons,topaneu_center2_ct_127.json,.json,39,0.04,0.0
location_jsons\topaneu_center2_ct_128.json,location_jsons,topaneu_center2_ct_128.json,.json,43,0.04,0.0
location_jsons\topaneu_center2_ct_130.json,location_jsons,topaneu_center2_ct_130.json,.json,51,0.05,0.0
location_jsons\topaneu_center2_ct_134.json,location_jsons,topaneu_center2_ct_134.json,.json,39,0.04,0.0
location_jsons\topaneu_center2_ct_137.json,location_jsons,topaneu_center2_ct_137.json,.json,39,0.04,0.0
location_jsons\topaneu_center2_ct_138.json,location_jsons,topaneu_center2_ct_138.json,.json,39,0.04,0.0
location_jsons\topaneu_center2_ct_141.json,location_jsons,topaneu_center2_ct_141.json,.json,56,0.05,0.0001
location_jsons\topaneu_center2_ct_142.json,location_jsons,topaneu_center2_ct_142.json,.json,39,0.04,0.0
location_jsons\topaneu_center2_ct_144.json,location_jsons,topaneu_center2_ct_144.json,.json,39,0.04,0.0
location_jsons\topaneu_center2_ct_147.json,location_jsons,topaneu_center2_ct_147.json,.json,39,0.04,0.0
location_jsons\topaneu_center2_ct_150.json,location_jsons,topaneu_center2_ct_150.json,.json,75,0.07,0.0001
location_jsons\topaneu_center2_ct_154.json,location_jsons,topaneu_center2_ct_154.json,.json,38,0.04,0.0
location_jsons\topaneu_center2_ct_156.json,location_jsons,topaneu_center2_ct_156.json,.json,38,0.04,0.0
location_jsons\topaneu_center2_ct_160.json,location_jsons,topaneu_center2_ct_160.json,.json,56,0.05,0.0001
location_jsons\topaneu_center2_ct_161.json,location_jsons,topaneu_center2_ct_161.json,.json,39,0.04,0.0
location_jsons\topaneu_center2_ct_162.json,location_jsons,topaneu_center2_ct_162.json,.json,39,0.04,0.0
location_jsons\topaneu_center2_ct_163.json,location_jsons,topaneu_center2_ct_163.json,.json,39,0.04,0.0
location_jsons\topaneu_center2_ct_164.json,location_jsons,topaneu_center2_ct_164.json,.json,39,0.04,0.0
location_jsons\topaneu_center2_ct_165.json,location_jsons,topaneu_center2_ct_165.json,.json,39,0.04,0.0
location_jsons\topaneu_center2_ct_166.json,location_jsons,topaneu_center2_ct_166.json,.json,51,0.05,0.0
location_jsons\topaneu_center2_ct_167.json,location_jsons,topaneu_center2_ct_167.json,.json,38,0.04,0.0
location_jsons\topaneu_center2_ct_169.json,location_jsons,topaneu_center2_ct_169.json,.json,39,0.04,0.0
location_jsons\topaneu_center2_ct_170.json,location_jsons,topaneu_center2_ct_170.json,.json,39,0.04,0.0
location_jsons\topaneu_center2_ct_171.json,location_jsons,topaneu_center2_ct_171.json,.json,39,0.04,0.0
location_jsons\topaneu_center2_ct_172.json,location_jsons,topaneu_center2_ct_172.json,.json,75,0.07,0.0001
location_jsons\topaneu_center2_ct_173.json,location_jsons,topaneu_center2_ct_173.json,.json,39,0.04,0.0
location_jsons\topaneu_center2_ct_174.json,location_jsons,topaneu_center2_ct_174.json,.json,51,0.05,0.0
location_jsons\topaneu_center2_ct_175.json,location_jsons,topaneu_center2_ct_175.json,.json,39,0.04,0.0
location_jsons\topaneu_center2_ct_184.json,location_jsons,topaneu_center2_ct_184.json,.json,39,0.04,0.0
location_jsons\topaneu_center2_ct_189.json,location_jsons,topaneu_center2_ct_189.json,.json,39,0.04,0.0
location_jsons\topaneu_center2_ct_190.json,location_jsons,topaneu_center2_ct_190.json,.json,43,0.04,0.0
location_jsons\topaneu_center2_ct_191.json,location_jsons,topaneu_center2_ct_191.json,.json,39,0.04,0.0
location_jsons\topaneu_center2_ct_192.json,location_jsons,topaneu_center2_ct_192.json,.json,51,0.05,0.0
location_jsons\topaneu_center2_ct_193.json,location_jsons,topaneu_center2_ct_193.json,.json,39,0.04,0.0
location_jsons\topaneu_center2_ct_196.json,location_jsons,topaneu_center2_ct_196.json,.json,69,0.07,0.0001
location_jsons\topaneu_center2_ct_197.json,location_jsons,topaneu_center2_ct_197.json,.json,39,0.04,0.0
location_jsons\topaneu_center2_mr_002.json,location_jsons,topaneu_center2_mr_002.json,.json,39,0.04,0.0
location_jsons\topaneu_center2_mr_004.json,location_jsons,topaneu_center2_mr_004.json,.json,51,0.05,0.0
location_jsons\topaneu_center2_mr_007.json,location_jsons,topaneu_center2_mr_007.json,.json,39,0.04,0.0
location_jsons\topaneu_center2_mr_010.json,location_jsons,topaneu_center2_mr_010.json,.json,39,0.04,0.0
location_jsons\topaneu_center2_mr_011.json,location_jsons,topaneu_center2_mr_011.json,.json,39,0.04,0.0
location_jsons\topaneu_center2_mr_012.json,location_jsons,topaneu_center2_mr_012.json,.json,51,0.05,0.0
location_jsons\topaneu_center2_mr_016.json,location_jsons,topaneu_center2_mr_016.json,.json,39,0.04,0.0
location_jsons\topaneu_center2_mr_017.json,location_jsons,topaneu_center2_mr_017.json,.json,39,0.04,0.0
location_jsons\topaneu_center2_mr_018.json,location_jsons,topaneu_center2_mr_018.json,.json,39,0.04,0.0
location_jsons\topaneu_center2_mr_019.json,location_jsons,topaneu_center2_mr_019.json,.json,39,0.04,0.0
location_jsons\topaneu_center2_mr_020.json,location_jsons,topaneu_center2_mr_020.json,.json,39,0.04,0.0
location_jsons\topaneu_center2_mr_025.json,location_jsons,topaneu_center2_mr_025.json,.json,39,0.04,0.0
location_jsons\topaneu_center2_mr_028.json,location_jsons,topaneu_center2_mr_028.json,.json,39,0.04,0.0
location_jsons\topaneu_center2_mr_029.json,location_jsons,topaneu_center2_mr_029.json,.json,39,0.04,0.0
location_jsons\topaneu_center2_mr_031.json,location_jsons,topaneu_center2_mr_031.json,.json,39,0.04,0.0
location_jsons\topaneu_center2_mr_032.json,location_jsons,topaneu_center2_mr_032.json,.json,51,0.05,0.0
location_jsons\topaneu_center2_mr_034.json,location_jsons,topaneu_center2_mr_034.json,.json,39,0.04,0.0
location_jsons\topaneu_center2_mr_035.json,location_jsons,topaneu_center2_mr_035.json,.json,39,0.04,0.0
location_jsons\topaneu_center2_mr_038.json,location_jsons,topaneu_center2_mr_038.json,.json,39,0.04,0.0
location_jsons\topaneu_center2_mr_042.json,location_jsons,topaneu_center2_mr_042.json,.json,39,0.04,0.0
location_jsons\topaneu_center2_mr_044.json,location_jsons,topaneu_center2_mr_044.json,.json,39,0.04,0.0
location_jsons\topaneu_center2_mr_047.json,location_jsons,topaneu_center2_mr_047.json,.json,39,0.04,0.0
location_jsons\topaneu_center2_mr_048.json,location_jsons,topaneu_center2_mr_048.json,.json,39,0.04,0.0
location_jsons\topaneu_center2_mr_049.json,location_jsons,topaneu_center2_mr_049.json,.json,39,0.04,0.0
location_jsons\topaneu_center2_mr_050.json,location_jsons,topaneu_center2_mr_050.json,.json,39,0.04,0.0
location_jsons\topaneu_center2_mr_051.json,location_jsons,topaneu_center2_mr_051.json,.json,39,0.04,0.0
location_jsons\topaneu_center2_mr_054.json,location_jsons,topaneu_center2_mr_054.json,.json,39,0.04,0.0
location_jsons\topaneu_center2_mr_055.json,location_jsons,topaneu_center2_mr_055.json,.json,39,0.04,0.0
location_jsons\topaneu_center2_mr_056.json,location_jsons,topaneu_center2_mr_056.json,.json,39,0.04,0.0
location_jsons\topaneu_center2_mr_057.json,location_jsons,topaneu_center2_mr_057.json,.json,39,0.04,0.0
location_jsons\topaneu_center2_mr_058.json,location_jsons,topaneu_center2_mr_058.json,.json,39,0.04,0.0
location_jsons\topaneu_center2_mr_069.json,location_jsons,topaneu_center2_mr_069.json,.json,39,0.04,0.0
location_jsons\topaneu_center2_mr_074.json,location_jsons,topaneu_center2_mr_074.json,.json,75,0.07,0.0001
location_jsons\topaneu_center2_mr_077.json,location_jsons,topaneu_center2_mr_077.json,.json,51,0.05,0.0
location_jsons\topaneu_center2_mr_078.json,location_jsons,topaneu_center2_mr_078.json,.json,51,0.05,0.0
location_jsons\topaneu_center2_mr_079.json,location_jsons,topaneu_center2_mr_079.json,.json,39,0.04,0.0
location_jsons\topaneu_center2_mr_080.json,location_jsons,topaneu_center2_mr_080.json,.json,75,0.07,0.0001
location_jsons\topaneu_center2_mr_083.json,location_jsons,topaneu_center2_mr_083.json,.json,63,0.06,0.0001
location_jsons\topaneu_center2_mr_085.json,location_jsons,topaneu_center2_mr_085.json,.json,74,0.07,0.0001
location_jsons\topaneu_center2_mr_086.json,location_jsons,topaneu_center2_mr_086.json,.json,51,0.05,0.0
location_jsons\topaneu_center4_ct_002.json,location_jsons,topaneu_center4_ct_002.json,.json,63,0.06,0.0001
location_jsons\topaneu_center4_ct_005.json,location_jsons,topaneu_center4_ct_005.json,.json,39,0.04,0.0
location_jsons\topaneu_center4_ct_008_1.json,location_jsons,topaneu_center4_ct_008_1.json,.json,39,0.04,0.0
location_jsons\topaneu_center4_ct_008_2.json,location_jsons,topaneu_center4_ct_008_2.json,.json,39,0.04,0.0
location_jsons\topaneu_center4_ct_009.json,location_jsons,topaneu_center4_ct_009.json,.json,39,0.04,0.0
location_jsons\topaneu_center4_ct_012.json,location_jsons,topaneu_center4_ct_012.json,.json,39,0.04,0.0
location_jsons\topaneu_center4_ct_019.json,location_jsons,topaneu_center4_ct_019.json,.json,43,0.04,0.0
location_jsons\topaneu_center4_ct_020_1.json,location_jsons,topaneu_center4_ct_020_1.json,.json,39,0.04,0.0
location_jsons\topaneu_center4_ct_020_2.json,location_jsons,topaneu_center4_ct_020_2.json,.json,39,0.04,0.0
location_jsons\topaneu_center4_ct_020_3.json,location_jsons,topaneu_center4_ct_020_3.json,.json,39,0.04,0.0
location_jsons\topaneu_center4_ct_023.json,location_jsons,topaneu_center4_ct_023.json,.json,39,0.04,0.0
location_jsons\topaneu_center4_ct_025_1.json,location_jsons,topaneu_center4_ct_025_1.json,.json,39,0.04,0.0
location_jsons\topaneu_center4_ct_025_2.json,location_jsons,topaneu_center4_ct_025_2.json,.json,51,0.05,0.0
location_jsons\topaneu_center4_ct_030.json,location_jsons,topaneu_center4_ct_030.json,.json,39,0.04,0.0
location_jsons\topaneu_center4_ct_034_1.json,location_jsons,topaneu_center4_ct_034_1.json,.json,39,0.04,0.0
location_jsons\topaneu_center4_ct_034_2.json,location_jsons,topaneu_center4_ct_034_2.json,.json,39,0.04,0.0
location_jsons\topaneu_center4_ct_037.json,location_jsons,topaneu_center4_ct_037.json,.json,39,0.04,0.0
location_jsons\topaneu_center4_ct_041.json,location_jsons,topaneu_center4_ct_041.json,.json,39,0.04,0.0
location_jsons\topaneu_center4_ct_042_2.json,location_jsons,topaneu_center4_ct_042_2.json,.json,51,0.05,0.0
location_jsons\topaneu_center4_ct_045.json,location_jsons,topaneu_center4_ct_045.json,.json,39,0.04,0.0
location_jsons\topaneu_center4_ct_047.json,location_jsons,topaneu_center4_ct_047.json,.json,39,0.04,0.0
location_jsons\topaneu_center4_ct_048.json,location_jsons,topaneu_center4_ct_048.json,.json,39,0.04,0.0
location_jsons\topaneu_center4_ct_051_1.json,location_jsons,topaneu_center4_ct_051_1.json,.json,39,0.04,0.0
location_jsons\topaneu_center4_ct_051_2.json,location_jsons,topaneu_center4_ct_051_2.json,.json,39,0.04,0.0
location_jsons\topaneu_center4_ct_055.json,location_jsons,topaneu_center4_ct_055.json,.json,38,0.04,0.0
location_jsons\topaneu_center4_ct_057.json,location_jsons,topaneu_center4_ct_057.json,.json,39,0.04,0.0
location_jsons\topaneu_center4_ct_059.json,location_jsons,topaneu_center4_ct_059.json,.json,51,0.05,0.0
location_jsons\topaneu_center4_ct_060.json,location_jsons,topaneu_center4_ct_060.json,.json,51,0.05,0.0
location_jsons\topaneu_center4_ct_062_1.json,location_jsons,topaneu_center4_ct_062_1.json,.json,51,0.05,0.0
location_jsons\topaneu_center4_ct_062_2.json,location_jsons,topaneu_center4_ct_062_2.json,.json,39,0.04,0.0
location_jsons\topaneu_center4_ct_063.json,location_jsons,topaneu_center4_ct_063.json,.json,39,0.04,0.0
location_jsons\topaneu_center4_ct_064.json,location_jsons,topaneu_center4_ct_064.json,.json,39,0.04,0.0
location_jsons\topaneu_center4_ct_065.json,location_jsons,topaneu_center4_ct_065.json,.json,39,0.04,0.0
location_jsons\topaneu_center4_ct_067.json,location_jsons,topaneu_center4_ct_067.json,.json,39,0.04,0.0
location_jsons\topaneu_center4_ct_070.json,location_jsons,topaneu_center4_ct_070.json,.json,39,0.04,0.0
location_jsons\topaneu_center4_ct_072.json,location_jsons,topaneu_center4_ct_072.json,.json,39,0.04,0.0
location_jsons\topaneu_center4_ct_074.json,location_jsons,topaneu_center4_ct_074.json,.json,51,0.05,0.0
location_jsons\topaneu_center4_ct_083.json,location_jsons,topaneu_center4_ct_083.json,.json,75,0.07,0.0001
location_jsons\topaneu_center4_ct_087.json,location_jsons,topaneu_center4_ct_087.json,.json,39,0.04,0.0
location_jsons\topaneu_center4_ct_093.json,location_jsons,topaneu_center4_ct_093.json,.json,39,0.04,0.0
location_jsons\topaneu_center4_ct_094.json,location_jsons,topaneu_center4_ct_094.json,.json,39,0.04,0.0
location_jsons\topaneu_center4_ct_097.json,location_jsons,topaneu_center4_ct_097.json,.json,51,0.05,0.0
location_jsons\topaneu_center4_ct_101.json,location_jsons,topaneu_center4_ct_101.json,.json,51,0.05,0.0
location_jsons\topaneu_center4_ct_102.json,location_jsons,topaneu_center4_ct_102.json,.json,51,0.05,0.0
location_jsons\topaneu_center4_ct_103.json,location_jsons,topaneu_center4_ct_103.json,.json,39,0.04,0.0
location_jsons\topaneu_center4_ct_104.json,location_jsons,topaneu_center4_ct_104.json,.json,51,0.05,0.0
location_jsons\topaneu_center4_ct_105.json,location_jsons,topaneu_center4_ct_105.json,.json,55,0.05,0.0001
location_jsons\topaneu_center4_ct_106.json,location_jsons,topaneu_center4_ct_106.json,.json,39,0.04,0.0
location_jsons\topaneu_center4_ct_107.json,location_jsons,topaneu_center4_ct_107.json,.json,39,0.04,0.0
location_jsons\topaneu_center4_ct_108.json,location_jsons,topaneu_center4_ct_108.json,.json,51,0.05,0.0
location_jsons\topaneu_center4_ct_115.json,location_jsons,topaneu_center4_ct_115.json,.json,39,0.04,0.0
location_jsons\topaneu_center4_ct_116.json,location_jsons,topaneu_center4_ct_116.json,.json,39,0.04,0.0
location_jsons\topaneu_center4_ct_119.json,location_jsons,topaneu_center4_ct_119.json,.json,39,0.04,0.0
location_jsons\topaneu_center4_ct_122.json,location_jsons,topaneu_center4_ct_122.json,.json,39,0.04,0.0
location_jsons\topaneu_center4_ct_127.json,location_jsons,topaneu_center4_ct_127.json,.json,38,0.04,0.0
location_jsons\topaneu_center4_ct_129.json,location_jsons,topaneu_center4_ct_129.json,.json,39,0.04,0.0
location_jsons\topaneu_center4_ct_134.json,location_jsons,topaneu_center4_ct_134.json,.json,51,0.05,0.0
location_jsons\topaneu_center4_ct_140.json,location_jsons,topaneu_center4_ct_140.json,.json,39,0.04,0.0
location_jsons\topaneu_center4_ct_193.json,location_jsons,topaneu_center4_ct_193.json,.json,39,0.04,0.0
location_jsons\topaneu_center4_ct_200.json,location_jsons,topaneu_center4_ct_200.json,.json,42,0.04,0.0
location_jsons\topaneu_center4_ct_201.json,location_jsons,topaneu_center4_ct_201.json,.json,38,0.04,0.0
location_jsons\topaneu_center5_mr_007.json,location_jsons,topaneu_center5_mr_007.json,.json,38,0.04,0.0
location_jsons\topaneu_center5_mr_009.json,location_jsons,topaneu_center5_mr_009.json,.json,38,0.04,0.0
location_jsons\topaneu_center5_mr_010.json,location_jsons,topaneu_center5_mr_010.json,.json,38,0.04,0.0
location_jsons\topaneu_center5_mr_011.json,location_jsons,topaneu_center5_mr_011.json,.json,38,0.04,0.0
location_jsons\topaneu_center5_mr_015.json,location_jsons,topaneu_center5_mr_015.json,.json,38,0.04,0.0
location_jsons\topaneu_center5_mr_016.json,location_jsons,topaneu_center5_mr_016.json,.json,38,0.04,0.0
location_jsons\topaneu_center5_mr_021.json,location_jsons,topaneu_center5_mr_021.json,.json,38,0.04,0.0
location_jsons\topaneu_center5_mr_022.json,location_jsons,topaneu_center5_mr_022.json,.json,38,0.04,0.0
location_jsons\topaneu_center5_mr_023.json,location_jsons,topaneu_center5_mr_023.json,.json,38,0.04,0.0
location_jsons\topaneu_center5_mr_024.json,location_jsons,topaneu_center5_mr_024.json,.json,38,0.04,0.0
location_jsons\topaneu_center5_mr_025.json,location_jsons,topaneu_center5_mr_025.json,.json,38,0.04,0.0
location_jsons\topaneu_center5_mr_027.json,location_jsons,topaneu_center5_mr_027.json,.json,38,0.04,0.0
location_jsons\topaneu_center5_mr_028.json,location_jsons,topaneu_center5_mr_028.json,.json,38,0.04,0.0
location_jsons\topaneu_center5_mr_029.json,location_jsons,topaneu_center5_mr_029.json,.json,38,0.04,0.0
location_jsons\topaneu_center5_mr_030.json,location_jsons,topaneu_center5_mr_030.json,.json,38,0.04,0.0
location_jsons\topaneu_center5_mr_031.json,location_jsons,topaneu_center5_mr_031.json,.json,38,0.04,0.0
location_jsons\topaneu_center5_mr_032.json,location_jsons,topaneu_center5_mr_032.json,.json,38,0.04,0.0
location_jsons\topaneu_center5_mr_033.json,location_jsons,topaneu_center5_mr_033.json,.json,38,0.04,0.0
location_jsons\topaneu_center5_mr_034.json,location_jsons,topaneu_center5_mr_034.json,.json,38,0.04,0.0
location_jsons\topaneu_center5_mr_036.json,location_jsons,topaneu_center5_mr_036.json,.json,38,0.04,0.0
location_jsons\topaneu_center5_mr_037.json,location_jsons,topaneu_center5_mr_037.json,.json,38,0.04,0.0
location_jsons\topaneu_center5_mr_038.json,location_jsons,topaneu_center5_mr_038.json,.json,38,0.04,0.0
location_jsons\topaneu_center5_mr_039.json,location_jsons,topaneu_center5_mr_039.json,.json,38,0.04,0.0
location_jsons\topaneu_center5_mr_041.json,location_jsons,topaneu_center5_mr_041.json,.json,38,0.04,0.0
location_jsons\topaneu_center5_mr_052.json,location_jsons,topaneu_center5_mr_052.json,.json,38,0.04,0.0
location_jsons\topaneu_center5_mr_061.json,location_jsons,topaneu_center5_mr_061.json,.json,82,0.08,0.0001
location_jsons\topaneu_center5_mr_063.json,location_jsons,topaneu_center5_mr_063.json,.json,39,0.04,0.0
location_jsons\topaneu_center5_mr_068.json,location_jsons,topaneu_center5_mr_068.json,.json,38,0.04,0.0
location_jsons\topaneu_center5_mr_074.json,location_jsons,topaneu_center5_mr_074.json,.json,38,0.04,0.0
location_jsons\topaneu_center5_mr_079.json,location_jsons,topaneu_center5_mr_079.json,.json,38,0.04,0.0
location_jsons\topaneu_center5_mr_081.json,location_jsons,topaneu_center5_mr_081.json,.json,38,0.04,0.0
location_jsons\topaneu_center5_mr_082.json,location_jsons,topaneu_center5_mr_082.json,.json,42,0.04,0.0
location_jsons\topaneu_center5_mr_451.json,location_jsons,topaneu_center5_mr_451.json,.json,39,0.04,0.0
location_jsons\topaneu_center5_mr_452.json,location_jsons,topaneu_center5_mr_452.json,.json,56,0.05,0.0001
location_jsons\topaneu_center5_mr_453.json,location_jsons,topaneu_center5_mr_453.json,.json,39,0.04,0.0
location_jsons\topaneu_center5_mr_454.json,location_jsons,topaneu_center5_mr_454.json,.json,39,0.04,0.0
location_jsons\topaneu_center5_mr_455.json,location_jsons,topaneu_center5_mr_455.json,.json,39,0.04,0.0
location_jsons\topaneu_center5_mr_457.json,location_jsons,topaneu_center5_mr_457.json,.json,51,0.05,0.0
location_jsons\topaneu_center5_mr_458.json,location_jsons,topaneu_center5_mr_458.json,.json,51,0.05,0.0
location_jsons\topaneu_center5_mr_459.json,location_jsons,topaneu_center5_mr_459.json,.json,39,0.04,0.0
location_jsons\topaneu_center5_mr_460.json,location_jsons,topaneu_center5_mr_460.json,.json,39,0.04,0.0
location_jsons\topaneu_center5_mr_461.json,location_jsons,topaneu_center5_mr_461.json,.json,39,0.04,0.0
location_jsons\topaneu_center5_mr_462.json,location_jsons,topaneu_center5_mr_462.json,.json,38,0.04,0.0
location_jsons\topaneu_center5_mr_464.json,location_jsons,topaneu_center5_mr_464.json,.json,51,0.05,0.0
location_jsons\topaneu_center5_mr_465.json,location_jsons,topaneu_center5_mr_465.json,.json,39,0.04,0.0
location_jsons\topaneu_center5_mr_466.json,location_jsons,topaneu_center5_mr_466.json,.json,39,0.04,0.0
location_jsons\topaneu_center5_mr_467.json,location_jsons,topaneu_center5_mr_467.json,.json,39,0.04,0.0
location_jsons\topaneu_center5_mr_469.json,location_jsons,topaneu_center5_mr_469.json,.json,39,0.04,0.0
location_jsons\topaneu_center5_mr_470.json,location_jsons,topaneu_center5_mr_470.json,.json,39,0.04,0.0
location_jsons\topaneu_center5_mr_471.json,location_jsons,topaneu_center5_mr_471.json,.json,39,0.04,0.0
location_jsons\topaneu_center5_mr_472.json,location_jsons,topaneu_center5_mr_472.json,.json,39,0.04,0.0
location_jsons\topaneu_center5_mr_473.json,location_jsons,topaneu_center5_mr_473.json,.json,39,0.04,0.0
location_jsons\topaneu_center5_mr_474.json,location_jsons,topaneu_center5_mr_474.json,.json,39,0.04,0.0
location_jsons\topaneu_center5_mr_475.json,location_jsons,topaneu_center5_mr_475.json,.json,39,0.04,0.0
location_jsons\topaneu_center5_mr_476.json,location_jsons,topaneu_center5_mr_476.json,.json,39,0.04,0.0
location_jsons\topaneu_center5_mr_478.json,location_jsons,topaneu_center5_mr_478.json,.json,38,0.04,0.0
location_jsons\topaneu_center5_mr_479.json,location_jsons,topaneu_center5_mr_479.json,.json,39,0.04,0.0
location_jsons\topaneu_center5_mr_480.json,location_jsons,topaneu_center5_mr_480.json,.json,50,0.05,0.0
location_jsons\topaneu_center5_mr_481.json,location_jsons,topaneu_center5_mr_481.json,.json,51,0.05,0.0
location_jsons\topaneu_center5_mr_484.json,location_jsons,topaneu_center5_mr_484.json,.json,39,0.04,0.0
location_jsons\topaneu_center5_mr_485.json,location_jsons,topaneu_center5_mr_485.json,.json,39,0.04,0.0
location_jsons\topaneu_center5_mr_486.json,location_jsons,topaneu_center5_mr_486.json,.json,51,0.05,0.0
location_jsons\topaneu_center5_mr_487.json,location_jsons,topaneu_center5_mr_487.json,.json,51,0.05,0.0
location_jsons\topaneu_center5_mr_488.json,location_jsons,topaneu_center5_mr_488.json,.json,39,0.04,0.0
location_jsons\topaneu_center5_mr_489.json,location_jsons,topaneu_center5_mr_489.json,.json,39,0.04,0.0
location_jsons\topaneu_center5_mr_490.json,location_jsons,topaneu_center5_mr_490.json,.json,43,0.04,0.0
location_jsons\topaneu_center5_mr_491.json,location_jsons,topaneu_center5_mr_491.json,.json,39,0.04,0.0
location_jsons\topaneu_center5_mr_492.json,location_jsons,topaneu_center5_mr_492.json,.json,39,0.04,0.0
location_masks\._topaneu_center1_mr_001.nii.gz,location_masks,._topaneu_center1_mr_001.nii.gz,.nii.gz,4096,4.0,0.0039
location_masks\._topaneu_center1_mr_005.nii.gz,location_masks,._topaneu_center1_mr_005.nii.gz,.nii.gz,4096,4.0,0.0039
location_masks\._topaneu_center1_mr_016.nii.gz,location_masks,._topaneu_center1_mr_016.nii.gz,.nii.gz,4096,4.0,0.0039
location_masks\._topaneu_center1_mr_017.nii.gz,location_masks,._topaneu_center1_mr_017.nii.gz,.nii.gz,4096,4.0,0.0039
location_masks\._topaneu_center1_mr_018.nii.gz,location_masks,._topaneu_center1_mr_018.nii.gz,.nii.gz,4096,4.0,0.0039
location_masks\._topaneu_center1_mr_024.nii.gz,location_masks,._topaneu_center1_mr_024.nii.gz,.nii.gz,4096,4.0,0.0039
location_masks\._topaneu_center1_mr_028.nii.gz,location_masks,._topaneu_center1_mr_028.nii.gz,.nii.gz,4096,4.0,0.0039
location_masks\._topaneu_center1_mr_029.nii.gz,location_masks,._topaneu_center1_mr_029.nii.gz,.nii.gz,4096,4.0,0.0039
location_masks\._topaneu_center1_mr_033.nii.gz,location_masks,._topaneu_center1_mr_033.nii.gz,.nii.gz,4096,4.0,0.0039
location_masks\._topaneu_center1_mr_038.nii.gz,location_masks,._topaneu_center1_mr_038.nii.gz,.nii.gz,4096,4.0,0.0039
location_masks\._topaneu_center1_mr_049.nii.gz,location_masks,._topaneu_center1_mr_049.nii.gz,.nii.gz,4096,4.0,0.0039
location_masks\._topaneu_center1_mr_050.nii.gz,location_masks,._topaneu_center1_mr_050.nii.gz,.nii.gz,4096,4.0,0.0039
location_masks\._topaneu_center1_mr_053.nii.gz,location_masks,._topaneu_center1_mr_053.nii.gz,.nii.gz,4096,4.0,0.0039
location_masks\._topaneu_center1_mr_056.nii.gz,location_masks,._topaneu_center1_mr_056.nii.gz,.nii.gz,4096,4.0,0.0039
location_masks\._topaneu_center1_mr_061.nii.gz,location_masks,._topaneu_center1_mr_061.nii.gz,.nii.gz,4096,4.0,0.0039
location_masks\._topaneu_center1_mr_064.nii.gz,location_masks,._topaneu_center1_mr_064.nii.gz,.nii.gz,4096,4.0,0.0039
location_masks\._topaneu_center1_mr_076.nii.gz,location_masks,._topaneu_center1_mr_076.nii.gz,.nii.gz,4096,4.0,0.0039
location_masks\._topaneu_center1_mr_085.nii.gz,location_masks,._topaneu_center1_mr_085.nii.gz,.nii.gz,4096,4.0,0.0039
location_masks\._topaneu_center1_mr_088.nii.gz,location_masks,._topaneu_center1_mr_088.nii.gz,.nii.gz,4096,4.0,0.0039
location_masks\._topaneu_center1_mr_092.nii.gz,location_masks,._topaneu_center1_mr_092.nii.gz,.nii.gz,4096,4.0,0.0039
location_masks\._topaneu_center1_mr_113.nii.gz,location_masks,._topaneu_center1_mr_113.nii.gz,.nii.gz,4096,4.0,0.0039
location_masks\._topaneu_center1_mr_119.nii.gz,location_masks,._topaneu_center1_mr_119.nii.gz,.nii.gz,4096,4.0,0.0039
location_masks\._topaneu_center1_mr_121.nii.gz,location_masks,._topaneu_center1_mr_121.nii.gz,.nii.gz,4096,4.0,0.0039
location_masks\._topaneu_center1_mr_129.nii.gz,location_masks,._topaneu_center1_mr_129.nii.gz,.nii.gz,4096,4.0,0.0039
location_masks\._topaneu_center1_mr_136.nii.gz,location_masks,._topaneu_center1_mr_136.nii.gz,.nii.gz,4096,4.0,0.0039
location_masks\._topaneu_center1_mr_138.nii.gz,location_masks,._topaneu_center1_mr_138.nii.gz,.nii.gz,4096,4.0,0.0039
location_masks\._topaneu_center1_mr_144.nii.gz,location_masks,._topaneu_center1_mr_144.nii.gz,.nii.gz,4096,4.0,0.0039
location_masks\._topaneu_center1_mr_147.nii.gz,location_masks,._topaneu_center1_mr_147.nii.gz,.nii.gz,4096,4.0,0.0039
location_masks\._topaneu_center1_mr_148.nii.gz,location_masks,._topaneu_center1_mr_148.nii.gz,.nii.gz,4096,4.0,0.0039
location_masks\._topaneu_center1_mr_149.nii.gz,location_masks,._topaneu_center1_mr_149.nii.gz,.nii.gz,4096,4.0,0.0039
location_masks\._topaneu_center1_mr_157.nii.gz,location_masks,._topaneu_center1_mr_157.nii.gz,.nii.gz,4096,4.0,0.0039
location_masks\._topaneu_center1_mr_173.nii.gz,location_masks,._topaneu_center1_mr_173.nii.gz,.nii.gz,4096,4.0,0.0039
location_masks\._topaneu_center1_mr_177.nii.gz,location_masks,._topaneu_center1_mr_177.nii.gz,.nii.gz,4096,4.0,0.0039
location_masks\._topaneu_center1_mr_178.nii.gz,location_masks,._topaneu_center1_mr_178.nii.gz,.nii.gz,4096,4.0,0.0039
location_masks\._topaneu_center1_mr_184.nii.gz,location_masks,._topaneu_center1_mr_184.nii.gz,.nii.gz,4096,4.0,0.0039
location_masks\._topaneu_center1_mr_188.nii.gz,location_masks,._topaneu_center1_mr_188.nii.gz,.nii.gz,4096,4.0,0.0039
location_masks\._topaneu_center1_mr_189.nii.gz,location_masks,._topaneu_center1_mr_189.nii.gz,.nii.gz,4096,4.0,0.0039
location_masks\._topaneu_center1_mr_191.nii.gz,location_masks,._topaneu_center1_mr_191.nii.gz,.nii.gz,4096,4.0,0.0039
location_masks\._topaneu_center1_mr_193.nii.gz,location_masks,._topaneu_center1_mr_193.nii.gz,.nii.gz,4096,4.0,0.0039
location_masks\._topaneu_center1_mr_195.nii.gz,location_masks,._topaneu_center1_mr_195.nii.gz,.nii.gz,4096,4.0,0.0039
location_masks\._topaneu_center1_mr_198.nii.gz,location_masks,._topaneu_center1_mr_198.nii.gz,.nii.gz,4096,4.0,0.0039
location_masks\._topaneu_center1_mr_200.nii.gz,location_masks,._topaneu_center1_mr_200.nii.gz,.nii.gz,4096,4.0,0.0039
location_masks\._topaneu_center1_mr_202.nii.gz,location_masks,._topaneu_center1_mr_202.nii.gz,.nii.gz,4096,4.0,0.0039
location_masks\._topaneu_center1_mr_210.nii.gz,location_masks,._topaneu_center1_mr_210.nii.gz,.nii.gz,4096,4.0,0.0039
location_masks\._topaneu_center1_mr_211.nii.gz,location_masks,._topaneu_center1_mr_211.nii.gz,.nii.gz,4096,4.0,0.0039
location_masks\._topaneu_center1_mr_213.nii.gz,location_masks,._topaneu_center1_mr_213.nii.gz,.nii.gz,4096,4.0,0.0039
location_masks\._topaneu_center1_mr_221.nii.gz,location_masks,._topaneu_center1_mr_221.nii.gz,.nii.gz,4096,4.0,0.0039
location_masks\._topaneu_center1_mr_229.nii.gz,location_masks,._topaneu_center1_mr_229.nii.gz,.nii.gz,4096,4.0,0.0039
location_masks\._topaneu_center1_mr_241.nii.gz,location_masks,._topaneu_center1_mr_241.nii.gz,.nii.gz,4096,4.0,0.0039
location_masks\._topaneu_center1_mr_247.nii.gz,location_masks,._topaneu_center1_mr_247.nii.gz,.nii.gz,4096,4.0,0.0039
location_masks\._topaneu_center1_mr_251.nii.gz,location_masks,._topaneu_center1_mr_251.nii.gz,.nii.gz,4096,4.0,0.0039
location_masks\._topaneu_center1_mr_262.nii.gz,location_masks,._topaneu_center1_mr_262.nii.gz,.nii.gz,4096,4.0,0.0039
location_masks\._topaneu_center1_mr_264.nii.gz,location_masks,._topaneu_center1_mr_264.nii.gz,.nii.gz,4096,4.0,0.0039
location_masks\._topaneu_center1_mr_282.nii.gz,location_masks,._topaneu_center1_mr_282.nii.gz,.nii.gz,4096,4.0,0.0039
location_masks\._topaneu_center1_mr_287.nii.gz,location_masks,._topaneu_center1_mr_287.nii.gz,.nii.gz,4096,4.0,0.0039
location_masks\._topaneu_center1_mr_290.nii.gz,location_masks,._topaneu_center1_mr_290.nii.gz,.nii.gz,4096,4.0,0.0039
location_masks\._topaneu_center1_mr_298.nii.gz,location_masks,._topaneu_center1_mr_298.nii.gz,.nii.gz,4096,4.0,0.0039
location_masks\._topaneu_center1_mr_299.nii.gz,location_masks,._topaneu_center1_mr_299.nii.gz,.nii.gz,4096,4.0,0.0039
location_masks\._topaneu_center1_mr_301.nii.gz,location_masks,._topaneu_center1_mr_301.nii.gz,.nii.gz,4096,4.0,0.0039
location_masks\._topaneu_center1_mr_302.nii.gz,location_masks,._topaneu_center1_mr_302.nii.gz,.nii.gz,4096,4.0,0.0039
location_masks\._topaneu_center1_mr_308.nii.gz,location_masks,._topaneu_center1_mr_308.nii.gz,.nii.gz,4096,4.0,0.0039
location_masks\._topaneu_center1_mr_311.nii.gz,location_masks,._topaneu_center1_mr_311.nii.gz,.nii.gz,4096,4.0,0.0039
location_masks\._topaneu_center1_mr_316.nii.gz,location_masks,._topaneu_center1_mr_316.nii.gz,.nii.gz,4096,4.0,0.0039
location_masks\._topaneu_center1_mr_325.nii.gz,location_masks,._topaneu_center1_mr_325.nii.gz,.nii.gz,4096,4.0,0.0039
location_masks\._topaneu_center1_mr_327.nii.gz,location_masks,._topaneu_center1_mr_327.nii.gz,.nii.gz,4096,4.0,0.0039
location_masks\._topaneu_center1_mr_330.nii.gz,location_masks,._topaneu_center1_mr_330.nii.gz,.nii.gz,4096,4.0,0.0039
location_masks\._topaneu_center1_mr_334.nii.gz,location_masks,._topaneu_center1_mr_334.nii.gz,.nii.gz,4096,4.0,0.0039
location_masks\._topaneu_center1_mr_336.nii.gz,location_masks,._topaneu_center1_mr_336.nii.gz,.nii.gz,4096,4.0,0.0039
location_masks\._topaneu_center1_mr_342.nii.gz,location_masks,._topaneu_center1_mr_342.nii.gz,.nii.gz,4096,4.0,0.0039
location_masks\._topaneu_center1_mr_349.nii.gz,location_masks,._topaneu_center1_mr_349.nii.gz,.nii.gz,4096,4.0,0.0039
location_masks\._topaneu_center1_mr_350.nii.gz,location_masks,._topaneu_center1_mr_350.nii.gz,.nii.gz,4096,4.0,0.0039
location_masks\._topaneu_center1_mr_354.nii.gz,location_masks,._topaneu_center1_mr_354.nii.gz,.nii.gz,4096,4.0,0.0039
location_masks\._topaneu_center1_mr_359.nii.gz,location_masks,._topaneu_center1_mr_359.nii.gz,.nii.gz,4096,4.0,0.0039
location_masks\._topaneu_center1_mr_364.nii.gz,location_masks,._topaneu_center1_mr_364.nii.gz,.nii.gz,4096,4.0,0.0039
location_masks\._topaneu_center1_mr_365.nii.gz,location_masks,._topaneu_center1_mr_365.nii.gz,.nii.gz,4096,4.0,0.0039
location_masks\._topaneu_center1_mr_374.nii.gz,location_masks,._topaneu_center1_mr_374.nii.gz,.nii.gz,4096,4.0,0.0039
location_masks\._topaneu_center1_mr_386.nii.gz,location_masks,._topaneu_center1_mr_386.nii.gz,.nii.gz,4096,4.0,0.0039
location_masks\._topaneu_center1_mr_393.nii.gz,location_masks,._topaneu_center1_mr_393.nii.gz,.nii.gz,4096,4.0,0.0039
location_masks\._topaneu_center1_mr_396.nii.gz,location_masks,._topaneu_center1_mr_396.nii.gz,.nii.gz,4096,4.0,0.0039
location_masks\._topaneu_center1_mr_398.nii.gz,location_masks,._topaneu_center1_mr_398.nii.gz,.nii.gz,4096,4.0,0.0039
location_masks\._topaneu_center1_mr_401.nii.gz,location_masks,._topaneu_center1_mr_401.nii.gz,.nii.gz,4096,4.0,0.0039
location_masks\._topaneu_center1_mr_411.nii.gz,location_masks,._topaneu_center1_mr_411.nii.gz,.nii.gz,4096,4.0,0.0039
location_masks\._topaneu_center1_mr_414.nii.gz,location_masks,._topaneu_center1_mr_414.nii.gz,.nii.gz,4096,4.0,0.0039
location_masks\._topaneu_center1_mr_419.nii.gz,location_masks,._topaneu_center1_mr_419.nii.gz,.nii.gz,4096,4.0,0.0039
location_masks\._topaneu_center1_mr_428.nii.gz,location_masks,._topaneu_center1_mr_428.nii.gz,.nii.gz,4096,4.0,0.0039
location_masks\._topaneu_center1_mr_436.nii.gz,location_masks,._topaneu_center1_mr_436.nii.gz,.nii.gz,4096,4.0,0.0039
location_masks\._topaneu_center1_mr_439.nii.gz,location_masks,._topaneu_center1_mr_439.nii.gz,.nii.gz,4096,4.0,0.0039
location_masks\._topaneu_center1_mr_443.nii.gz,location_masks,._topaneu_center1_mr_443.nii.gz,.nii.gz,4096,4.0,0.0039
location_masks\._topaneu_center1_mr_463.nii.gz,location_masks,._topaneu_center1_mr_463.nii.gz,.nii.gz,4096,4.0,0.0039
location_masks\._topaneu_center1_mr_474.nii.gz,location_masks,._topaneu_center1_mr_474.nii.gz,.nii.gz,4096,4.0,0.0039
location_masks\._topaneu_center1_mr_477.nii.gz,location_masks,._topaneu_center1_mr_477.nii.gz,.nii.gz,4096,4.0,0.0039
location_masks\._topaneu_center1_mr_483.nii.gz,location_masks,._topaneu_center1_mr_483.nii.gz,.nii.gz,4096,4.0,0.0039
location_masks\._topaneu_center1_mr_489.nii.gz,location_masks,._topaneu_center1_mr_489.nii.gz,.nii.gz,4096,4.0,0.0039
location_masks\._topaneu_center1_mr_490.nii.gz,location_masks,._topaneu_center1_mr_490.nii.gz,.nii.gz,4096,4.0,0.0039
location_masks\._topaneu_center1_mr_494.nii.gz,location_masks,._topaneu_center1_mr_494.nii.gz,.nii.gz,4096,4.0,0.0039
location_masks\._topaneu_center1_mr_496.nii.gz,location_masks,._topaneu_center1_mr_496.nii.gz,.nii.gz,4096,4.0,0.0039
location_masks\._topaneu_center1_mr_499.nii.gz,location_masks,._topaneu_center1_mr_499.nii.gz,.nii.gz,4096,4.0,0.0039
location_masks\._topaneu_center1_mr_501.nii.gz,location_masks,._topaneu_center1_mr_501.nii.gz,.nii.gz,4096,4.0,0.0039
location_masks\._topaneu_center1_mr_509.nii.gz,location_masks,._topaneu_center1_mr_509.nii.gz,.nii.gz,4096,4.0,0.0039
location_masks\._topaneu_center1_mr_516.nii.gz,location_masks,._topaneu_center1_mr_516.nii.gz,.nii.gz,4096,4.0,0.0039
location_masks\._topaneu_center1_mr_522.nii.gz,location_masks,._topaneu_center1_mr_522.nii.gz,.nii.gz,4096,4.0,0.0039
location_masks\._topaneu_center1_mr_523.nii.gz,location_masks,._topaneu_center1_mr_523.nii.gz,.nii.gz,4096,4.0,0.0039
location_masks\._topaneu_center1_mr_525.nii.gz,location_masks,._topaneu_center1_mr_525.nii.gz,.nii.gz,4096,4.0,0.0039
location_masks\._topaneu_center1_mr_527.nii.gz,location_masks,._topaneu_center1_mr_527.nii.gz,.nii.gz,4096,4.0,0.0039
location_masks\._topaneu_center1_mr_528.nii.gz,location_masks,._topaneu_center1_mr_528.nii.gz,.nii.gz,4096,4.0,0.0039
location_masks\._topaneu_center1_mr_538.nii.gz,location_masks,._topaneu_center1_mr_538.nii.gz,.nii.gz,4096,4.0,0.0039
location_masks\._topaneu_center1_mr_554.nii.gz,location_masks,._topaneu_center1_mr_554.nii.gz,.nii.gz,4096,4.0,0.0039
location_masks\._topaneu_center1_mr_560.nii.gz,location_masks,._topaneu_center1_mr_560.nii.gz,.nii.gz,4096,4.0,0.0039
location_masks\._topaneu_center1_mr_561.nii.gz,location_masks,._topaneu_center1_mr_561.nii.gz,.nii.gz,4096,4.0,0.0039
location_masks\._topaneu_center1_mr_572.nii.gz,location_masks,._topaneu_center1_mr_572.nii.gz,.nii.gz,4096,4.0,0.0039
location_masks\._topaneu_center1_mr_577.nii.gz,location_masks,._topaneu_center1_mr_577.nii.gz,.nii.gz,4096,4.0,0.0039
location_masks\._topaneu_center1_mr_581.nii.gz,location_masks,._topaneu_center1_mr_581.nii.gz,.nii.gz,4096,4.0,0.0039
location_masks\._topaneu_center1_mr_585.nii.gz,location_masks,._topaneu_center1_mr_585.nii.gz,.nii.gz,4096,4.0,0.0039
location_masks\._topaneu_center1_mr_586.nii.gz,location_masks,._topaneu_center1_mr_586.nii.gz,.nii.gz,4096,4.0,0.0039
location_masks\._topaneu_center1_mr_596.nii.gz,location_masks,._topaneu_center1_mr_596.nii.gz,.nii.gz,4096,4.0,0.0039
location_masks\._topaneu_center1_mr_605.nii.gz,location_masks,._topaneu_center1_mr_605.nii.gz,.nii.gz,4096,4.0,0.0039
location_masks\._topaneu_center1_mr_607.nii.gz,location_masks,._topaneu_center1_mr_607.nii.gz,.nii.gz,4096,4.0,0.0039
location_masks\._topaneu_center1_mr_612.nii.gz,location_masks,._topaneu_center1_mr_612.nii.gz,.nii.gz,4096,4.0,0.0039
location_masks\._topaneu_center1_mr_614.nii.gz,location_masks,._topaneu_center1_mr_614.nii.gz,.nii.gz,4096,4.0,0.0039
location_masks\._topaneu_center1_mr_615.nii.gz,location_masks,._topaneu_center1_mr_615.nii.gz,.nii.gz,4096,4.0,0.0039
location_masks\._topaneu_center1_mr_625.nii.gz,location_masks,._topaneu_center1_mr_625.nii.gz,.nii.gz,4096,4.0,0.0039
location_masks\._topaneu_center1_mr_626.nii.gz,location_masks,._topaneu_center1_mr_626.nii.gz,.nii.gz,4096,4.0,0.0039
location_masks\._topaneu_center1_mr_630.nii.gz,location_masks,._topaneu_center1_mr_630.nii.gz,.nii.gz,4096,4.0,0.0039
location_masks\._topaneu_center1_mr_631.nii.gz,location_masks,._topaneu_center1_mr_631.nii.gz,.nii.gz,4096,4.0,0.0039
location_masks\._topaneu_center1_mr_637.nii.gz,location_masks,._topaneu_center1_mr_637.nii.gz,.nii.gz,4096,4.0,0.0039
location_masks\._topaneu_center1_mr_638.nii.gz,location_masks,._topaneu_center1_mr_638.nii.gz,.nii.gz,4096,4.0,0.0039
location_masks\._topaneu_center1_mr_647.nii.gz,location_masks,._topaneu_center1_mr_647.nii.gz,.nii.gz,4096,4.0,0.0039
location_masks\._topaneu_center1_mr_653.nii.gz,location_masks,._topaneu_center1_mr_653.nii.gz,.nii.gz,4096,4.0,0.0039
location_masks\._topaneu_center1_mr_660.nii.gz,location_masks,._topaneu_center1_mr_660.nii.gz,.nii.gz,4096,4.0,0.0039
location_masks\._topaneu_center1_mr_664.nii.gz,location_masks,._topaneu_center1_mr_664.nii.gz,.nii.gz,4096,4.0,0.0039
location_masks\._topaneu_center1_mr_670.nii.gz,location_masks,._topaneu_center1_mr_670.nii.gz,.nii.gz,4096,4.0,0.0039
location_masks\._topaneu_center1_mr_681.nii.gz,location_masks,._topaneu_center1_mr_681.nii.gz,.nii.gz,4096,4.0,0.0039
location_masks\._topaneu_center1_mr_682.nii.gz,location_masks,._topaneu_center1_mr_682.nii.gz,.nii.gz,4096,4.0,0.0039
location_masks\._topaneu_center1_mr_693.nii.gz,location_masks,._topaneu_center1_mr_693.nii.gz,.nii.gz,4096,4.0,0.0039
location_masks\._topaneu_center1_mr_694.nii.gz,location_masks,._topaneu_center1_mr_694.nii.gz,.nii.gz,4096,4.0,0.0039
location_masks\._topaneu_center1_mr_697.nii.gz,location_masks,._topaneu_center1_mr_697.nii.gz,.nii.gz,4096,4.0,0.0039
location_masks\._topaneu_center1_mr_702.nii.gz,location_masks,._topaneu_center1_mr_702.nii.gz,.nii.gz,4096,4.0,0.0039
location_masks\._topaneu_center1_mr_713.nii.gz,location_masks,._topaneu_center1_mr_713.nii.gz,.nii.gz,4096,4.0,0.0039
location_masks\._topaneu_center1_mr_720.nii.gz,location_masks,._topaneu_center1_mr_720.nii.gz,.nii.gz,4096,4.0,0.0039
location_masks\._topaneu_center1_mr_727.nii.gz,location_masks,._topaneu_center1_mr_727.nii.gz,.nii.gz,4096,4.0,0.0039
location_masks\._topaneu_center1_mr_729.nii.gz,location_masks,._topaneu_center1_mr_729.nii.gz,.nii.gz,4096,4.0,0.0039
location_masks\._topaneu_center1_mr_731.nii.gz,location_masks,._topaneu_center1_mr_731.nii.gz,.nii.gz,4096,4.0,0.0039
location_masks\._topaneu_center1_mr_732.nii.gz,location_masks,._topaneu_center1_mr_732.nii.gz,.nii.gz,4096,4.0,0.0039
location_masks\._topaneu_center1_mr_740.nii.gz,location_masks,._topaneu_center1_mr_740.nii.gz,.nii.gz,4096,4.0,0.0039
location_masks\._topaneu_center1_mr_741.nii.gz,location_masks,._topaneu_center1_mr_741.nii.gz,.nii.gz,4096,4.0,0.0039
location_masks\._topaneu_center1_mr_742.nii.gz,location_masks,._topaneu_center1_mr_742.nii.gz,.nii.gz,4096,4.0,0.0039
location_masks\._topaneu_center1_mr_744.nii.gz,location_masks,._topaneu_center1_mr_744.nii.gz,.nii.gz,4096,4.0,0.0039
location_masks\._topaneu_center1_mr_750.nii.gz,location_masks,._topaneu_center1_mr_750.nii.gz,.nii.gz,4096,4.0,0.0039
location_masks\._topaneu_center1_mr_760.nii.gz,location_masks,._topaneu_center1_mr_760.nii.gz,.nii.gz,4096,4.0,0.0039
location_masks\._topaneu_center1_mr_763.nii.gz,location_masks,._topaneu_center1_mr_763.nii.gz,.nii.gz,4096,4.0,0.0039
location_masks\._topaneu_center1_mr_765.nii.gz,location_masks,._topaneu_center1_mr_765.nii.gz,.nii.gz,4096,4.0,0.0039
location_masks\._topaneu_center1_mr_770.nii.gz,location_masks,._topaneu_center1_mr_770.nii.gz,.nii.gz,4096,4.0,0.0039
location_masks\._topaneu_center1_mr_772.nii.gz,location_masks,._topaneu_center1_mr_772.nii.gz,.nii.gz,4096,4.0,0.0039
location_masks\._topaneu_center1_mr_774.nii.gz,location_masks,._topaneu_center1_mr_774.nii.gz,.nii.gz,4096,4.0,0.0039
location_masks\._topaneu_center1_mr_775.nii.gz,location_masks,._topaneu_center1_mr_775.nii.gz,.nii.gz,4096,4.0,0.0039
location_masks\._topaneu_center1_mr_776.nii.gz,location_masks,._topaneu_center1_mr_776.nii.gz,.nii.gz,4096,4.0,0.0039
location_masks\._topaneu_center1_mr_788.nii.gz,location_masks,._topaneu_center1_mr_788.nii.gz,.nii.gz,4096,4.0,0.0039
location_masks\._topaneu_center1_mr_789.nii.gz,location_masks,._topaneu_center1_mr_789.nii.gz,.nii.gz,4096,4.0,0.0039
location_masks\._topaneu_center1_mr_790.nii.gz,location_masks,._topaneu_center1_mr_790.nii.gz,.nii.gz,4096,4.0,0.0039
location_masks\._topaneu_center1_mr_792.nii.gz,location_masks,._topaneu_center1_mr_792.nii.gz,.nii.gz,4096,4.0,0.0039
location_masks\._topaneu_center1_mr_795.nii.gz,location_masks,._topaneu_center1_mr_795.nii.gz,.nii.gz,4096,4.0,0.0039
location_masks\._topaneu_center1_mr_797.nii.gz,location_masks,._topaneu_center1_mr_797.nii.gz,.nii.gz,4096,4.0,0.0039
location_masks\._topaneu_center1_mr_800.nii.gz,location_masks,._topaneu_center1_mr_800.nii.gz,.nii.gz,4096,4.0,0.0039
location_masks\._topaneu_center1_mr_804.nii.gz,location_masks,._topaneu_center1_mr_804.nii.gz,.nii.gz,4096,4.0,0.0039
location_masks\._topaneu_center1_mr_807.nii.gz,location_masks,._topaneu_center1_mr_807.nii.gz,.nii.gz,4096,4.0,0.0039
location_masks\._topaneu_center1_mr_810.nii.gz,location_masks,._topaneu_center1_mr_810.nii.gz,.nii.gz,4096,4.0,0.0039
location_masks\._topaneu_center1_mr_816.nii.gz,location_masks,._topaneu_center1_mr_816.nii.gz,.nii.gz,4096,4.0,0.0039
location_masks\._topaneu_center1_mr_819.nii.gz,location_masks,._topaneu_center1_mr_819.nii.gz,.nii.gz,4096,4.0,0.0039
location_masks\._topaneu_center1_mr_823.nii.gz,location_masks,._topaneu_center1_mr_823.nii.gz,.nii.gz,4096,4.0,0.0039
location_masks\._topaneu_center1_mr_840.nii.gz,location_masks,._topaneu_center1_mr_840.nii.gz,.nii.gz,4096,4.0,0.0039
location_masks\._topaneu_center1_mr_842.nii.gz,location_masks,._topaneu_center1_mr_842.nii.gz,.nii.gz,4096,4.0,0.0039
location_masks\._topaneu_center1_mr_848.nii.gz,location_masks,._topaneu_center1_mr_848.nii.gz,.nii.gz,4096,4.0,0.0039
location_masks\._topaneu_center1_mr_850.nii.gz,location_masks,._topaneu_center1_mr_850.nii.gz,.nii.gz,4096,4.0,0.0039
location_masks\._topaneu_center1_mr_871.nii.gz,location_masks,._topaneu_center1_mr_871.nii.gz,.nii.gz,4096,4.0,0.0039
location_masks\._topaneu_center1_mr_877.nii.gz,location_masks,._topaneu_center1_mr_877.nii.gz,.nii.gz,4096,4.0,0.0039
location_masks\._topaneu_center1_mr_891.nii.gz,location_masks,._topaneu_center1_mr_891.nii.gz,.nii.gz,4096,4.0,0.0039
location_masks\._topaneu_center1_mr_892.nii.gz,location_masks,._topaneu_center1_mr_892.nii.gz,.nii.gz,4096,4.0,0.0039
location_masks\._topaneu_center1_mr_895.nii.gz,location_masks,._topaneu_center1_mr_895.nii.gz,.nii.gz,4096,4.0,0.0039
location_masks\._topaneu_center1_mr_896.nii.gz,location_masks,._topaneu_center1_mr_896.nii.gz,.nii.gz,4096,4.0,0.0039
location_masks\._topaneu_center1_mr_902.nii.gz,location_masks,._topaneu_center1_mr_902.nii.gz,.nii.gz,4096,4.0,0.0039
location_masks\._topaneu_center1_mr_909.nii.gz,location_masks,._topaneu_center1_mr_909.nii.gz,.nii.gz,4096,4.0,0.0039
location_masks\._topaneu_center1_mr_910.nii.gz,location_masks,._topaneu_center1_mr_910.nii.gz,.nii.gz,4096,4.0,0.0039
location_masks\._topaneu_center1_mr_911.nii.gz,location_masks,._topaneu_center1_mr_911.nii.gz,.nii.gz,4096,4.0,0.0039
location_masks\._topaneu_center1_mr_917.nii.gz,location_masks,._topaneu_center1_mr_917.nii.gz,.nii.gz,4096,4.0,0.0039
location_masks\._topaneu_center1_mr_920.nii.gz,location_masks,._topaneu_center1_mr_920.nii.gz,.nii.gz,4096,4.0,0.0039
location_masks\._topaneu_center1_mr_921.nii.gz,location_masks,._topaneu_center1_mr_921.nii.gz,.nii.gz,4096,4.0,0.0039
location_masks\._topaneu_center1_mr_922.nii.gz,location_masks,._topaneu_center1_mr_922.nii.gz,.nii.gz,4096,4.0,0.0039
location_masks\._topaneu_center1_mr_924.nii.gz,location_masks,._topaneu_center1_mr_924.nii.gz,.nii.gz,4096,4.0,0.0039
location_masks\._topaneu_center1_mr_926.nii.gz,location_masks,._topaneu_center1_mr_926.nii.gz,.nii.gz,4096,4.0,0.0039
location_masks\._topaneu_center1_mr_928.nii.gz,location_masks,._topaneu_center1_mr_928.nii.gz,.nii.gz,4096,4.0,0.0039
location_masks\._topaneu_center1_mr_939.nii.gz,location_masks,._topaneu_center1_mr_939.nii.gz,.nii.gz,4096,4.0,0.0039
location_masks\._topaneu_center1_mr_940.nii.gz,location_masks,._topaneu_center1_mr_940.nii.gz,.nii.gz,4096,4.0,0.0039
location_masks\._topaneu_center1_mr_942.nii.gz,location_masks,._topaneu_center1_mr_942.nii.gz,.nii.gz,4096,4.0,0.0039
location_masks\._topaneu_center1_mr_944.nii.gz,location_masks,._topaneu_center1_mr_944.nii.gz,.nii.gz,4096,4.0,0.0039
location_masks\._topaneu_center1_mr_959.nii.gz,location_masks,._topaneu_center1_mr_959.nii.gz,.nii.gz,4096,4.0,0.0039
location_masks\._topaneu_center1_mr_961.nii.gz,location_masks,._topaneu_center1_mr_961.nii.gz,.nii.gz,4096,4.0,0.0039
location_masks\._topaneu_center1_mr_975.nii.gz,location_masks,._topaneu_center1_mr_975.nii.gz,.nii.gz,4096,4.0,0.0039
location_masks\._topaneu_center1_mr_981.nii.gz,location_masks,._topaneu_center1_mr_981.nii.gz,.nii.gz,4096,4.0,0.0039
location_masks\._topaneu_center1_mr_991.nii.gz,location_masks,._topaneu_center1_mr_991.nii.gz,.nii.gz,4096,4.0,0.0039
location_masks\._topaneu_center2_ct_105.nii.gz,location_masks,._topaneu_center2_ct_105.nii.gz,.nii.gz,4096,4.0,0.0039
location_masks\._topaneu_center2_ct_107.nii.gz,location_masks,._topaneu_center2_ct_107.nii.gz,.nii.gz,4096,4.0,0.0039
location_masks\._topaneu_center2_ct_108.nii.gz,location_masks,._topaneu_center2_ct_108.nii.gz,.nii.gz,4096,4.0,0.0039
location_masks\._topaneu_center2_ct_109.nii.gz,location_masks,._topaneu_center2_ct_109.nii.gz,.nii.gz,4096,4.0,0.0039
location_masks\._topaneu_center2_ct_112.nii.gz,location_masks,._topaneu_center2_ct_112.nii.gz,.nii.gz,4096,4.0,0.0039
location_masks\._topaneu_center2_ct_113.nii.gz,location_masks,._topaneu_center2_ct_113.nii.gz,.nii.gz,4096,4.0,0.0039
location_masks\._topaneu_center2_ct_118.nii.gz,location_masks,._topaneu_center2_ct_118.nii.gz,.nii.gz,4096,4.0,0.0039
location_masks\._topaneu_center2_ct_119.nii.gz,location_masks,._topaneu_center2_ct_119.nii.gz,.nii.gz,4096,4.0,0.0039
location_masks\._topaneu_center2_ct_120.nii.gz,location_masks,._topaneu_center2_ct_120.nii.gz,.nii.gz,4096,4.0,0.0039
location_masks\._topaneu_center2_ct_125.nii.gz,location_masks,._topaneu_center2_ct_125.nii.gz,.nii.gz,4096,4.0,0.0039
location_masks\._topaneu_center2_ct_126.nii.gz,location_masks,._topaneu_center2_ct_126.nii.gz,.nii.gz,4096,4.0,0.0039
location_masks\._topaneu_center2_ct_127.nii.gz,location_masks,._topaneu_center2_ct_127.nii.gz,.nii.gz,4096,4.0,0.0039
location_masks\._topaneu_center2_ct_128.nii.gz,location_masks,._topaneu_center2_ct_128.nii.gz,.nii.gz,4096,4.0,0.0039
location_masks\._topaneu_center2_ct_130.nii.gz,location_masks,._topaneu_center2_ct_130.nii.gz,.nii.gz,4096,4.0,0.0039
location_masks\._topaneu_center2_ct_134.nii.gz,location_masks,._topaneu_center2_ct_134.nii.gz,.nii.gz,4096,4.0,0.0039
location_masks\._topaneu_center2_ct_137.nii.gz,location_masks,._topaneu_center2_ct_137.nii.gz,.nii.gz,4096,4.0,0.0039
location_masks\._topaneu_center2_ct_138.nii.gz,location_masks,._topaneu_center2_ct_138.nii.gz,.nii.gz,4096,4.0,0.0039
location_masks\._topaneu_center2_ct_141.nii.gz,location_masks,._topaneu_center2_ct_141.nii.gz,.nii.gz,4096,4.0,0.0039
location_masks\._topaneu_center2_ct_142.nii.gz,location_masks,._topaneu_center2_ct_142.nii.gz,.nii.gz,4096,4.0,0.0039
location_masks\._topaneu_center2_ct_144.nii.gz,location_masks,._topaneu_center2_ct_144.nii.gz,.nii.gz,4096,4.0,0.0039
location_masks\._topaneu_center2_ct_147.nii.gz,location_masks,._topaneu_center2_ct_147.nii.gz,.nii.gz,4096,4.0,0.0039
location_masks\._topaneu_center2_ct_150.nii.gz,location_masks,._topaneu_center2_ct_150.nii.gz,.nii.gz,4096,4.0,0.0039
location_masks\._topaneu_center2_ct_154.nii.gz,location_masks,._topaneu_center2_ct_154.nii.gz,.nii.gz,4096,4.0,0.0039
location_masks\._topaneu_center2_ct_156.nii.gz,location_masks,._topaneu_center2_ct_156.nii.gz,.nii.gz,4096,4.0,0.0039
location_masks\._topaneu_center2_ct_160.nii.gz,location_masks,._topaneu_center2_ct_160.nii.gz,.nii.gz,4096,4.0,0.0039
location_masks\._topaneu_center2_ct_161.nii.gz,location_masks,._topaneu_center2_ct_161.nii.gz,.nii.gz,4096,4.0,0.0039
location_masks\._topaneu_center2_ct_162.nii.gz,location_masks,._topaneu_center2_ct_162.nii.gz,.nii.gz,4096,4.0,0.0039
location_masks\._topaneu_center2_ct_163.nii.gz,location_masks,._topaneu_center2_ct_163.nii.gz,.nii.gz,4096,4.0,0.0039
location_masks\._topaneu_center2_ct_164.nii.gz,location_masks,._topaneu_center2_ct_164.nii.gz,.nii.gz,4096,4.0,0.0039
location_masks\._topaneu_center2_ct_165.nii.gz,location_masks,._topaneu_center2_ct_165.nii.gz,.nii.gz,4096,4.0,0.0039
location_masks\._topaneu_center2_ct_166.nii.gz,location_masks,._topaneu_center2_ct_166.nii.gz,.nii.gz,4096,4.0,0.0039
location_masks\._topaneu_center2_ct_167.nii.gz,location_masks,._topaneu_center2_ct_167.nii.gz,.nii.gz,4096,4.0,0.0039
location_masks\._topaneu_center2_ct_169.nii.gz,location_masks,._topaneu_center2_ct_169.nii.gz,.nii.gz,4096,4.0,0.0039
location_masks\._topaneu_center2_ct_170.nii.gz,location_masks,._topaneu_center2_ct_170.nii.gz,.nii.gz,4096,4.0,0.0039
location_masks\._topaneu_center2_ct_171.nii.gz,location_masks,._topaneu_center2_ct_171.nii.gz,.nii.gz,4096,4.0,0.0039
location_masks\._topaneu_center2_ct_172.nii.gz,location_masks,._topaneu_center2_ct_172.nii.gz,.nii.gz,4096,4.0,0.0039
location_masks\._topaneu_center2_ct_173.nii.gz,location_masks,._topaneu_center2_ct_173.nii.gz,.nii.gz,4096,4.0,0.0039
location_masks\._topaneu_center2_ct_174.nii.gz,location_masks,._topaneu_center2_ct_174.nii.gz,.nii.gz,4096,4.0,0.0039
location_masks\._topaneu_center2_ct_175.nii.gz,location_masks,._topaneu_center2_ct_175.nii.gz,.nii.gz,4096,4.0,0.0039
location_masks\._topaneu_center2_ct_184.nii.gz,location_masks,._topaneu_center2_ct_184.nii.gz,.nii.gz,4096,4.0,0.0039
location_masks\._topaneu_center2_ct_189.nii.gz,location_masks,._topaneu_center2_ct_189.nii.gz,.nii.gz,4096,4.0,0.0039
location_masks\._topaneu_center2_ct_190.nii.gz,location_masks,._topaneu_center2_ct_190.nii.gz,.nii.gz,4096,4.0,0.0039
location_masks\._topaneu_center2_ct_191.nii.gz,location_masks,._topaneu_center2_ct_191.nii.gz,.nii.gz,4096,4.0,0.0039
location_masks\._topaneu_center2_ct_192.nii.gz,location_masks,._topaneu_center2_ct_192.nii.gz,.nii.gz,4096,4.0,0.0039
location_masks\._topaneu_center2_ct_193.nii.gz,location_masks,._topaneu_center2_ct_193.nii.gz,.nii.gz,4096,4.0,0.0039
location_masks\._topaneu_center2_ct_196.nii.gz,location_masks,._topaneu_center2_ct_196.nii.gz,.nii.gz,4096,4.0,0.0039
location_masks\._topaneu_center2_ct_197.nii.gz,location_masks,._topaneu_center2_ct_197.nii.gz,.nii.gz,4096,4.0,0.0039
location_masks\._topaneu_center2_mr_002.nii.gz,location_masks,._topaneu_center2_mr_002.nii.gz,.nii.gz,4096,4.0,0.0039
location_masks\._topaneu_center2_mr_004.nii.gz,location_masks,._topaneu_center2_mr_004.nii.gz,.nii.gz,4096,4.0,0.0039
location_masks\._topaneu_center2_mr_007.nii.gz,location_masks,._topaneu_center2_mr_007.nii.gz,.nii.gz,4096,4.0,0.0039
location_masks\._topaneu_center2_mr_010.nii.gz,location_masks,._topaneu_center2_mr_010.nii.gz,.nii.gz,4096,4.0,0.0039
location_masks\._topaneu_center2_mr_011.nii.gz,location_masks,._topaneu_center2_mr_011.nii.gz,.nii.gz,4096,4.0,0.0039
location_masks\._topaneu_center2_mr_012.nii.gz,location_masks,._topaneu_center2_mr_012.nii.gz,.nii.gz,4096,4.0,0.0039
location_masks\._topaneu_center2_mr_016.nii.gz,location_masks,._topaneu_center2_mr_016.nii.gz,.nii.gz,4096,4.0,0.0039
location_masks\._topaneu_center2_mr_017.nii.gz,location_masks,._topaneu_center2_mr_017.nii.gz,.nii.gz,4096,4.0,0.0039
location_masks\._topaneu_center2_mr_018.nii.gz,location_masks,._topaneu_center2_mr_018.nii.gz,.nii.gz,4096,4.0,0.0039
location_masks\._topaneu_center2_mr_019.nii.gz,location_masks,._topaneu_center2_mr_019.nii.gz,.nii.gz,4096,4.0,0.0039
location_masks\._topaneu_center2_mr_020.nii.gz,location_masks,._topaneu_center2_mr_020.nii.gz,.nii.gz,4096,4.0,0.0039
location_masks\._topaneu_center2_mr_025.nii.gz,location_masks,._topaneu_center2_mr_025.nii.gz,.nii.gz,4096,4.0,0.0039
location_masks\._topaneu_center2_mr_028.nii.gz,location_masks,._topaneu_center2_mr_028.nii.gz,.nii.gz,4096,4.0,0.0039
location_masks\._topaneu_center2_mr_029.nii.gz,location_masks,._topaneu_center2_mr_029.nii.gz,.nii.gz,4096,4.0,0.0039
location_masks\._topaneu_center2_mr_031.nii.gz,location_masks,._topaneu_center2_mr_031.nii.gz,.nii.gz,4096,4.0,0.0039
location_masks\._topaneu_center2_mr_032.nii.gz,location_masks,._topaneu_center2_mr_032.nii.gz,.nii.gz,4096,4.0,0.0039
location_masks\._topaneu_center2_mr_034.nii.gz,location_masks,._topaneu_center2_mr_034.nii.gz,.nii.gz,4096,4.0,0.0039
location_masks\._topaneu_center2_mr_035.nii.gz,location_masks,._topaneu_center2_mr_035.nii.gz,.nii.gz,4096,4.0,0.0039
location_masks\._topaneu_center2_mr_038.nii.gz,location_masks,._topaneu_center2_mr_038.nii.gz,.nii.gz,4096,4.0,0.0039
location_masks\._topaneu_center2_mr_042.nii.gz,location_masks,._topaneu_center2_mr_042.nii.gz,.nii.gz,4096,4.0,0.0039
location_masks\._topaneu_center2_mr_044.nii.gz,location_masks,._topaneu_center2_mr_044.nii.gz,.nii.gz,4096,4.0,0.0039
location_masks\._topaneu_center2_mr_047.nii.gz,location_masks,._topaneu_center2_mr_047.nii.gz,.nii.gz,4096,4.0,0.0039
location_masks\._topaneu_center2_mr_048.nii.gz,location_masks,._topaneu_center2_mr_048.nii.gz,.nii.gz,4096,4.0,0.0039
location_masks\._topaneu_center2_mr_049.nii.gz,location_masks,._topaneu_center2_mr_049.nii.gz,.nii.gz,4096,4.0,0.0039
location_masks\._topaneu_center2_mr_050.nii.gz,location_masks,._topaneu_center2_mr_050.nii.gz,.nii.gz,4096,4.0,0.0039
location_masks\._topaneu_center2_mr_051.nii.gz,location_masks,._topaneu_center2_mr_051.nii.gz,.nii.gz,4096,4.0,0.0039
location_masks\._topaneu_center2_mr_054.nii.gz,location_masks,._topaneu_center2_mr_054.nii.gz,.nii.gz,4096,4.0,0.0039
location_masks\._topaneu_center2_mr_055.nii.gz,location_masks,._topaneu_center2_mr_055.nii.gz,.nii.gz,4096,4.0,0.0039
location_masks\._topaneu_center2_mr_056.nii.gz,location_masks,._topaneu_center2_mr_056.nii.gz,.nii.gz,4096,4.0,0.0039
location_masks\._topaneu_center2_mr_057.nii.gz,location_masks,._topaneu_center2_mr_057.nii.gz,.nii.gz,4096,4.0,0.0039
location_masks\._topaneu_center2_mr_058.nii.gz,location_masks,._topaneu_center2_mr_058.nii.gz,.nii.gz,4096,4.0,0.0039
location_masks\._topaneu_center2_mr_069.nii.gz,location_masks,._topaneu_center2_mr_069.nii.gz,.nii.gz,4096,4.0,0.0039
location_masks\._topaneu_center2_mr_074.nii.gz,location_masks,._topaneu_center2_mr_074.nii.gz,.nii.gz,4096,4.0,0.0039
location_masks\._topaneu_center2_mr_077.nii.gz,location_masks,._topaneu_center2_mr_077.nii.gz,.nii.gz,4096,4.0,0.0039
location_masks\._topaneu_center2_mr_078.nii.gz,location_masks,._topaneu_center2_mr_078.nii.gz,.nii.gz,4096,4.0,0.0039
location_masks\._topaneu_center2_mr_079.nii.gz,location_masks,._topaneu_center2_mr_079.nii.gz,.nii.gz,4096,4.0,0.0039
location_masks\._topaneu_center2_mr_080.nii.gz,location_masks,._topaneu_center2_mr_080.nii.gz,.nii.gz,4096,4.0,0.0039
location_masks\._topaneu_center2_mr_083.nii.gz,location_masks,._topaneu_center2_mr_083.nii.gz,.nii.gz,4096,4.0,0.0039
location_masks\._topaneu_center2_mr_085.nii.gz,location_masks,._topaneu_center2_mr_085.nii.gz,.nii.gz,4096,4.0,0.0039
location_masks\._topaneu_center2_mr_086.nii.gz,location_masks,._topaneu_center2_mr_086.nii.gz,.nii.gz,4096,4.0,0.0039
location_masks\._topaneu_center4_ct_002.nii.gz,location_masks,._topaneu_center4_ct_002.nii.gz,.nii.gz,4096,4.0,0.0039
location_masks\._topaneu_center4_ct_005.nii.gz,location_masks,._topaneu_center4_ct_005.nii.gz,.nii.gz,4096,4.0,0.0039
location_masks\._topaneu_center4_ct_008_1.nii.gz,location_masks,._topaneu_center4_ct_008_1.nii.gz,.nii.gz,4096,4.0,0.0039
location_masks\._topaneu_center4_ct_008_2.nii.gz,location_masks,._topaneu_center4_ct_008_2.nii.gz,.nii.gz,4096,4.0,0.0039
location_masks\._topaneu_center4_ct_009.nii.gz,location_masks,._topaneu_center4_ct_009.nii.gz,.nii.gz,4096,4.0,0.0039
location_masks\._topaneu_center4_ct_012.nii.gz,location_masks,._topaneu_center4_ct_012.nii.gz,.nii.gz,4096,4.0,0.0039
location_masks\._topaneu_center4_ct_019.nii.gz,location_masks,._topaneu_center4_ct_019.nii.gz,.nii.gz,4096,4.0,0.0039
location_masks\._topaneu_center4_ct_020_1.nii.gz,location_masks,._topaneu_center4_ct_020_1.nii.gz,.nii.gz,4096,4.0,0.0039
location_masks\._topaneu_center4_ct_020_2.nii.gz,location_masks,._topaneu_center4_ct_020_2.nii.gz,.nii.gz,4096,4.0,0.0039
location_masks\._topaneu_center4_ct_020_3.nii.gz,location_masks,._topaneu_center4_ct_020_3.nii.gz,.nii.gz,4096,4.0,0.0039
location_masks\._topaneu_center4_ct_023.nii.gz,location_masks,._topaneu_center4_ct_023.nii.gz,.nii.gz,4096,4.0,0.0039
location_masks\._topaneu_center4_ct_025_1.nii.gz,location_masks,._topaneu_center4_ct_025_1.nii.gz,.nii.gz,4096,4.0,0.0039
location_masks\._topaneu_center4_ct_025_2.nii.gz,location_masks,._topaneu_center4_ct_025_2.nii.gz,.nii.gz,4096,4.0,0.0039
location_masks\._topaneu_center4_ct_030.nii.gz,location_masks,._topaneu_center4_ct_030.nii.gz,.nii.gz,4096,4.0,0.0039
location_masks\._topaneu_center4_ct_034_1.nii.gz,location_masks,._topaneu_center4_ct_034_1.nii.gz,.nii.gz,4096,4.0,0.0039
location_masks\._topaneu_center4_ct_034_2.nii.gz,location_masks,._topaneu_center4_ct_034_2.nii.gz,.nii.gz,4096,4.0,0.0039
location_masks\._topaneu_center4_ct_037.nii.gz,location_masks,._topaneu_center4_ct_037.nii.gz,.nii.gz,4096,4.0,0.0039
location_masks\._topaneu_center4_ct_041.nii.gz,location_masks,._topaneu_center4_ct_041.nii.gz,.nii.gz,4096,4.0,0.0039
location_masks\._topaneu_center4_ct_042_2.nii.gz,location_masks,._topaneu_center4_ct_042_2.nii.gz,.nii.gz,4096,4.0,0.0039
location_masks\._topaneu_center4_ct_045.nii.gz,location_masks,._topaneu_center4_ct_045.nii.gz,.nii.gz,4096,4.0,0.0039
location_masks\._topaneu_center4_ct_047.nii.gz,location_masks,._topaneu_center4_ct_047.nii.gz,.nii.gz,4096,4.0,0.0039
location_masks\._topaneu_center4_ct_048.nii.gz,location_masks,._topaneu_center4_ct_048.nii.gz,.nii.gz,4096,4.0,0.0039
location_masks\._topaneu_center4_ct_051_1.nii.gz,location_masks,._topaneu_center4_ct_051_1.nii.gz,.nii.gz,4096,4.0,0.0039
location_masks\._topaneu_center4_ct_051_2.nii.gz,location_masks,._topaneu_center4_ct_051_2.nii.gz,.nii.gz,4096,4.0,0.0039
location_masks\._topaneu_center4_ct_055.nii.gz,location_masks,._topaneu_center4_ct_055.nii.gz,.nii.gz,4096,4.0,0.0039
location_masks\._topaneu_center4_ct_057.nii.gz,location_masks,._topaneu_center4_ct_057.nii.gz,.nii.gz,4096,4.0,0.0039
location_masks\._topaneu_center4_ct_059.nii.gz,location_masks,._topaneu_center4_ct_059.nii.gz,.nii.gz,4096,4.0,0.0039
location_masks\._topaneu_center4_ct_060.nii.gz,location_masks,._topaneu_center4_ct_060.nii.gz,.nii.gz,4096,4.0,0.0039
location_masks\._topaneu_center4_ct_062_1.nii.gz,location_masks,._topaneu_center4_ct_062_1.nii.gz,.nii.gz,4096,4.0,0.0039
location_masks\._topaneu_center4_ct_062_2.nii.gz,location_masks,._topaneu_center4_ct_062_2.nii.gz,.nii.gz,4096,4.0,0.0039
location_masks\._topaneu_center4_ct_063.nii.gz,location_masks,._topaneu_center4_ct_063.nii.gz,.nii.gz,4096,4.0,0.0039
location_masks\._topaneu_center4_ct_064.nii.gz,location_masks,._topaneu_center4_ct_064.nii.gz,.nii.gz,4096,4.0,0.0039
location_masks\._topaneu_center4_ct_065.nii.gz,location_masks,._topaneu_center4_ct_065.nii.gz,.nii.gz,4096,4.0,0.0039
location_masks\._topaneu_center4_ct_067.nii.gz,location_masks,._topaneu_center4_ct_067.nii.gz,.nii.gz,4096,4.0,0.0039
location_masks\._topaneu_center4_ct_070.nii.gz,location_masks,._topaneu_center4_ct_070.nii.gz,.nii.gz,4096,4.0,0.0039
location_masks\._topaneu_center4_ct_072.nii.gz,location_masks,._topaneu_center4_ct_072.nii.gz,.nii.gz,4096,4.0,0.0039
location_masks\._topaneu_center4_ct_074.nii.gz,location_masks,._topaneu_center4_ct_074.nii.gz,.nii.gz,4096,4.0,0.0039
location_masks\._topaneu_center4_ct_083.nii.gz,location_masks,._topaneu_center4_ct_083.nii.gz,.nii.gz,4096,4.0,0.0039
location_masks\._topaneu_center4_ct_087.nii.gz,location_masks,._topaneu_center4_ct_087.nii.gz,.nii.gz,4096,4.0,0.0039
location_masks\._topaneu_center4_ct_093.nii.gz,location_masks,._topaneu_center4_ct_093.nii.gz,.nii.gz,4096,4.0,0.0039
location_masks\._topaneu_center4_ct_094.nii.gz,location_masks,._topaneu_center4_ct_094.nii.gz,.nii.gz,4096,4.0,0.0039
location_masks\._topaneu_center4_ct_097.nii.gz,location_masks,._topaneu_center4_ct_097.nii.gz,.nii.gz,4096,4.0,0.0039
location_masks\._topaneu_center4_ct_101.nii.gz,location_masks,._topaneu_center4_ct_101.nii.gz,.nii.gz,4096,4.0,0.0039
location_masks\._topaneu_center4_ct_102.nii.gz,location_masks,._topaneu_center4_ct_102.nii.gz,.nii.gz,4096,4.0,0.0039
location_masks\._topaneu_center4_ct_103.nii.gz,location_masks,._topaneu_center4_ct_103.nii.gz,.nii.gz,4096,4.0,0.0039
location_masks\._topaneu_center4_ct_104.nii.gz,location_masks,._topaneu_center4_ct_104.nii.gz,.nii.gz,4096,4.0,0.0039
location_masks\._topaneu_center4_ct_105.nii.gz,location_masks,._topaneu_center4_ct_105.nii.gz,.nii.gz,4096,4.0,0.0039
location_masks\._topaneu_center4_ct_106.nii.gz,location_masks,._topaneu_center4_ct_106.nii.gz,.nii.gz,4096,4.0,0.0039
location_masks\._topaneu_center4_ct_107.nii.gz,location_masks,._topaneu_center4_ct_107.nii.gz,.nii.gz,4096,4.0,0.0039
location_masks\._topaneu_center4_ct_108.nii.gz,location_masks,._topaneu_center4_ct_108.nii.gz,.nii.gz,4096,4.0,0.0039
location_masks\._topaneu_center4_ct_115.nii.gz,location_masks,._topaneu_center4_ct_115.nii.gz,.nii.gz,4096,4.0,0.0039
location_masks\._topaneu_center4_ct_116.nii.gz,location_masks,._topaneu_center4_ct_116.nii.gz,.nii.gz,4096,4.0,0.0039
location_masks\._topaneu_center4_ct_119.nii.gz,location_masks,._topaneu_center4_ct_119.nii.gz,.nii.gz,4096,4.0,0.0039
location_masks\._topaneu_center4_ct_122.nii.gz,location_masks,._topaneu_center4_ct_122.nii.gz,.nii.gz,4096,4.0,0.0039
location_masks\._topaneu_center4_ct_127.nii.gz,location_masks,._topaneu_center4_ct_127.nii.gz,.nii.gz,4096,4.0,0.0039
location_masks\._topaneu_center4_ct_129.nii.gz,location_masks,._topaneu_center4_ct_129.nii.gz,.nii.gz,4096,4.0,0.0039
location_masks\._topaneu_center4_ct_134.nii.gz,location_masks,._topaneu_center4_ct_134.nii.gz,.nii.gz,4096,4.0,0.0039
location_masks\._topaneu_center4_ct_140.nii.gz,location_masks,._topaneu_center4_ct_140.nii.gz,.nii.gz,4096,4.0,0.0039
location_masks\._topaneu_center4_ct_193.nii.gz,location_masks,._topaneu_center4_ct_193.nii.gz,.nii.gz,4096,4.0,0.0039
location_masks\._topaneu_center4_ct_200.nii.gz,location_masks,._topaneu_center4_ct_200.nii.gz,.nii.gz,4096,4.0,0.0039
location_masks\._topaneu_center4_ct_201.nii.gz,location_masks,._topaneu_center4_ct_201.nii.gz,.nii.gz,4096,4.0,0.0039
location_masks\._topaneu_center5_mr_007.nii.gz,location_masks,._topaneu_center5_mr_007.nii.gz,.nii.gz,4096,4.0,0.0039
location_masks\._topaneu_center5_mr_009.nii.gz,location_masks,._topaneu_center5_mr_009.nii.gz,.nii.gz,4096,4.0,0.0039
location_masks\._topaneu_center5_mr_010.nii.gz,location_masks,._topaneu_center5_mr_010.nii.gz,.nii.gz,4096,4.0,0.0039
location_masks\._topaneu_center5_mr_011.nii.gz,location_masks,._topaneu_center5_mr_011.nii.gz,.nii.gz,4096,4.0,0.0039
location_masks\._topaneu_center5_mr_015.nii.gz,location_masks,._topaneu_center5_mr_015.nii.gz,.nii.gz,4096,4.0,0.0039
location_masks\._topaneu_center5_mr_016.nii.gz,location_masks,._topaneu_center5_mr_016.nii.gz,.nii.gz,4096,4.0,0.0039
location_masks\._topaneu_center5_mr_021.nii.gz,location_masks,._topaneu_center5_mr_021.nii.gz,.nii.gz,4096,4.0,0.0039
location_masks\._topaneu_center5_mr_022.nii.gz,location_masks,._topaneu_center5_mr_022.nii.gz,.nii.gz,4096,4.0,0.0039
location_masks\._topaneu_center5_mr_023.nii.gz,location_masks,._topaneu_center5_mr_023.nii.gz,.nii.gz,4096,4.0,0.0039
location_masks\._topaneu_center5_mr_024.nii.gz,location_masks,._topaneu_center5_mr_024.nii.gz,.nii.gz,4096,4.0,0.0039
location_masks\._topaneu_center5_mr_025.nii.gz,location_masks,._topaneu_center5_mr_025.nii.gz,.nii.gz,4096,4.0,0.0039
location_masks\._topaneu_center5_mr_027.nii.gz,location_masks,._topaneu_center5_mr_027.nii.gz,.nii.gz,4096,4.0,0.0039
location_masks\._topaneu_center5_mr_028.nii.gz,location_masks,._topaneu_center5_mr_028.nii.gz,.nii.gz,4096,4.0,0.0039
location_masks\._topaneu_center5_mr_029.nii.gz,location_masks,._topaneu_center5_mr_029.nii.gz,.nii.gz,4096,4.0,0.0039
location_masks\._topaneu_center5_mr_030.nii.gz,location_masks,._topaneu_center5_mr_030.nii.gz,.nii.gz,4096,4.0,0.0039
location_masks\._topaneu_center5_mr_031.nii.gz,location_masks,._topaneu_center5_mr_031.nii.gz,.nii.gz,4096,4.0,0.0039
location_masks\._topaneu_center5_mr_032.nii.gz,location_masks,._topaneu_center5_mr_032.nii.gz,.nii.gz,4096,4.0,0.0039
location_masks\._topaneu_center5_mr_033.nii.gz,location_masks,._topaneu_center5_mr_033.nii.gz,.nii.gz,4096,4.0,0.0039
location_masks\._topaneu_center5_mr_034.nii.gz,location_masks,._topaneu_center5_mr_034.nii.gz,.nii.gz,4096,4.0,0.0039
location_masks\._topaneu_center5_mr_036.nii.gz,location_masks,._topaneu_center5_mr_036.nii.gz,.nii.gz,4096,4.0,0.0039
location_masks\._topaneu_center5_mr_037.nii.gz,location_masks,._topaneu_center5_mr_037.nii.gz,.nii.gz,4096,4.0,0.0039
location_masks\._topaneu_center5_mr_038.nii.gz,location_masks,._topaneu_center5_mr_038.nii.gz,.nii.gz,4096,4.0,0.0039
location_masks\._topaneu_center5_mr_039.nii.gz,location_masks,._topaneu_center5_mr_039.nii.gz,.nii.gz,4096,4.0,0.0039
location_masks\._topaneu_center5_mr_041.nii.gz,location_masks,._topaneu_center5_mr_041.nii.gz,.nii.gz,4096,4.0,0.0039
location_masks\._topaneu_center5_mr_052.nii.gz,location_masks,._topaneu_center5_mr_052.nii.gz,.nii.gz,4096,4.0,0.0039
location_masks\._topaneu_center5_mr_061.nii.gz,location_masks,._topaneu_center5_mr_061.nii.gz,.nii.gz,4096,4.0,0.0039
location_masks\._topaneu_center5_mr_063.nii.gz,location_masks,._topaneu_center5_mr_063.nii.gz,.nii.gz,4096,4.0,0.0039
location_masks\._topaneu_center5_mr_068.nii.gz,location_masks,._topaneu_center5_mr_068.nii.gz,.nii.gz,4096,4.0,0.0039
location_masks\._topaneu_center5_mr_074.nii.gz,location_masks,._topaneu_center5_mr_074.nii.gz,.nii.gz,4096,4.0,0.0039
location_masks\._topaneu_center5_mr_079.nii.gz,location_masks,._topaneu_center5_mr_079.nii.gz,.nii.gz,4096,4.0,0.0039
location_masks\._topaneu_center5_mr_081.nii.gz,location_masks,._topaneu_center5_mr_081.nii.gz,.nii.gz,4096,4.0,0.0039
location_masks\._topaneu_center5_mr_082.nii.gz,location_masks,._topaneu_center5_mr_082.nii.gz,.nii.gz,4096,4.0,0.0039
location_masks\._topaneu_center5_mr_451.nii.gz,location_masks,._topaneu_center5_mr_451.nii.gz,.nii.gz,4096,4.0,0.0039
location_masks\._topaneu_center5_mr_452.nii.gz,location_masks,._topaneu_center5_mr_452.nii.gz,.nii.gz,4096,4.0,0.0039
location_masks\._topaneu_center5_mr_453.nii.gz,location_masks,._topaneu_center5_mr_453.nii.gz,.nii.gz,4096,4.0,0.0039
location_masks\._topaneu_center5_mr_454.nii.gz,location_masks,._topaneu_center5_mr_454.nii.gz,.nii.gz,4096,4.0,0.0039
location_masks\._topaneu_center5_mr_455.nii.gz,location_masks,._topaneu_center5_mr_455.nii.gz,.nii.gz,4096,4.0,0.0039
location_masks\._topaneu_center5_mr_457.nii.gz,location_masks,._topaneu_center5_mr_457.nii.gz,.nii.gz,4096,4.0,0.0039
location_masks\._topaneu_center5_mr_458.nii.gz,location_masks,._topaneu_center5_mr_458.nii.gz,.nii.gz,4096,4.0,0.0039
location_masks\._topaneu_center5_mr_459.nii.gz,location_masks,._topaneu_center5_mr_459.nii.gz,.nii.gz,4096,4.0,0.0039
location_masks\._topaneu_center5_mr_460.nii.gz,location_masks,._topaneu_center5_mr_460.nii.gz,.nii.gz,4096,4.0,0.0039
location_masks\._topaneu_center5_mr_461.nii.gz,location_masks,._topaneu_center5_mr_461.nii.gz,.nii.gz,4096,4.0,0.0039
location_masks\._topaneu_center5_mr_462.nii.gz,location_masks,._topaneu_center5_mr_462.nii.gz,.nii.gz,4096,4.0,0.0039
location_masks\._topaneu_center5_mr_464.nii.gz,location_masks,._topaneu_center5_mr_464.nii.gz,.nii.gz,4096,4.0,0.0039
location_masks\._topaneu_center5_mr_465.nii.gz,location_masks,._topaneu_center5_mr_465.nii.gz,.nii.gz,4096,4.0,0.0039
location_masks\._topaneu_center5_mr_466.nii.gz,location_masks,._topaneu_center5_mr_466.nii.gz,.nii.gz,4096,4.0,0.0039
location_masks\._topaneu_center5_mr_467.nii.gz,location_masks,._topaneu_center5_mr_467.nii.gz,.nii.gz,4096,4.0,0.0039
location_masks\._topaneu_center5_mr_469.nii.gz,location_masks,._topaneu_center5_mr_469.nii.gz,.nii.gz,4096,4.0,0.0039
location_masks\._topaneu_center5_mr_470.nii.gz,location_masks,._topaneu_center5_mr_470.nii.gz,.nii.gz,4096,4.0,0.0039
location_masks\._topaneu_center5_mr_471.nii.gz,location_masks,._topaneu_center5_mr_471.nii.gz,.nii.gz,4096,4.0,0.0039
location_masks\._topaneu_center5_mr_472.nii.gz,location_masks,._topaneu_center5_mr_472.nii.gz,.nii.gz,4096,4.0,0.0039
location_masks\._topaneu_center5_mr_473.nii.gz,location_masks,._topaneu_center5_mr_473.nii.gz,.nii.gz,4096,4.0,0.0039
location_masks\._topaneu_center5_mr_474.nii.gz,location_masks,._topaneu_center5_mr_474.nii.gz,.nii.gz,4096,4.0,0.0039
location_masks\._topaneu_center5_mr_475.nii.gz,location_masks,._topaneu_center5_mr_475.nii.gz,.nii.gz,4096,4.0,0.0039
location_masks\._topaneu_center5_mr_476.nii.gz,location_masks,._topaneu_center5_mr_476.nii.gz,.nii.gz,4096,4.0,0.0039
location_masks\._topaneu_center5_mr_478.nii.gz,location_masks,._topaneu_center5_mr_478.nii.gz,.nii.gz,4096,4.0,0.0039
location_masks\._topaneu_center5_mr_479.nii.gz,location_masks,._topaneu_center5_mr_479.nii.gz,.nii.gz,4096,4.0,0.0039
location_masks\._topaneu_center5_mr_480.nii.gz,location_masks,._topaneu_center5_mr_480.nii.gz,.nii.gz,4096,4.0,0.0039
location_masks\._topaneu_center5_mr_481.nii.gz,location_masks,._topaneu_center5_mr_481.nii.gz,.nii.gz,4096,4.0,0.0039
location_masks\._topaneu_center5_mr_484.nii.gz,location_masks,._topaneu_center5_mr_484.nii.gz,.nii.gz,4096,4.0,0.0039
location_masks\._topaneu_center5_mr_485.nii.gz,location_masks,._topaneu_center5_mr_485.nii.gz,.nii.gz,4096,4.0,0.0039
location_masks\._topaneu_center5_mr_486.nii.gz,location_masks,._topaneu_center5_mr_486.nii.gz,.nii.gz,4096,4.0,0.0039
location_masks\._topaneu_center5_mr_487.nii.gz,location_masks,._topaneu_center5_mr_487.nii.gz,.nii.gz,4096,4.0,0.0039
location_masks\._topaneu_center5_mr_488.nii.gz,location_masks,._topaneu_center5_mr_488.nii.gz,.nii.gz,4096,4.0,0.0039
location_masks\._topaneu_center5_mr_489.nii.gz,location_masks,._topaneu_center5_mr_489.nii.gz,.nii.gz,4096,4.0,0.0039
location_masks\._topaneu_center5_mr_490.nii.gz,location_masks,._topaneu_center5_mr_490.nii.gz,.nii.gz,4096,4.0,0.0039
location_masks\._topaneu_center5_mr_491.nii.gz,location_masks,._topaneu_center5_mr_491.nii.gz,.nii.gz,4096,4.0,0.0039
location_masks\._topaneu_center5_mr_492.nii.gz,location_masks,._topaneu_center5_mr_492.nii.gz,.nii.gz,4096,4.0,0.0039
location_masks\topaneu_center1_mr_001.nii.gz,location_masks,topaneu_center1_mr_001.nii.gz,.nii.gz,38677,37.77,0.0369
location_masks\topaneu_center1_mr_005.nii.gz,location_masks,topaneu_center1_mr_005.nii.gz,.nii.gz,42141,41.15,0.0402
location_masks\topaneu_center1_mr_016.nii.gz,location_masks,topaneu_center1_mr_016.nii.gz,.nii.gz,36431,35.58,0.0347
location_masks\topaneu_center1_mr_017.nii.gz,location_masks,topaneu_center1_mr_017.nii.gz,.nii.gz,43683,42.66,0.0417
location_masks\topaneu_center1_mr_018.nii.gz,location_masks,topaneu_center1_mr_018.nii.gz,.nii.gz,37692,36.81,0.0359
location_masks\topaneu_center1_mr_024.nii.gz,location_masks,topaneu_center1_mr_024.nii.gz,.nii.gz,60827,59.4,0.058
location_masks\topaneu_center1_mr_028.nii.gz,location_masks,topaneu_center1_mr_028.nii.gz,.nii.gz,39191,38.27,0.0374
location_masks\topaneu_center1_mr_029.nii.gz,location_masks,topaneu_center1_mr_029.nii.gz,.nii.gz,54014,52.75,0.0515
location_masks\topaneu_center1_mr_033.nii.gz,location_masks,topaneu_center1_mr_033.nii.gz,.nii.gz,76114,74.33,0.0726
location_masks\topaneu_center1_mr_038.nii.gz,location_masks,topaneu_center1_mr_038.nii.gz,.nii.gz,92782,90.61,0.0885
location_masks\topaneu_center1_mr_049.nii.gz,location_masks,topaneu_center1_mr_049.nii.gz,.nii.gz,33946,33.15,0.0324
location_masks\topaneu_center1_mr_050.nii.gz,location_masks,topaneu_center1_mr_050.nii.gz,.nii.gz,42328,41.34,0.0404
location_masks\topaneu_center1_mr_053.nii.gz,location_masks,topaneu_center1_mr_053.nii.gz,.nii.gz,24850,24.27,0.0237
location_masks\topaneu_center1_mr_056.nii.gz,location_masks,topaneu_center1_mr_056.nii.gz,.nii.gz,41684,40.71,0.0398
location_masks\topaneu_center1_mr_061.nii.gz,location_masks,topaneu_center1_mr_061.nii.gz,.nii.gz,37621,36.74,0.0359
location_masks\topaneu_center1_mr_064.nii.gz,location_masks,topaneu_center1_mr_064.nii.gz,.nii.gz,43907,42.88,0.0419
location_masks\topaneu_center1_mr_076.nii.gz,location_masks,topaneu_center1_mr_076.nii.gz,.nii.gz,32257,31.5,0.0308
location_masks\topaneu_center1_mr_085.nii.gz,location_masks,topaneu_center1_mr_085.nii.gz,.nii.gz,75384,73.62,0.0719
location_masks\topaneu_center1_mr_088.nii.gz,location_masks,topaneu_center1_mr_088.nii.gz,.nii.gz,39805,38.87,0.038
location_masks\topaneu_center1_mr_092.nii.gz,location_masks,topaneu_center1_mr_092.nii.gz,.nii.gz,56638,55.31,0.054
location_masks\topaneu_center1_mr_113.nii.gz,location_masks,topaneu_center1_mr_113.nii.gz,.nii.gz,42455,41.46,0.0405
location_masks\topaneu_center1_mr_119.nii.gz,location_masks,topaneu_center1_mr_119.nii.gz,.nii.gz,30053,29.35,0.0287
location_masks\topaneu_center1_mr_121.nii.gz,location_masks,topaneu_center1_mr_121.nii.gz,.nii.gz,33439,32.66,0.0319
location_masks\topaneu_center1_mr_129.nii.gz,location_masks,topaneu_center1_mr_129.nii.gz,.nii.gz,64577,63.06,0.0616
location_masks\topaneu_center1_mr_136.nii.gz,location_masks,topaneu_center1_mr_136.nii.gz,.nii.gz,33870,33.08,0.0323
location_masks\topaneu_center1_mr_138.nii.gz,location_masks,topaneu_center1_mr_138.nii.gz,.nii.gz,35978,35.13,0.0343
location_masks\topaneu_center1_mr_144.nii.gz,location_masks,topaneu_center1_mr_144.nii.gz,.nii.gz,40057,39.12,0.0382
location_masks\topaneu_center1_mr_147.nii.gz,location_masks,topaneu_center1_mr_147.nii.gz,.nii.gz,33949,33.15,0.0324
location_masks\topaneu_center1_mr_148.nii.gz,location_masks,topaneu_center1_mr_148.nii.gz,.nii.gz,31083,30.35,0.0296
location_masks\topaneu_center1_mr_149.nii.gz,location_masks,topaneu_center1_mr_149.nii.gz,.nii.gz,40172,39.23,0.0383
location_masks\topaneu_center1_mr_157.nii.gz,location_masks,topaneu_center1_mr_157.nii.gz,.nii.gz,35102,34.28,0.0335
location_masks\topaneu_center1_mr_173.nii.gz,location_masks,topaneu_center1_mr_173.nii.gz,.nii.gz,36718,35.86,0.035
location_masks\topaneu_center1_mr_177.nii.gz,location_masks,topaneu_center1_mr_177.nii.gz,.nii.gz,68814,67.2,0.0656
location_masks\topaneu_center1_mr_178.nii.gz,location_masks,topaneu_center1_mr_178.nii.gz,.nii.gz,39954,39.02,0.0381
location_masks\topaneu_center1_mr_184.nii.gz,location_masks,topaneu_center1_mr_184.nii.gz,.nii.gz,71158,69.49,0.0679
location_masks\topaneu_center1_mr_188.nii.gz,location_masks,topaneu_center1_mr_188.nii.gz,.nii.gz,34721,33.91,0.0331
location_masks\topaneu_center1_mr_189.nii.gz,location_masks,topaneu_center1_mr_189.nii.gz,.nii.gz,90279,88.16,0.0861
location_masks\topaneu_center1_mr_191.nii.gz,location_masks,topaneu_center1_mr_191.nii.gz,.nii.gz,72557,70.86,0.0692
location_masks\topaneu_center1_mr_193.nii.gz,location_masks,topaneu_center1_mr_193.nii.gz,.nii.gz,23119,22.58,0.022
location_masks\topaneu_center1_mr_195.nii.gz,location_masks,topaneu_center1_mr_195.nii.gz,.nii.gz,36092,35.25,0.0344
location_masks\topaneu_center1_mr_198.nii.gz,location_masks,topaneu_center1_mr_198.nii.gz,.nii.gz,38071,37.18,0.0363
location_masks\topaneu_center1_mr_200.nii.gz,location_masks,topaneu_center1_mr_200.nii.gz,.nii.gz,363693,355.17,0.3468
location_masks\topaneu_center1_mr_202.nii.gz,location_masks,topaneu_center1_mr_202.nii.gz,.nii.gz,31923,31.17,0.0304
location_masks\topaneu_center1_mr_210.nii.gz,location_masks,topaneu_center1_mr_210.nii.gz,.nii.gz,64344,62.84,0.0614
location_masks\topaneu_center1_mr_211.nii.gz,location_masks,topaneu_center1_mr_211.nii.gz,.nii.gz,39503,38.58,0.0377
location_masks\topaneu_center1_mr_213.nii.gz,location_masks,topaneu_center1_mr_213.nii.gz,.nii.gz,45510,44.44,0.0434
location_masks\topaneu_center1_mr_221.nii.gz,location_masks,topaneu_center1_mr_221.nii.gz,.nii.gz,38588,37.68,0.0368
location_masks\topaneu_center1_mr_229.nii.gz,location_masks,topaneu_center1_mr_229.nii.gz,.nii.gz,37087,36.22,0.0354
location_masks\topaneu_center1_mr_241.nii.gz,location_masks,topaneu_center1_mr_241.nii.gz,.nii.gz,45029,43.97,0.0429
location_masks\topaneu_center1_mr_247.nii.gz,location_masks,topaneu_center1_mr_247.nii.gz,.nii.gz,43452,42.43,0.0414
location_masks\topaneu_center1_mr_251.nii.gz,location_masks,topaneu_center1_mr_251.nii.gz,.nii.gz,118695,115.91,0.1132
location_masks\topaneu_center1_mr_262.nii.gz,location_masks,topaneu_center1_mr_262.nii.gz,.nii.gz,85996,83.98,0.082
location_masks\topaneu_center1_mr_264.nii.gz,location_masks,topaneu_center1_mr_264.nii.gz,.nii.gz,39960,39.02,0.0381
location_masks\topaneu_center1_mr_282.nii.gz,location_masks,topaneu_center1_mr_282.nii.gz,.nii.gz,40814,39.86,0.0389
location_masks\topaneu_center1_mr_287.nii.gz,location_masks,topaneu_center1_mr_287.nii.gz,.nii.gz,37771,36.89,0.036
location_masks\topaneu_center1_mr_290.nii.gz,location_masks,topaneu_center1_mr_290.nii.gz,.nii.gz,34067,33.27,0.0325
location_masks\topaneu_center1_mr_298.nii.gz,location_masks,topaneu_center1_mr_298.nii.gz,.nii.gz,74186,72.45,0.0707
location_masks\topaneu_center1_mr_299.nii.gz,location_masks,topaneu_center1_mr_299.nii.gz,.nii.gz,52825,51.59,0.0504
location_masks\topaneu_center1_mr_301.nii.gz,location_masks,topaneu_center1_mr_301.nii.gz,.nii.gz,63331,61.85,0.0604
location_masks\topaneu_center1_mr_302.nii.gz,location_masks,topaneu_center1_mr_302.nii.gz,.nii.gz,80467,78.58,0.0767
location_masks\topaneu_center1_mr_308.nii.gz,location_masks,topaneu_center1_mr_308.nii.gz,.nii.gz,76176,74.39,0.0726
location_masks\topaneu_center1_mr_311.nii.gz,location_masks,topaneu_center1_mr_311.nii.gz,.nii.gz,38257,37.36,0.0365
location_masks\topaneu_center1_mr_316.nii.gz,location_masks,topaneu_center1_mr_316.nii.gz,.nii.gz,42156,41.17,0.0402
location_masks\topaneu_center1_mr_325.nii.gz,location_masks,topaneu_center1_mr_325.nii.gz,.nii.gz,52844,51.61,0.0504
location_masks\topaneu_center1_mr_327.nii.gz,location_masks,topaneu_center1_mr_327.nii.gz,.nii.gz,41353,40.38,0.0394
location_masks\topaneu_center1_mr_330.nii.gz,location_masks,topaneu_center1_mr_330.nii.gz,.nii.gz,34082,33.28,0.0325
location_masks\topaneu_center1_mr_334.nii.gz,location_masks,topaneu_center1_mr_334.nii.gz,.nii.gz,36063,35.22,0.0344
location_masks\topaneu_center1_mr_336.nii.gz,location_masks,topaneu_center1_mr_336.nii.gz,.nii.gz,65547,64.01,0.0625
location_masks\topaneu_center1_mr_342.nii.gz,location_masks,topaneu_center1_mr_342.nii.gz,.nii.gz,83469,81.51,0.0796
location_masks\topaneu_center1_mr_349.nii.gz,location_masks,topaneu_center1_mr_349.nii.gz,.nii.gz,40768,39.81,0.0389
location_masks\topaneu_center1_mr_350.nii.gz,location_masks,topaneu_center1_mr_350.nii.gz,.nii.gz,31443,30.71,0.03
location_masks\topaneu_center1_mr_354.nii.gz,location_masks,topaneu_center1_mr_354.nii.gz,.nii.gz,57497,56.15,0.0548
location_masks\topaneu_center1_mr_359.nii.gz,location_masks,topaneu_center1_mr_359.nii.gz,.nii.gz,46396,45.31,0.0442
location_masks\topaneu_center1_mr_364.nii.gz,location_masks,topaneu_center1_mr_364.nii.gz,.nii.gz,31262,30.53,0.0298
location_masks\topaneu_center1_mr_365.nii.gz,location_masks,topaneu_center1_mr_365.nii.gz,.nii.gz,41356,40.39,0.0394
location_masks\topaneu_center1_mr_374.nii.gz,location_masks,topaneu_center1_mr_374.nii.gz,.nii.gz,43166,42.15,0.0412
location_masks\topaneu_center1_mr_386.nii.gz,location_masks,topaneu_center1_mr_386.nii.gz,.nii.gz,38079,37.19,0.0363
location_masks\topaneu_center1_mr_393.nii.gz,location_masks,topaneu_center1_mr_393.nii.gz,.nii.gz,37654,36.77,0.0359
location_masks\topaneu_center1_mr_396.nii.gz,location_masks,topaneu_center1_mr_396.nii.gz,.nii.gz,24534,23.96,0.0234
location_masks\topaneu_center1_mr_398.nii.gz,location_masks,topaneu_center1_mr_398.nii.gz,.nii.gz,41621,40.65,0.0397
location_masks\topaneu_center1_mr_401.nii.gz,location_masks,topaneu_center1_mr_401.nii.gz,.nii.gz,69596,67.96,0.0664
location_masks\topaneu_center1_mr_411.nii.gz,location_masks,topaneu_center1_mr_411.nii.gz,.nii.gz,76273,74.49,0.0727
location_masks\topaneu_center1_mr_414.nii.gz,location_masks,topaneu_center1_mr_414.nii.gz,.nii.gz,37770,36.88,0.036
location_masks\topaneu_center1_mr_419.nii.gz,location_masks,topaneu_center1_mr_419.nii.gz,.nii.gz,83550,81.59,0.0797
location_masks\topaneu_center1_mr_428.nii.gz,location_masks,topaneu_center1_mr_428.nii.gz,.nii.gz,62479,61.01,0.0596
location_masks\topaneu_center1_mr_436.nii.gz,location_masks,topaneu_center1_mr_436.nii.gz,.nii.gz,25543,24.94,0.0244
location_masks\topaneu_center1_mr_439.nii.gz,location_masks,topaneu_center1_mr_439.nii.gz,.nii.gz,37154,36.28,0.0354
location_masks\topaneu_center1_mr_443.nii.gz,location_masks,topaneu_center1_mr_443.nii.gz,.nii.gz,24094,23.53,0.023
location_masks\topaneu_center1_mr_463.nii.gz,location_masks,topaneu_center1_mr_463.nii.gz,.nii.gz,53810,52.55,0.0513
location_masks\topaneu_center1_mr_474.nii.gz,location_masks,topaneu_center1_mr_474.nii.gz,.nii.gz,39020,38.11,0.0372
location_masks\topaneu_center1_mr_477.nii.gz,location_masks,topaneu_center1_mr_477.nii.gz,.nii.gz,36220,35.37,0.0345
location_masks\topaneu_center1_mr_483.nii.gz,location_masks,topaneu_center1_mr_483.nii.gz,.nii.gz,35534,34.7,0.0339
location_masks\topaneu_center1_mr_489.nii.gz,location_masks,topaneu_center1_mr_489.nii.gz,.nii.gz,74729,72.98,0.0713
location_masks\topaneu_center1_mr_490.nii.gz,location_masks,topaneu_center1_mr_490.nii.gz,.nii.gz,32821,32.05,0.0313
location_masks\topaneu_center1_mr_494.nii.gz,location_masks,topaneu_center1_mr_494.nii.gz,.nii.gz,32952,32.18,0.0314
location_masks\topaneu_center1_mr_496.nii.gz,location_masks,topaneu_center1_mr_496.nii.gz,.nii.gz,34816,34.0,0.0332
location_masks\topaneu_center1_mr_499.nii.gz,location_masks,topaneu_center1_mr_499.nii.gz,.nii.gz,39870,38.94,0.038
location_masks\topaneu_center1_mr_501.nii.gz,location_masks,topaneu_center1_mr_501.nii.gz,.nii.gz,46748,45.65,0.0446
location_masks\topaneu_center1_mr_509.nii.gz,location_masks,topaneu_center1_mr_509.nii.gz,.nii.gz,64958,63.44,0.0619
location_masks\topaneu_center1_mr_516.nii.gz,location_masks,topaneu_center1_mr_516.nii.gz,.nii.gz,50715,49.53,0.0484
location_masks\topaneu_center1_mr_522.nii.gz,location_masks,topaneu_center1_mr_522.nii.gz,.nii.gz,41338,40.37,0.0394
location_masks\topaneu_center1_mr_523.nii.gz,location_masks,topaneu_center1_mr_523.nii.gz,.nii.gz,62670,61.2,0.0598
location_masks\topaneu_center1_mr_525.nii.gz,location_masks,topaneu_center1_mr_525.nii.gz,.nii.gz,89867,87.76,0.0857
location_masks\topaneu_center1_mr_527.nii.gz,location_masks,topaneu_center1_mr_527.nii.gz,.nii.gz,40726,39.77,0.0388
location_masks\topaneu_center1_mr_528.nii.gz,location_masks,topaneu_center1_mr_528.nii.gz,.nii.gz,44813,43.76,0.0427
location_masks\topaneu_center1_mr_538.nii.gz,location_masks,topaneu_center1_mr_538.nii.gz,.nii.gz,65497,63.96,0.0625
location_masks\topaneu_center1_mr_554.nii.gz,location_masks,topaneu_center1_mr_554.nii.gz,.nii.gz,34375,33.57,0.0328
location_masks\topaneu_center1_mr_560.nii.gz,location_masks,topaneu_center1_mr_560.nii.gz,.nii.gz,39106,38.19,0.0373
location_masks\topaneu_center1_mr_561.nii.gz,location_masks,topaneu_center1_mr_561.nii.gz,.nii.gz,72828,71.12,0.0695
location_masks\topaneu_center1_mr_572.nii.gz,location_masks,topaneu_center1_mr_572.nii.gz,.nii.gz,35680,34.84,0.034
location_masks\topaneu_center1_mr_577.nii.gz,location_masks,topaneu_center1_mr_577.nii.gz,.nii.gz,44304,43.27,0.0423
location_masks\topaneu_center1_mr_581.nii.gz,location_masks,topaneu_center1_mr_581.nii.gz,.nii.gz,37160,36.29,0.0354
location_masks\topaneu_center1_mr_585.nii.gz,location_masks,topaneu_center1_mr_585.nii.gz,.nii.gz,44999,43.94,0.0429
location_masks\topaneu_center1_mr_586.nii.gz,location_masks,topaneu_center1_mr_586.nii.gz,.nii.gz,42371,41.38,0.0404
location_masks\topaneu_center1_mr_596.nii.gz,location_masks,topaneu_center1_mr_596.nii.gz,.nii.gz,40780,39.82,0.0389
location_masks\topaneu_center1_mr_605.nii.gz,location_masks,topaneu_center1_mr_605.nii.gz,.nii.gz,62043,60.59,0.0592
location_masks\topaneu_center1_mr_607.nii.gz,location_masks,topaneu_center1_mr_607.nii.gz,.nii.gz,57094,55.76,0.0544
location_masks\topaneu_center1_mr_612.nii.gz,location_masks,topaneu_center1_mr_612.nii.gz,.nii.gz,60295,58.88,0.0575
location_masks\topaneu_center1_mr_614.nii.gz,location_masks,topaneu_center1_mr_614.nii.gz,.nii.gz,40992,40.03,0.0391
location_masks\topaneu_center1_mr_615.nii.gz,location_masks,topaneu_center1_mr_615.nii.gz,.nii.gz,41909,40.93,0.04
location_masks\topaneu_center1_mr_625.nii.gz,location_masks,topaneu_center1_mr_625.nii.gz,.nii.gz,104061,101.62,0.0992
location_masks\topaneu_center1_mr_626.nii.gz,location_masks,topaneu_center1_mr_626.nii.gz,.nii.gz,70156,68.51,0.0669
location_masks\topaneu_center1_mr_630.nii.gz,location_masks,topaneu_center1_mr_630.nii.gz,.nii.gz,44193,43.16,0.0421
location_masks\topaneu_center1_mr_631.nii.gz,location_masks,topaneu_center1_mr_631.nii.gz,.nii.gz,38935,38.02,0.0371
location_masks\topaneu_center1_mr_637.nii.gz,location_masks,topaneu_center1_mr_637.nii.gz,.nii.gz,44455,43.41,0.0424
location_masks\topaneu_center1_mr_638.nii.gz,location_masks,topaneu_center1_mr_638.nii.gz,.nii.gz,40280,39.34,0.0384
location_masks\topaneu_center1_mr_647.nii.gz,location_masks,topaneu_center1_mr_647.nii.gz,.nii.gz,42063,41.08,0.0401
location_masks\topaneu_center1_mr_653.nii.gz,location_masks,topaneu_center1_mr_653.nii.gz,.nii.gz,36936,36.07,0.0352
location_masks\topaneu_center1_mr_660.nii.gz,location_masks,topaneu_center1_mr_660.nii.gz,.nii.gz,36691,35.83,0.035
location_masks\topaneu_center1_mr_664.nii.gz,location_masks,topaneu_center1_mr_664.nii.gz,.nii.gz,39293,38.37,0.0375
location_masks\topaneu_center1_mr_670.nii.gz,location_masks,topaneu_center1_mr_670.nii.gz,.nii.gz,61954,60.5,0.0591
location_masks\topaneu_center1_mr_681.nii.gz,location_masks,topaneu_center1_mr_681.nii.gz,.nii.gz,50092,48.92,0.0478
location_masks\topaneu_center1_mr_682.nii.gz,location_masks,topaneu_center1_mr_682.nii.gz,.nii.gz,47842,46.72,0.0456
location_masks\topaneu_center1_mr_693.nii.gz,location_masks,topaneu_center1_mr_693.nii.gz,.nii.gz,96533,94.27,0.0921
location_masks\topaneu_center1_mr_694.nii.gz,location_masks,topaneu_center1_mr_694.nii.gz,.nii.gz,33447,32.66,0.0319
location_masks\topaneu_center1_mr_697.nii.gz,location_masks,topaneu_center1_mr_697.nii.gz,.nii.gz,34835,34.02,0.0332
location_masks\topaneu_center1_mr_702.nii.gz,location_masks,topaneu_center1_mr_702.nii.gz,.nii.gz,50487,49.3,0.0481
location_masks\topaneu_center1_mr_713.nii.gz,location_masks,topaneu_center1_mr_713.nii.gz,.nii.gz,37855,36.97,0.0361
location_masks\topaneu_center1_mr_720.nii.gz,location_masks,topaneu_center1_mr_720.nii.gz,.nii.gz,25312,24.72,0.0241
location_masks\topaneu_center1_mr_727.nii.gz,location_masks,topaneu_center1_mr_727.nii.gz,.nii.gz,32118,31.37,0.0306
location_masks\topaneu_center1_mr_729.nii.gz,location_masks,topaneu_center1_mr_729.nii.gz,.nii.gz,38157,37.26,0.0364
location_masks\topaneu_center1_mr_731.nii.gz,location_masks,topaneu_center1_mr_731.nii.gz,.nii.gz,35499,34.67,0.0339
location_masks\topaneu_center1_mr_732.nii.gz,location_masks,topaneu_center1_mr_732.nii.gz,.nii.gz,49481,48.32,0.0472
location_masks\topaneu_center1_mr_740.nii.gz,location_masks,topaneu_center1_mr_740.nii.gz,.nii.gz,37861,36.97,0.0361
location_masks\topaneu_center1_mr_741.nii.gz,location_masks,topaneu_center1_mr_741.nii.gz,.nii.gz,96331,94.07,0.0919
location_masks\topaneu_center1_mr_742.nii.gz,location_masks,topaneu_center1_mr_742.nii.gz,.nii.gz,32043,31.29,0.0306
location_masks\topaneu_center1_mr_744.nii.gz,location_masks,topaneu_center1_mr_744.nii.gz,.nii.gz,38911,38.0,0.0371
location_masks\topaneu_center1_mr_750.nii.gz,location_masks,topaneu_center1_mr_750.nii.gz,.nii.gz,59688,58.29,0.0569
location_masks\topaneu_center1_mr_760.nii.gz,location_masks,topaneu_center1_mr_760.nii.gz,.nii.gz,69977,68.34,0.0667
location_masks\topaneu_center1_mr_763.nii.gz,location_masks,topaneu_center1_mr_763.nii.gz,.nii.gz,33090,32.31,0.0316
location_masks\topaneu_center1_mr_765.nii.gz,location_masks,topaneu_center1_mr_765.nii.gz,.nii.gz,39060,38.14,0.0373
location_masks\topaneu_center1_mr_770.nii.gz,location_masks,topaneu_center1_mr_770.nii.gz,.nii.gz,38453,37.55,0.0367
location_masks\topaneu_center1_mr_772.nii.gz,location_masks,topaneu_center1_mr_772.nii.gz,.nii.gz,53906,52.64,0.0514
location_masks\topaneu_center1_mr_774.nii.gz,location_masks,topaneu_center1_mr_774.nii.gz,.nii.gz,59159,57.77,0.0564
location_masks\topaneu_center1_mr_775.nii.gz,location_masks,topaneu_center1_mr_775.nii.gz,.nii.gz,38295,37.4,0.0365
location_masks\topaneu_center1_mr_776.nii.gz,location_masks,topaneu_center1_mr_776.nii.gz,.nii.gz,73863,72.13,0.0704
location_masks\topaneu_center1_mr_788.nii.gz,location_masks,topaneu_center1_mr_788.nii.gz,.nii.gz,31607,30.87,0.0301
location_masks\topaneu_center1_mr_789.nii.gz,location_masks,topaneu_center1_mr_789.nii.gz,.nii.gz,234267,228.78,0.2234
location_masks\topaneu_center1_mr_790.nii.gz,location_masks,topaneu_center1_mr_790.nii.gz,.nii.gz,42983,41.98,0.041
location_masks\topaneu_center1_mr_792.nii.gz,location_masks,topaneu_center1_mr_792.nii.gz,.nii.gz,82261,80.33,0.0785
location_masks\topaneu_center1_mr_795.nii.gz,location_masks,topaneu_center1_mr_795.nii.gz,.nii.gz,104881,102.42,0.1
location_masks\topaneu_center1_mr_797.nii.gz,location_masks,topaneu_center1_mr_797.nii.gz,.nii.gz,40023,39.08,0.0382
location_masks\topaneu_center1_mr_800.nii.gz,location_masks,topaneu_center1_mr_800.nii.gz,.nii.gz,41838,40.86,0.0399
location_masks\topaneu_center1_mr_804.nii.gz,location_masks,topaneu_center1_mr_804.nii.gz,.nii.gz,37849,36.96,0.0361
location_masks\topaneu_center1_mr_807.nii.gz,location_masks,topaneu_center1_mr_807.nii.gz,.nii.gz,38634,37.73,0.0368
location_masks\topaneu_center1_mr_810.nii.gz,location_masks,topaneu_center1_mr_810.nii.gz,.nii.gz,24772,24.19,0.0236
location_masks\topaneu_center1_mr_816.nii.gz,location_masks,topaneu_center1_mr_816.nii.gz,.nii.gz,35293,34.47,0.0337
location_masks\topaneu_center1_mr_819.nii.gz,location_masks,topaneu_center1_mr_819.nii.gz,.nii.gz,41144,40.18,0.0392
location_masks\topaneu_center1_mr_823.nii.gz,location_masks,topaneu_center1_mr_823.nii.gz,.nii.gz,42845,41.84,0.0409
location_masks\topaneu_center1_mr_840.nii.gz,location_masks,topaneu_center1_mr_840.nii.gz,.nii.gz,40975,40.01,0.0391
location_masks\topaneu_center1_mr_842.nii.gz,location_masks,topaneu_center1_mr_842.nii.gz,.nii.gz,35685,34.85,0.034
location_masks\topaneu_center1_mr_848.nii.gz,location_masks,topaneu_center1_mr_848.nii.gz,.nii.gz,75498,73.73,0.072
location_masks\topaneu_center1_mr_850.nii.gz,location_masks,topaneu_center1_mr_850.nii.gz,.nii.gz,41694,40.72,0.0398
location_masks\topaneu_center1_mr_871.nii.gz,location_masks,topaneu_center1_mr_871.nii.gz,.nii.gz,132776,129.66,0.1266
location_masks\topaneu_center1_mr_877.nii.gz,location_masks,topaneu_center1_mr_877.nii.gz,.nii.gz,62953,61.48,0.06
location_masks\topaneu_center1_mr_891.nii.gz,location_masks,topaneu_center1_mr_891.nii.gz,.nii.gz,48286,47.15,0.046
location_masks\topaneu_center1_mr_892.nii.gz,location_masks,topaneu_center1_mr_892.nii.gz,.nii.gz,38358,37.46,0.0366
location_masks\topaneu_center1_mr_895.nii.gz,location_masks,topaneu_center1_mr_895.nii.gz,.nii.gz,82057,80.13,0.0783
location_masks\topaneu_center1_mr_896.nii.gz,location_masks,topaneu_center1_mr_896.nii.gz,.nii.gz,37806,36.92,0.0361
location_masks\topaneu_center1_mr_902.nii.gz,location_masks,topaneu_center1_mr_902.nii.gz,.nii.gz,43437,42.42,0.0414
location_masks\topaneu_center1_mr_909.nii.gz,location_masks,topaneu_center1_mr_909.nii.gz,.nii.gz,33989,33.19,0.0324
location_masks\topaneu_center1_mr_910.nii.gz,location_masks,topaneu_center1_mr_910.nii.gz,.nii.gz,39504,38.58,0.0377
location_masks\topaneu_center1_mr_911.nii.gz,location_masks,topaneu_center1_mr_911.nii.gz,.nii.gz,44486,43.44,0.0424
location_masks\topaneu_center1_mr_917.nii.gz,location_masks,topaneu_center1_mr_917.nii.gz,.nii.gz,32995,32.22,0.0315
location_masks\topaneu_center1_mr_920.nii.gz,location_masks,topaneu_center1_mr_920.nii.gz,.nii.gz,62389,60.93,0.0595
location_masks\topaneu_center1_mr_921.nii.gz,location_masks,topaneu_center1_mr_921.nii.gz,.nii.gz,38360,37.46,0.0366
location_masks\topaneu_center1_mr_922.nii.gz,location_masks,topaneu_center1_mr_922.nii.gz,.nii.gz,49370,48.21,0.0471
location_masks\topaneu_center1_mr_924.nii.gz,location_masks,topaneu_center1_mr_924.nii.gz,.nii.gz,45035,43.98,0.0429
location_masks\topaneu_center1_mr_926.nii.gz,location_masks,topaneu_center1_mr_926.nii.gz,.nii.gz,31199,30.47,0.0298
location_masks\topaneu_center1_mr_928.nii.gz,location_masks,topaneu_center1_mr_928.nii.gz,.nii.gz,74570,72.82,0.0711
location_masks\topaneu_center1_mr_939.nii.gz,location_masks,topaneu_center1_mr_939.nii.gz,.nii.gz,36850,35.99,0.0351
location_masks\topaneu_center1_mr_940.nii.gz,location_masks,topaneu_center1_mr_940.nii.gz,.nii.gz,42590,41.59,0.0406
location_masks\topaneu_center1_mr_942.nii.gz,location_masks,topaneu_center1_mr_942.nii.gz,.nii.gz,43463,42.44,0.0414
location_masks\topaneu_center1_mr_944.nii.gz,location_masks,topaneu_center1_mr_944.nii.gz,.nii.gz,40153,39.21,0.0383
location_masks\topaneu_center1_mr_959.nii.gz,location_masks,topaneu_center1_mr_959.nii.gz,.nii.gz,34644,33.83,0.033
location_masks\topaneu_center1_mr_961.nii.gz,location_masks,topaneu_center1_mr_961.nii.gz,.nii.gz,36039,35.19,0.0344
location_masks\topaneu_center1_mr_975.nii.gz,location_masks,topaneu_center1_mr_975.nii.gz,.nii.gz,39770,38.84,0.0379
location_masks\topaneu_center1_mr_981.nii.gz,location_masks,topaneu_center1_mr_981.nii.gz,.nii.gz,35043,34.22,0.0334
location_masks\topaneu_center1_mr_991.nii.gz,location_masks,topaneu_center1_mr_991.nii.gz,.nii.gz,87950,85.89,0.0839
location_masks\topaneu_center2_ct_105.nii.gz,location_masks,topaneu_center2_ct_105.nii.gz,.nii.gz,22301,21.78,0.0213
location_masks\topaneu_center2_ct_107.nii.gz,location_masks,topaneu_center2_ct_107.nii.gz,.nii.gz,20005,19.54,0.0191
location_masks\topaneu_center2_ct_108.nii.gz,location_masks,topaneu_center2_ct_108.nii.gz,.nii.gz,24393,23.82,0.0233
location_masks\topaneu_center2_ct_109.nii.gz,location_masks,topaneu_center2_ct_109.nii.gz,.nii.gz,13346,13.03,0.0127
location_masks\topaneu_center2_ct_112.nii.gz,location_masks,topaneu_center2_ct_112.nii.gz,.nii.gz,14986,14.63,0.0143
location_masks\topaneu_center2_ct_113.nii.gz,location_masks,topaneu_center2_ct_113.nii.gz,.nii.gz,21136,20.64,0.0202
location_masks\topaneu_center2_ct_118.nii.gz,location_masks,topaneu_center2_ct_118.nii.gz,.nii.gz,22533,22.0,0.0215
location_masks\topaneu_center2_ct_119.nii.gz,location_masks,topaneu_center2_ct_119.nii.gz,.nii.gz,23606,23.05,0.0225
location_masks\topaneu_center2_ct_120.nii.gz,location_masks,topaneu_center2_ct_120.nii.gz,.nii.gz,24328,23.76,0.0232
location_masks\topaneu_center2_ct_125.nii.gz,location_masks,topaneu_center2_ct_125.nii.gz,.nii.gz,22118,21.6,0.0211
location_masks\topaneu_center2_ct_126.nii.gz,location_masks,topaneu_center2_ct_126.nii.gz,.nii.gz,12359,12.07,0.0118
location_masks\topaneu_center2_ct_127.nii.gz,location_masks,topaneu_center2_ct_127.nii.gz,.nii.gz,20101,19.63,0.0192
location_masks\topaneu_center2_ct_128.nii.gz,location_masks,topaneu_center2_ct_128.nii.gz,.nii.gz,16498,16.11,0.0157
location_masks\topaneu_center2_ct_130.nii.gz,location_masks,topaneu_center2_ct_130.nii.gz,.nii.gz,18039,17.62,0.0172
location_masks\topaneu_center2_ct_134.nii.gz,location_masks,topaneu_center2_ct_134.nii.gz,.nii.gz,13424,13.11,0.0128
location_masks\topaneu_center2_ct_137.nii.gz,location_masks,topaneu_center2_ct_137.nii.gz,.nii.gz,24667,24.09,0.0235
location_masks\topaneu_center2_ct_138.nii.gz,location_masks,topaneu_center2_ct_138.nii.gz,.nii.gz,29538,28.85,0.0282
location_masks\topaneu_center2_ct_141.nii.gz,location_masks,topaneu_center2_ct_141.nii.gz,.nii.gz,300751,293.7,0.2868
location_masks\topaneu_center2_ct_142.nii.gz,location_masks,topaneu_center2_ct_142.nii.gz,.nii.gz,28593,27.92,0.0273
location_masks\topaneu_center2_ct_144.nii.gz,location_masks,topaneu_center2_ct_144.nii.gz,.nii.gz,33720,32.93,0.0322
location_masks\topaneu_center2_ct_147.nii.gz,location_masks,topaneu_center2_ct_147.nii.gz,.nii.gz,39208,38.29,0.0374
location_masks\topaneu_center2_ct_150.nii.gz,location_masks,topaneu_center2_ct_150.nii.gz,.nii.gz,122283,119.42,0.1166
location_masks\topaneu_center2_ct_154.nii.gz,location_masks,topaneu_center2_ct_154.nii.gz,.nii.gz,71227,69.56,0.0679
location_masks\topaneu_center2_ct_156.nii.gz,location_masks,topaneu_center2_ct_156.nii.gz,.nii.gz,19474,19.02,0.0186
location_masks\topaneu_center2_ct_160.nii.gz,location_masks,topaneu_center2_ct_160.nii.gz,.nii.gz,19878,19.41,0.019
location_masks\topaneu_center2_ct_161.nii.gz,location_masks,topaneu_center2_ct_161.nii.gz,.nii.gz,21301,20.8,0.0203
location_masks\topaneu_center2_ct_162.nii.gz,location_masks,topaneu_center2_ct_162.nii.gz,.nii.gz,17758,17.34,0.0169
location_masks\topaneu_center2_ct_163.nii.gz,location_masks,topaneu_center2_ct_163.nii.gz,.nii.gz,17479,17.07,0.0167
location_masks\topaneu_center2_ct_164.nii.gz,location_masks,topaneu_center2_ct_164.nii.gz,.nii.gz,19327,18.87,0.0184
location_masks\topaneu_center2_ct_165.nii.gz,location_masks,topaneu_center2_ct_165.nii.gz,.nii.gz,15565,15.2,0.0148
location_masks\topaneu_center2_ct_166.nii.gz,location_masks,topaneu_center2_ct_166.nii.gz,.nii.gz,21054,20.56,0.0201
location_masks\topaneu_center2_ct_167.nii.gz,location_masks,topaneu_center2_ct_167.nii.gz,.nii.gz,15096,14.74,0.0144
location_masks\topaneu_center2_ct_169.nii.gz,location_masks,topaneu_center2_ct_169.nii.gz,.nii.gz,33306,32.53,0.0318
location_masks\topaneu_center2_ct_170.nii.gz,location_masks,topaneu_center2_ct_170.nii.gz,.nii.gz,28519,27.85,0.0272
location_masks\topaneu_center2_ct_171.nii.gz,location_masks,topaneu_center2_ct_171.nii.gz,.nii.gz,18781,18.34,0.0179
location_masks\topaneu_center2_ct_172.nii.gz,location_masks,topaneu_center2_ct_172.nii.gz,.nii.gz,25324,24.73,0.0242
location_masks\topaneu_center2_ct_173.nii.gz,location_masks,topaneu_center2_ct_173.nii.gz,.nii.gz,23713,23.16,0.0226
location_masks\topaneu_center2_ct_174.nii.gz,location_masks,topaneu_center2_ct_174.nii.gz,.nii.gz,14555,14.21,0.0139
location_masks\topaneu_center2_ct_175.nii.gz,location_masks,topaneu_center2_ct_175.nii.gz,.nii.gz,22427,21.9,0.0214
location_masks\topaneu_center2_ct_184.nii.gz,location_masks,topaneu_center2_ct_184.nii.gz,.nii.gz,27169,26.53,0.0259
location_masks\topaneu_center2_ct_189.nii.gz,location_masks,topaneu_center2_ct_189.nii.gz,.nii.gz,26013,25.4,0.0248
location_masks\topaneu_center2_ct_190.nii.gz,location_masks,topaneu_center2_ct_190.nii.gz,.nii.gz,19456,19.0,0.0186
location_masks\topaneu_center2_ct_191.nii.gz,location_masks,topaneu_center2_ct_191.nii.gz,.nii.gz,27909,27.25,0.0266
location_masks\topaneu_center2_ct_192.nii.gz,location_masks,topaneu_center2_ct_192.nii.gz,.nii.gz,59165,57.78,0.0564
location_masks\topaneu_center2_ct_193.nii.gz,location_masks,topaneu_center2_ct_193.nii.gz,.nii.gz,63153,61.67,0.0602
location_masks\topaneu_center2_ct_196.nii.gz,location_masks,topaneu_center2_ct_196.nii.gz,.nii.gz,23762,23.21,0.0227
location_masks\topaneu_center2_ct_197.nii.gz,location_masks,topaneu_center2_ct_197.nii.gz,.nii.gz,24324,23.75,0.0232
location_masks\topaneu_center2_mr_002.nii.gz,location_masks,topaneu_center2_mr_002.nii.gz,.nii.gz,55892,54.58,0.0533
location_masks\topaneu_center2_mr_004.nii.gz,location_masks,topaneu_center2_mr_004.nii.gz,.nii.gz,37587,36.71,0.0358
location_masks\topaneu_center2_mr_007.nii.gz,location_masks,topaneu_center2_mr_007.nii.gz,.nii.gz,39770,38.84,0.0379
location_masks\topaneu_center2_mr_010.nii.gz,location_masks,topaneu_center2_mr_010.nii.gz,.nii.gz,40255,39.31,0.0384
location_masks\topaneu_center2_mr_011.nii.gz,location_masks,topaneu_center2_mr_011.nii.gz,.nii.gz,19097,18.65,0.0182
location_masks\topaneu_center2_mr_012.nii.gz,location_masks,topaneu_center2_mr_012.nii.gz,.nii.gz,59269,57.88,0.0565
location_masks\topaneu_center2_mr_016.nii.gz,location_masks,topaneu_center2_mr_016.nii.gz,.nii.gz,53349,52.1,0.0509
location_masks\topaneu_center2_mr_017.nii.gz,location_masks,topaneu_center2_mr_017.nii.gz,.nii.gz,56522,55.2,0.0539
location_masks\topaneu_center2_mr_018.nii.gz,location_masks,topaneu_center2_mr_018.nii.gz,.nii.gz,61354,59.92,0.0585
location_masks\topaneu_center2_mr_019.nii.gz,location_masks,topaneu_center2_mr_019.nii.gz,.nii.gz,57691,56.34,0.055
location_masks\topaneu_center2_mr_020.nii.gz,location_masks,topaneu_center2_mr_020.nii.gz,.nii.gz,60526,59.11,0.0577
location_masks\topaneu_center2_mr_025.nii.gz,location_masks,topaneu_center2_mr_025.nii.gz,.nii.gz,51041,49.84,0.0487
location_masks\topaneu_center2_mr_028.nii.gz,location_masks,topaneu_center2_mr_028.nii.gz,.nii.gz,51475,50.27,0.0491
location_masks\topaneu_center2_mr_029.nii.gz,location_masks,topaneu_center2_mr_029.nii.gz,.nii.gz,50988,49.79,0.0486
location_masks\topaneu_center2_mr_031.nii.gz,location_masks,topaneu_center2_mr_031.nii.gz,.nii.gz,47834,46.71,0.0456
location_masks\topaneu_center2_mr_032.nii.gz,location_masks,topaneu_center2_mr_032.nii.gz,.nii.gz,38089,37.2,0.0363
location_masks\topaneu_center2_mr_034.nii.gz,location_masks,topaneu_center2_mr_034.nii.gz,.nii.gz,48339,47.21,0.0461
location_masks\topaneu_center2_mr_035.nii.gz,location_masks,topaneu_center2_mr_035.nii.gz,.nii.gz,52673,51.44,0.0502
location_masks\topaneu_center2_mr_038.nii.gz,location_masks,topaneu_center2_mr_038.nii.gz,.nii.gz,51204,50.0,0.0488
location_masks\topaneu_center2_mr_042.nii.gz,location_masks,topaneu_center2_mr_042.nii.gz,.nii.gz,52684,51.45,0.0502
location_masks\topaneu_center2_mr_044.nii.gz,location_masks,topaneu_center2_mr_044.nii.gz,.nii.gz,35581,34.75,0.0339
location_masks\topaneu_center2_mr_047.nii.gz,location_masks,topaneu_center2_mr_047.nii.gz,.nii.gz,55002,53.71,0.0525
location_masks\topaneu_center2_mr_048.nii.gz,location_masks,topaneu_center2_mr_048.nii.gz,.nii.gz,50341,49.16,0.048
location_masks\topaneu_center2_mr_049.nii.gz,location_masks,topaneu_center2_mr_049.nii.gz,.nii.gz,54309,53.04,0.0518
location_masks\topaneu_center2_mr_050.nii.gz,location_masks,topaneu_center2_mr_050.nii.gz,.nii.gz,47365,46.25,0.0452
location_masks\topaneu_center2_mr_051.nii.gz,location_masks,topaneu_center2_mr_051.nii.gz,.nii.gz,58031,56.67,0.0553
location_masks\topaneu_center2_mr_054.nii.gz,location_masks,topaneu_center2_mr_054.nii.gz,.nii.gz,54990,53.7,0.0524
location_masks\topaneu_center2_mr_055.nii.gz,location_masks,topaneu_center2_mr_055.nii.gz,.nii.gz,35626,34.79,0.034
location_masks\topaneu_center2_mr_056.nii.gz,location_masks,topaneu_center2_mr_056.nii.gz,.nii.gz,57484,56.14,0.0548
location_masks\topaneu_center2_mr_057.nii.gz,location_masks,topaneu_center2_mr_057.nii.gz,.nii.gz,51201,50.0,0.0488
location_masks\topaneu_center2_mr_058.nii.gz,location_masks,topaneu_center2_mr_058.nii.gz,.nii.gz,58425,57.06,0.0557
location_masks\topaneu_center2_mr_069.nii.gz,location_masks,topaneu_center2_mr_069.nii.gz,.nii.gz,59602,58.21,0.0568
location_masks\topaneu_center2_mr_074.nii.gz,location_masks,topaneu_center2_mr_074.nii.gz,.nii.gz,57222,55.88,0.0546
location_masks\topaneu_center2_mr_077.nii.gz,location_masks,topaneu_center2_mr_077.nii.gz,.nii.gz,57727,56.37,0.0551
location_masks\topaneu_center2_mr_078.nii.gz,location_masks,topaneu_center2_mr_078.nii.gz,.nii.gz,48672,47.53,0.0464
location_masks\topaneu_center2_mr_079.nii.gz,location_masks,topaneu_center2_mr_079.nii.gz,.nii.gz,54829,53.54,0.0523
location_masks\topaneu_center2_mr_080.nii.gz,location_masks,topaneu_center2_mr_080.nii.gz,.nii.gz,58116,56.75,0.0554
location_masks\topaneu_center2_mr_083.nii.gz,location_masks,topaneu_center2_mr_083.nii.gz,.nii.gz,52797,51.56,0.0504
location_masks\topaneu_center2_mr_085.nii.gz,location_masks,topaneu_center2_mr_085.nii.gz,.nii.gz,57047,55.71,0.0544
location_masks\topaneu_center2_mr_086.nii.gz,location_masks,topaneu_center2_mr_086.nii.gz,.nii.gz,40627,39.67,0.0387
location_masks\topaneu_center4_ct_002.nii.gz,location_masks,topaneu_center4_ct_002.nii.gz,.nii.gz,75873,74.09,0.0724
location_masks\topaneu_center4_ct_005.nii.gz,location_masks,topaneu_center4_ct_005.nii.gz,.nii.gz,69489,67.86,0.0663
location_masks\topaneu_center4_ct_008_1.nii.gz,location_masks,topaneu_center4_ct_008_1.nii.gz,.nii.gz,68591,66.98,0.0654
location_masks\topaneu_center4_ct_008_2.nii.gz,location_masks,topaneu_center4_ct_008_2.nii.gz,.nii.gz,68659,67.05,0.0655
location_masks\topaneu_center4_ct_009.nii.gz,location_masks,topaneu_center4_ct_009.nii.gz,.nii.gz,79251,77.39,0.0756
location_masks\topaneu_center4_ct_012.nii.gz,location_masks,topaneu_center4_ct_012.nii.gz,.nii.gz,74573,72.83,0.0711
location_masks\topaneu_center4_ct_019.nii.gz,location_masks,topaneu_center4_ct_019.nii.gz,.nii.gz,73316,71.6,0.0699
location_masks\topaneu_center4_ct_020_1.nii.gz,location_masks,topaneu_center4_ct_020_1.nii.gz,.nii.gz,83270,81.32,0.0794
location_masks\topaneu_center4_ct_020_2.nii.gz,location_masks,topaneu_center4_ct_020_2.nii.gz,.nii.gz,84114,82.14,0.0802
location_masks\topaneu_center4_ct_020_3.nii.gz,location_masks,topaneu_center4_ct_020_3.nii.gz,.nii.gz,80958,79.06,0.0772
location_masks\topaneu_center4_ct_023.nii.gz,location_masks,topaneu_center4_ct_023.nii.gz,.nii.gz,70614,68.96,0.0673
location_masks\topaneu_center4_ct_025_1.nii.gz,location_masks,topaneu_center4_ct_025_1.nii.gz,.nii.gz,68884,67.27,0.0657
location_masks\topaneu_center4_ct_025_2.nii.gz,location_masks,topaneu_center4_ct_025_2.nii.gz,.nii.gz,67894,66.3,0.0647
location_masks\topaneu_center4_ct_030.nii.gz,location_masks,topaneu_center4_ct_030.nii.gz,.nii.gz,79328,77.47,0.0757
location_masks\topaneu_center4_ct_034_1.nii.gz,location_masks,topaneu_center4_ct_034_1.nii.gz,.nii.gz,66797,65.23,0.0637
location_masks\topaneu_center4_ct_034_2.nii.gz,location_masks,topaneu_center4_ct_034_2.nii.gz,.nii.gz,31350,30.62,0.0299
location_masks\topaneu_center4_ct_037.nii.gz,location_masks,topaneu_center4_ct_037.nii.gz,.nii.gz,78882,77.03,0.0752
location_masks\topaneu_center4_ct_041.nii.gz,location_masks,topaneu_center4_ct_041.nii.gz,.nii.gz,85012,83.02,0.0811
location_masks\topaneu_center4_ct_042_2.nii.gz,location_masks,topaneu_center4_ct_042_2.nii.gz,.nii.gz,67994,66.4,0.0648
location_masks\topaneu_center4_ct_045.nii.gz,location_masks,topaneu_center4_ct_045.nii.gz,.nii.gz,73287,71.57,0.0699
location_masks\topaneu_center4_ct_047.nii.gz,location_masks,topaneu_center4_ct_047.nii.gz,.nii.gz,79123,77.27,0.0755
location_masks\topaneu_center4_ct_048.nii.gz,location_masks,topaneu_center4_ct_048.nii.gz,.nii.gz,86714,84.68,0.0827
location_masks\topaneu_center4_ct_051_1.nii.gz,location_masks,topaneu_center4_ct_051_1.nii.gz,.nii.gz,71209,69.54,0.0679
location_masks\topaneu_center4_ct_051_2.nii.gz,location_masks,topaneu_center4_ct_051_2.nii.gz,.nii.gz,35579,34.75,0.0339
location_masks\topaneu_center4_ct_055.nii.gz,location_masks,topaneu_center4_ct_055.nii.gz,.nii.gz,70213,68.57,0.067
location_masks\topaneu_center4_ct_057.nii.gz,location_masks,topaneu_center4_ct_057.nii.gz,.nii.gz,64370,62.86,0.0614
location_masks\topaneu_center4_ct_059.nii.gz,location_masks,topaneu_center4_ct_059.nii.gz,.nii.gz,79405,77.54,0.0757
location_masks\topaneu_center4_ct_060.nii.gz,location_masks,topaneu_center4_ct_060.nii.gz,.nii.gz,68611,67.0,0.0654
location_masks\topaneu_center4_ct_062_1.nii.gz,location_masks,topaneu_center4_ct_062_1.nii.gz,.nii.gz,98488,96.18,0.0939
location_masks\topaneu_center4_ct_062_2.nii.gz,location_masks,topaneu_center4_ct_062_2.nii.gz,.nii.gz,83619,81.66,0.0797
location_masks\topaneu_center4_ct_063.nii.gz,location_masks,topaneu_center4_ct_063.nii.gz,.nii.gz,93161,90.98,0.0888
location_masks\topaneu_center4_ct_064.nii.gz,location_masks,topaneu_center4_ct_064.nii.gz,.nii.gz,92034,89.88,0.0878
location_masks\topaneu_center4_ct_065.nii.gz,location_masks,topaneu_center4_ct_065.nii.gz,.nii.gz,89375,87.28,0.0852
location_masks\topaneu_center4_ct_067.nii.gz,location_masks,topaneu_center4_ct_067.nii.gz,.nii.gz,77949,76.12,0.0743
location_masks\topaneu_center4_ct_070.nii.gz,location_masks,topaneu_center4_ct_070.nii.gz,.nii.gz,73375,71.66,0.07
location_masks\topaneu_center4_ct_072.nii.gz,location_masks,topaneu_center4_ct_072.nii.gz,.nii.gz,66927,65.36,0.0638
location_masks\topaneu_center4_ct_074.nii.gz,location_masks,topaneu_center4_ct_074.nii.gz,.nii.gz,78206,76.37,0.0746
location_masks\topaneu_center4_ct_083.nii.gz,location_masks,topaneu_center4_ct_083.nii.gz,.nii.gz,89870,87.76,0.0857
location_masks\topaneu_center4_ct_087.nii.gz,location_masks,topaneu_center4_ct_087.nii.gz,.nii.gz,33253,32.47,0.0317
location_masks\topaneu_center4_ct_093.nii.gz,location_masks,topaneu_center4_ct_093.nii.gz,.nii.gz,35745,34.91,0.0341
location_masks\topaneu_center4_ct_094.nii.gz,location_masks,topaneu_center4_ct_094.nii.gz,.nii.gz,76844,75.04,0.0733
location_masks\topaneu_center4_ct_097.nii.gz,location_masks,topaneu_center4_ct_097.nii.gz,.nii.gz,61010,59.58,0.0582
location_masks\topaneu_center4_ct_101.nii.gz,location_masks,topaneu_center4_ct_101.nii.gz,.nii.gz,89942,87.83,0.0858
location_masks\topaneu_center4_ct_102.nii.gz,location_masks,topaneu_center4_ct_102.nii.gz,.nii.gz,87990,85.93,0.0839
location_masks\topaneu_center4_ct_103.nii.gz,location_masks,topaneu_center4_ct_103.nii.gz,.nii.gz,88847,86.76,0.0847
location_masks\topaneu_center4_ct_104.nii.gz,location_masks,topaneu_center4_ct_104.nii.gz,.nii.gz,87317,85.27,0.0833
location_masks\topaneu_center4_ct_105.nii.gz,location_masks,topaneu_center4_ct_105.nii.gz,.nii.gz,79115,77.26,0.0754
location_masks\topaneu_center4_ct_106.nii.gz,location_masks,topaneu_center4_ct_106.nii.gz,.nii.gz,78670,76.83,0.075
location_masks\topaneu_center4_ct_107.nii.gz,location_masks,topaneu_center4_ct_107.nii.gz,.nii.gz,78611,76.77,0.075
location_masks\topaneu_center4_ct_108.nii.gz,location_masks,topaneu_center4_ct_108.nii.gz,.nii.gz,71472,69.8,0.0682
location_masks\topaneu_center4_ct_115.nii.gz,location_masks,topaneu_center4_ct_115.nii.gz,.nii.gz,43950,42.92,0.0419
location_masks\topaneu_center4_ct_116.nii.gz,location_masks,topaneu_center4_ct_116.nii.gz,.nii.gz,47510,46.4,0.0453
location_masks\topaneu_center4_ct_119.nii.gz,location_masks,topaneu_center4_ct_119.nii.gz,.nii.gz,33980,33.18,0.0324
location_masks\topaneu_center4_ct_122.nii.gz,location_masks,topaneu_center4_ct_122.nii.gz,.nii.gz,56723,55.39,0.0541
location_masks\topaneu_center4_ct_127.nii.gz,location_masks,topaneu_center4_ct_127.nii.gz,.nii.gz,39811,38.88,0.038
location_masks\topaneu_center4_ct_129.nii.gz,location_masks,topaneu_center4_ct_129.nii.gz,.nii.gz,42121,41.13,0.0402
location_masks\topaneu_center4_ct_134.nii.gz,location_masks,topaneu_center4_ct_134.nii.gz,.nii.gz,37521,36.64,0.0358
location_masks\topaneu_center4_ct_140.nii.gz,location_masks,topaneu_center4_ct_140.nii.gz,.nii.gz,55074,53.78,0.0525
location_masks\topaneu_center4_ct_193.nii.gz,location_masks,topaneu_center4_ct_193.nii.gz,.nii.gz,43266,42.25,0.0413
location_masks\topaneu_center4_ct_200.nii.gz,location_masks,topaneu_center4_ct_200.nii.gz,.nii.gz,43762,42.74,0.0417
location_masks\topaneu_center4_ct_201.nii.gz,location_masks,topaneu_center4_ct_201.nii.gz,.nii.gz,77399,75.58,0.0738
location_masks\topaneu_center5_mr_007.nii.gz,location_masks,topaneu_center5_mr_007.nii.gz,.nii.gz,24974,24.39,0.0238
location_masks\topaneu_center5_mr_009.nii.gz,location_masks,topaneu_center5_mr_009.nii.gz,.nii.gz,87503,85.45,0.0834
location_masks\topaneu_center5_mr_010.nii.gz,location_masks,topaneu_center5_mr_010.nii.gz,.nii.gz,41390,40.42,0.0395
location_masks\topaneu_center5_mr_011.nii.gz,location_masks,topaneu_center5_mr_011.nii.gz,.nii.gz,34838,34.02,0.0332
location_masks\topaneu_center5_mr_015.nii.gz,location_masks,topaneu_center5_mr_015.nii.gz,.nii.gz,31445,30.71,0.03
location_masks\topaneu_center5_mr_016.nii.gz,location_masks,topaneu_center5_mr_016.nii.gz,.nii.gz,36265,35.42,0.0346
location_masks\topaneu_center5_mr_021.nii.gz,location_masks,topaneu_center5_mr_021.nii.gz,.nii.gz,31673,30.93,0.0302
location_masks\topaneu_center5_mr_022.nii.gz,location_masks,topaneu_center5_mr_022.nii.gz,.nii.gz,38371,37.47,0.0366
location_masks\topaneu_center5_mr_023.nii.gz,location_masks,topaneu_center5_mr_023.nii.gz,.nii.gz,82116,80.19,0.0783
location_masks\topaneu_center5_mr_024.nii.gz,location_masks,topaneu_center5_mr_024.nii.gz,.nii.gz,83352,81.4,0.0795
location_masks\topaneu_center5_mr_025.nii.gz,location_masks,topaneu_center5_mr_025.nii.gz,.nii.gz,31155,30.42,0.0297
location_masks\topaneu_center5_mr_027.nii.gz,location_masks,topaneu_center5_mr_027.nii.gz,.nii.gz,31236,30.5,0.0298
location_masks\topaneu_center5_mr_028.nii.gz,location_masks,topaneu_center5_mr_028.nii.gz,.nii.gz,91658,89.51,0.0874
location_masks\topaneu_center5_mr_029.nii.gz,location_masks,topaneu_center5_mr_029.nii.gz,.nii.gz,22985,22.45,0.0219
location_masks\topaneu_center5_mr_030.nii.gz,location_masks,topaneu_center5_mr_030.nii.gz,.nii.gz,22801,22.27,0.0217
location_masks\topaneu_center5_mr_031.nii.gz,location_masks,topaneu_center5_mr_031.nii.gz,.nii.gz,23236,22.69,0.0222
location_masks\topaneu_center5_mr_032.nii.gz,location_masks,topaneu_center5_mr_032.nii.gz,.nii.gz,31442,30.71,0.03
location_masks\topaneu_center5_mr_033.nii.gz,location_masks,topaneu_center5_mr_033.nii.gz,.nii.gz,31787,31.04,0.0303
location_masks\topaneu_center5_mr_034.nii.gz,location_masks,topaneu_center5_mr_034.nii.gz,.nii.gz,32209,31.45,0.0307
location_masks\topaneu_center5_mr_036.nii.gz,location_masks,topaneu_center5_mr_036.nii.gz,.nii.gz,23252,22.71,0.0222
location_masks\topaneu_center5_mr_037.nii.gz,location_masks,topaneu_center5_mr_037.nii.gz,.nii.gz,33588,32.8,0.032
location_masks\topaneu_center5_mr_038.nii.gz,location_masks,topaneu_center5_mr_038.nii.gz,.nii.gz,23794,23.24,0.0227
location_masks\topaneu_center5_mr_039.nii.gz,location_masks,topaneu_center5_mr_039.nii.gz,.nii.gz,24163,23.6,0.023
location_masks\topaneu_center5_mr_041.nii.gz,location_masks,topaneu_center5_mr_041.nii.gz,.nii.gz,92904,90.73,0.0886
location_masks\topaneu_center5_mr_052.nii.gz,location_masks,topaneu_center5_mr_052.nii.gz,.nii.gz,35890,35.05,0.0342
location_masks\topaneu_center5_mr_061.nii.gz,location_masks,topaneu_center5_mr_061.nii.gz,.nii.gz,153537,149.94,0.1464
location_masks\topaneu_center5_mr_063.nii.gz,location_masks,topaneu_center5_mr_063.nii.gz,.nii.gz,34897,34.08,0.0333
location_masks\topaneu_center5_mr_068.nii.gz,location_masks,topaneu_center5_mr_068.nii.gz,.nii.gz,34874,34.06,0.0333
location_masks\topaneu_center5_mr_074.nii.gz,location_masks,topaneu_center5_mr_074.nii.gz,.nii.gz,37883,37.0,0.0361
location_masks\topaneu_center5_mr_079.nii.gz,location_masks,topaneu_center5_mr_079.nii.gz,.nii.gz,36955,36.09,0.0352
location_masks\topaneu_center5_mr_081.nii.gz,location_masks,topaneu_center5_mr_081.nii.gz,.nii.gz,37964,37.07,0.0362
location_masks\topaneu_center5_mr_082.nii.gz,location_masks,topaneu_center5_mr_082.nii.gz,.nii.gz,34726,33.91,0.0331
location_masks\topaneu_center5_mr_451.nii.gz,location_masks,topaneu_center5_mr_451.nii.gz,.nii.gz,59253,57.86,0.0565
location_masks\topaneu_center5_mr_452.nii.gz,location_masks,topaneu_center5_mr_452.nii.gz,.nii.gz,75413,73.65,0.0719
location_masks\topaneu_center5_mr_453.nii.gz,location_masks,topaneu_center5_mr_453.nii.gz,.nii.gz,63856,62.36,0.0609
location_masks\topaneu_center5_mr_454.nii.gz,location_masks,topaneu_center5_mr_454.nii.gz,.nii.gz,11686,11.41,0.0111
location_masks\topaneu_center5_mr_455.nii.gz,location_masks,topaneu_center5_mr_455.nii.gz,.nii.gz,80095,78.22,0.0764
location_masks\topaneu_center5_mr_457.nii.gz,location_masks,topaneu_center5_mr_457.nii.gz,.nii.gz,55361,54.06,0.0528
location_masks\topaneu_center5_mr_458.nii.gz,location_masks,topaneu_center5_mr_458.nii.gz,.nii.gz,10392,10.15,0.0099
location_masks\topaneu_center5_mr_459.nii.gz,location_masks,topaneu_center5_mr_459.nii.gz,.nii.gz,47328,46.22,0.0451
location_masks\topaneu_center5_mr_460.nii.gz,location_masks,topaneu_center5_mr_460.nii.gz,.nii.gz,59490,58.1,0.0567
location_masks\topaneu_center5_mr_461.nii.gz,location_masks,topaneu_center5_mr_461.nii.gz,.nii.gz,66398,64.84,0.0633
location_masks\topaneu_center5_mr_462.nii.gz,location_masks,topaneu_center5_mr_462.nii.gz,.nii.gz,49779,48.61,0.0475
location_masks\topaneu_center5_mr_464.nii.gz,location_masks,topaneu_center5_mr_464.nii.gz,.nii.gz,65421,63.89,0.0624
location_masks\topaneu_center5_mr_465.nii.gz,location_masks,topaneu_center5_mr_465.nii.gz,.nii.gz,56159,54.84,0.0536
location_masks\topaneu_center5_mr_466.nii.gz,location_masks,topaneu_center5_mr_466.nii.gz,.nii.gz,13284,12.97,0.0127
location_masks\topaneu_center5_mr_467.nii.gz,location_masks,topaneu_center5_mr_467.nii.gz,.nii.gz,68215,66.62,0.0651
location_masks\topaneu_center5_mr_469.nii.gz,location_masks,topaneu_center5_mr_469.nii.gz,.nii.gz,46374,45.29,0.0442
location_masks\topaneu_center5_mr_470.nii.gz,location_masks,topaneu_center5_mr_470.nii.gz,.nii.gz,12006,11.72,0.0114
location_masks\topaneu_center5_mr_471.nii.gz,location_masks,topaneu_center5_mr_471.nii.gz,.nii.gz,67665,66.08,0.0645
location_masks\topaneu_center5_mr_472.nii.gz,location_masks,topaneu_center5_mr_472.nii.gz,.nii.gz,17434,17.03,0.0166
location_masks\topaneu_center5_mr_473.nii.gz,location_masks,topaneu_center5_mr_473.nii.gz,.nii.gz,11999,11.72,0.0114
location_masks\topaneu_center5_mr_474.nii.gz,location_masks,topaneu_center5_mr_474.nii.gz,.nii.gz,64889,63.37,0.0619
location_masks\topaneu_center5_mr_475.nii.gz,location_masks,topaneu_center5_mr_475.nii.gz,.nii.gz,51551,50.34,0.0492
location_masks\topaneu_center5_mr_476.nii.gz,location_masks,topaneu_center5_mr_476.nii.gz,.nii.gz,12759,12.46,0.0122
location_masks\topaneu_center5_mr_478.nii.gz,location_masks,topaneu_center5_mr_478.nii.gz,.nii.gz,90328,88.21,0.0861
location_masks\topaneu_center5_mr_479.nii.gz,location_masks,topaneu_center5_mr_479.nii.gz,.nii.gz,62182,60.72,0.0593
location_masks\topaneu_center5_mr_480.nii.gz,location_masks,topaneu_center5_mr_480.nii.gz,.nii.gz,15404,15.04,0.0147
location_masks\topaneu_center5_mr_481.nii.gz,location_masks,topaneu_center5_mr_481.nii.gz,.nii.gz,66569,65.01,0.0635
location_masks\topaneu_center5_mr_484.nii.gz,location_masks,topaneu_center5_mr_484.nii.gz,.nii.gz,14254,13.92,0.0136
location_masks\topaneu_center5_mr_485.nii.gz,location_masks,topaneu_center5_mr_485.nii.gz,.nii.gz,16184,15.8,0.0154
location_masks\topaneu_center5_mr_486.nii.gz,location_masks,topaneu_center5_mr_486.nii.gz,.nii.gz,11431,11.16,0.0109
location_masks\topaneu_center5_mr_487.nii.gz,location_masks,topaneu_center5_mr_487.nii.gz,.nii.gz,50410,49.23,0.0481
location_masks\topaneu_center5_mr_488.nii.gz,location_masks,topaneu_center5_mr_488.nii.gz,.nii.gz,17555,17.14,0.0167
location_masks\topaneu_center5_mr_489.nii.gz,location_masks,topaneu_center5_mr_489.nii.gz,.nii.gz,11765,11.49,0.0112
location_masks\topaneu_center5_mr_490.nii.gz,location_masks,topaneu_center5_mr_490.nii.gz,.nii.gz,60441,59.02,0.0576
location_masks\topaneu_center5_mr_491.nii.gz,location_masks,topaneu_center5_mr_491.nii.gz,.nii.gz,48746,47.6,0.0465
location_masks\topaneu_center5_mr_492.nii.gz,location_masks,topaneu_center5_mr_492.nii.gz,.nii.gz,54441,53.17,0.0519
type_masks\._topaneu_center1_mr_001.nii.gz,type_masks,._topaneu_center1_mr_001.nii.gz,.nii.gz,4096,4.0,0.0039
type_masks\._topaneu_center1_mr_005.nii.gz,type_masks,._topaneu_center1_mr_005.nii.gz,.nii.gz,4096,4.0,0.0039
type_masks\._topaneu_center1_mr_016.nii.gz,type_masks,._topaneu_center1_mr_016.nii.gz,.nii.gz,4096,4.0,0.0039
type_masks\._topaneu_center1_mr_017.nii.gz,type_masks,._topaneu_center1_mr_017.nii.gz,.nii.gz,4096,4.0,0.0039
type_masks\._topaneu_center1_mr_018.nii.gz,type_masks,._topaneu_center1_mr_018.nii.gz,.nii.gz,4096,4.0,0.0039
type_masks\._topaneu_center1_mr_024.nii.gz,type_masks,._topaneu_center1_mr_024.nii.gz,.nii.gz,4096,4.0,0.0039
type_masks\._topaneu_center1_mr_028.nii.gz,type_masks,._topaneu_center1_mr_028.nii.gz,.nii.gz,4096,4.0,0.0039
type_masks\._topaneu_center1_mr_029.nii.gz,type_masks,._topaneu_center1_mr_029.nii.gz,.nii.gz,4096,4.0,0.0039
type_masks\._topaneu_center1_mr_033.nii.gz,type_masks,._topaneu_center1_mr_033.nii.gz,.nii.gz,4096,4.0,0.0039
type_masks\._topaneu_center1_mr_038.nii.gz,type_masks,._topaneu_center1_mr_038.nii.gz,.nii.gz,4096,4.0,0.0039
type_masks\._topaneu_center1_mr_049.nii.gz,type_masks,._topaneu_center1_mr_049.nii.gz,.nii.gz,4096,4.0,0.0039
type_masks\._topaneu_center1_mr_050.nii.gz,type_masks,._topaneu_center1_mr_050.nii.gz,.nii.gz,4096,4.0,0.0039
type_masks\._topaneu_center1_mr_053.nii.gz,type_masks,._topaneu_center1_mr_053.nii.gz,.nii.gz,4096,4.0,0.0039
type_masks\._topaneu_center1_mr_056.nii.gz,type_masks,._topaneu_center1_mr_056.nii.gz,.nii.gz,4096,4.0,0.0039
type_masks\._topaneu_center1_mr_061.nii.gz,type_masks,._topaneu_center1_mr_061.nii.gz,.nii.gz,4096,4.0,0.0039
type_masks\._topaneu_center1_mr_064.nii.gz,type_masks,._topaneu_center1_mr_064.nii.gz,.nii.gz,4096,4.0,0.0039
type_masks\._topaneu_center1_mr_076.nii.gz,type_masks,._topaneu_center1_mr_076.nii.gz,.nii.gz,4096,4.0,0.0039
type_masks\._topaneu_center1_mr_085.nii.gz,type_masks,._topaneu_center1_mr_085.nii.gz,.nii.gz,4096,4.0,0.0039
type_masks\._topaneu_center1_mr_088.nii.gz,type_masks,._topaneu_center1_mr_088.nii.gz,.nii.gz,4096,4.0,0.0039
type_masks\._topaneu_center1_mr_092.nii.gz,type_masks,._topaneu_center1_mr_092.nii.gz,.nii.gz,4096,4.0,0.0039
type_masks\._topaneu_center1_mr_113.nii.gz,type_masks,._topaneu_center1_mr_113.nii.gz,.nii.gz,4096,4.0,0.0039
type_masks\._topaneu_center1_mr_119.nii.gz,type_masks,._topaneu_center1_mr_119.nii.gz,.nii.gz,4096,4.0,0.0039
type_masks\._topaneu_center1_mr_121.nii.gz,type_masks,._topaneu_center1_mr_121.nii.gz,.nii.gz,4096,4.0,0.0039
type_masks\._topaneu_center1_mr_129.nii.gz,type_masks,._topaneu_center1_mr_129.nii.gz,.nii.gz,4096,4.0,0.0039
type_masks\._topaneu_center1_mr_136.nii.gz,type_masks,._topaneu_center1_mr_136.nii.gz,.nii.gz,4096,4.0,0.0039
type_masks\._topaneu_center1_mr_138.nii.gz,type_masks,._topaneu_center1_mr_138.nii.gz,.nii.gz,4096,4.0,0.0039
type_masks\._topaneu_center1_mr_144.nii.gz,type_masks,._topaneu_center1_mr_144.nii.gz,.nii.gz,4096,4.0,0.0039
type_masks\._topaneu_center1_mr_147.nii.gz,type_masks,._topaneu_center1_mr_147.nii.gz,.nii.gz,4096,4.0,0.0039
type_masks\._topaneu_center1_mr_148.nii.gz,type_masks,._topaneu_center1_mr_148.nii.gz,.nii.gz,4096,4.0,0.0039
type_masks\._topaneu_center1_mr_149.nii.gz,type_masks,._topaneu_center1_mr_149.nii.gz,.nii.gz,4096,4.0,0.0039
type_masks\._topaneu_center1_mr_157.nii.gz,type_masks,._topaneu_center1_mr_157.nii.gz,.nii.gz,4096,4.0,0.0039
type_masks\._topaneu_center1_mr_173.nii.gz,type_masks,._topaneu_center1_mr_173.nii.gz,.nii.gz,4096,4.0,0.0039
type_masks\._topaneu_center1_mr_177.nii.gz,type_masks,._topaneu_center1_mr_177.nii.gz,.nii.gz,4096,4.0,0.0039
type_masks\._topaneu_center1_mr_178.nii.gz,type_masks,._topaneu_center1_mr_178.nii.gz,.nii.gz,4096,4.0,0.0039
type_masks\._topaneu_center1_mr_184.nii.gz,type_masks,._topaneu_center1_mr_184.nii.gz,.nii.gz,4096,4.0,0.0039
type_masks\._topaneu_center1_mr_188.nii.gz,type_masks,._topaneu_center1_mr_188.nii.gz,.nii.gz,4096,4.0,0.0039
type_masks\._topaneu_center1_mr_189.nii.gz,type_masks,._topaneu_center1_mr_189.nii.gz,.nii.gz,4096,4.0,0.0039
type_masks\._topaneu_center1_mr_191.nii.gz,type_masks,._topaneu_center1_mr_191.nii.gz,.nii.gz,4096,4.0,0.0039
type_masks\._topaneu_center1_mr_193.nii.gz,type_masks,._topaneu_center1_mr_193.nii.gz,.nii.gz,4096,4.0,0.0039
type_masks\._topaneu_center1_mr_195.nii.gz,type_masks,._topaneu_center1_mr_195.nii.gz,.nii.gz,4096,4.0,0.0039
type_masks\._topaneu_center1_mr_198.nii.gz,type_masks,._topaneu_center1_mr_198.nii.gz,.nii.gz,4096,4.0,0.0039
type_masks\._topaneu_center1_mr_200.nii.gz,type_masks,._topaneu_center1_mr_200.nii.gz,.nii.gz,4096,4.0,0.0039
type_masks\._topaneu_center1_mr_202.nii.gz,type_masks,._topaneu_center1_mr_202.nii.gz,.nii.gz,4096,4.0,0.0039
type_masks\._topaneu_center1_mr_210.nii.gz,type_masks,._topaneu_center1_mr_210.nii.gz,.nii.gz,4096,4.0,0.0039
type_masks\._topaneu_center1_mr_211.nii.gz,type_masks,._topaneu_center1_mr_211.nii.gz,.nii.gz,4096,4.0,0.0039
type_masks\._topaneu_center1_mr_213.nii.gz,type_masks,._topaneu_center1_mr_213.nii.gz,.nii.gz,4096,4.0,0.0039
type_masks\._topaneu_center1_mr_221.nii.gz,type_masks,._topaneu_center1_mr_221.nii.gz,.nii.gz,4096,4.0,0.0039
type_masks\._topaneu_center1_mr_229.nii.gz,type_masks,._topaneu_center1_mr_229.nii.gz,.nii.gz,4096,4.0,0.0039
type_masks\._topaneu_center1_mr_241.nii.gz,type_masks,._topaneu_center1_mr_241.nii.gz,.nii.gz,4096,4.0,0.0039
type_masks\._topaneu_center1_mr_247.nii.gz,type_masks,._topaneu_center1_mr_247.nii.gz,.nii.gz,4096,4.0,0.0039
type_masks\._topaneu_center1_mr_251.nii.gz,type_masks,._topaneu_center1_mr_251.nii.gz,.nii.gz,4096,4.0,0.0039
type_masks\._topaneu_center1_mr_262.nii.gz,type_masks,._topaneu_center1_mr_262.nii.gz,.nii.gz,4096,4.0,0.0039
type_masks\._topaneu_center1_mr_264.nii.gz,type_masks,._topaneu_center1_mr_264.nii.gz,.nii.gz,4096,4.0,0.0039
type_masks\._topaneu_center1_mr_282.nii.gz,type_masks,._topaneu_center1_mr_282.nii.gz,.nii.gz,4096,4.0,0.0039
type_masks\._topaneu_center1_mr_287.nii.gz,type_masks,._topaneu_center1_mr_287.nii.gz,.nii.gz,4096,4.0,0.0039
type_masks\._topaneu_center1_mr_290.nii.gz,type_masks,._topaneu_center1_mr_290.nii.gz,.nii.gz,4096,4.0,0.0039
type_masks\._topaneu_center1_mr_298.nii.gz,type_masks,._topaneu_center1_mr_298.nii.gz,.nii.gz,4096,4.0,0.0039
type_masks\._topaneu_center1_mr_299.nii.gz,type_masks,._topaneu_center1_mr_299.nii.gz,.nii.gz,4096,4.0,0.0039
type_masks\._topaneu_center1_mr_301.nii.gz,type_masks,._topaneu_center1_mr_301.nii.gz,.nii.gz,4096,4.0,0.0039
type_masks\._topaneu_center1_mr_302.nii.gz,type_masks,._topaneu_center1_mr_302.nii.gz,.nii.gz,4096,4.0,0.0039
type_masks\._topaneu_center1_mr_308.nii.gz,type_masks,._topaneu_center1_mr_308.nii.gz,.nii.gz,4096,4.0,0.0039
type_masks\._topaneu_center1_mr_311.nii.gz,type_masks,._topaneu_center1_mr_311.nii.gz,.nii.gz,4096,4.0,0.0039
type_masks\._topaneu_center1_mr_316.nii.gz,type_masks,._topaneu_center1_mr_316.nii.gz,.nii.gz,4096,4.0,0.0039
type_masks\._topaneu_center1_mr_325.nii.gz,type_masks,._topaneu_center1_mr_325.nii.gz,.nii.gz,4096,4.0,0.0039
type_masks\._topaneu_center1_mr_327.nii.gz,type_masks,._topaneu_center1_mr_327.nii.gz,.nii.gz,4096,4.0,0.0039
type_masks\._topaneu_center1_mr_330.nii.gz,type_masks,._topaneu_center1_mr_330.nii.gz,.nii.gz,4096,4.0,0.0039
type_masks\._topaneu_center1_mr_334.nii.gz,type_masks,._topaneu_center1_mr_334.nii.gz,.nii.gz,4096,4.0,0.0039
type_masks\._topaneu_center1_mr_336.nii.gz,type_masks,._topaneu_center1_mr_336.nii.gz,.nii.gz,4096,4.0,0.0039
type_masks\._topaneu_center1_mr_342.nii.gz,type_masks,._topaneu_center1_mr_342.nii.gz,.nii.gz,4096,4.0,0.0039
type_masks\._topaneu_center1_mr_349.nii.gz,type_masks,._topaneu_center1_mr_349.nii.gz,.nii.gz,4096,4.0,0.0039
type_masks\._topaneu_center1_mr_350.nii.gz,type_masks,._topaneu_center1_mr_350.nii.gz,.nii.gz,4096,4.0,0.0039
type_masks\._topaneu_center1_mr_354.nii.gz,type_masks,._topaneu_center1_mr_354.nii.gz,.nii.gz,4096,4.0,0.0039
type_masks\._topaneu_center1_mr_359.nii.gz,type_masks,._topaneu_center1_mr_359.nii.gz,.nii.gz,4096,4.0,0.0039
type_masks\._topaneu_center1_mr_364.nii.gz,type_masks,._topaneu_center1_mr_364.nii.gz,.nii.gz,4096,4.0,0.0039
type_masks\._topaneu_center1_mr_365.nii.gz,type_masks,._topaneu_center1_mr_365.nii.gz,.nii.gz,4096,4.0,0.0039
type_masks\._topaneu_center1_mr_374.nii.gz,type_masks,._topaneu_center1_mr_374.nii.gz,.nii.gz,4096,4.0,0.0039
type_masks\._topaneu_center1_mr_386.nii.gz,type_masks,._topaneu_center1_mr_386.nii.gz,.nii.gz,4096,4.0,0.0039
type_masks\._topaneu_center1_mr_393.nii.gz,type_masks,._topaneu_center1_mr_393.nii.gz,.nii.gz,4096,4.0,0.0039
type_masks\._topaneu_center1_mr_396.nii.gz,type_masks,._topaneu_center1_mr_396.nii.gz,.nii.gz,4096,4.0,0.0039
type_masks\._topaneu_center1_mr_398.nii.gz,type_masks,._topaneu_center1_mr_398.nii.gz,.nii.gz,4096,4.0,0.0039
type_masks\._topaneu_center1_mr_401.nii.gz,type_masks,._topaneu_center1_mr_401.nii.gz,.nii.gz,4096,4.0,0.0039
type_masks\._topaneu_center1_mr_411.nii.gz,type_masks,._topaneu_center1_mr_411.nii.gz,.nii.gz,4096,4.0,0.0039
type_masks\._topaneu_center1_mr_414.nii.gz,type_masks,._topaneu_center1_mr_414.nii.gz,.nii.gz,4096,4.0,0.0039
type_masks\._topaneu_center1_mr_419.nii.gz,type_masks,._topaneu_center1_mr_419.nii.gz,.nii.gz,4096,4.0,0.0039
type_masks\._topaneu_center1_mr_428.nii.gz,type_masks,._topaneu_center1_mr_428.nii.gz,.nii.gz,4096,4.0,0.0039
type_masks\._topaneu_center1_mr_436.nii.gz,type_masks,._topaneu_center1_mr_436.nii.gz,.nii.gz,4096,4.0,0.0039
type_masks\._topaneu_center1_mr_439.nii.gz,type_masks,._topaneu_center1_mr_439.nii.gz,.nii.gz,4096,4.0,0.0039
type_masks\._topaneu_center1_mr_443.nii.gz,type_masks,._topaneu_center1_mr_443.nii.gz,.nii.gz,4096,4.0,0.0039
type_masks\._topaneu_center1_mr_463.nii.gz,type_masks,._topaneu_center1_mr_463.nii.gz,.nii.gz,4096,4.0,0.0039
type_masks\._topaneu_center1_mr_474.nii.gz,type_masks,._topaneu_center1_mr_474.nii.gz,.nii.gz,4096,4.0,0.0039
type_masks\._topaneu_center1_mr_477.nii.gz,type_masks,._topaneu_center1_mr_477.nii.gz,.nii.gz,4096,4.0,0.0039
type_masks\._topaneu_center1_mr_483.nii.gz,type_masks,._topaneu_center1_mr_483.nii.gz,.nii.gz,4096,4.0,0.0039
type_masks\._topaneu_center1_mr_489.nii.gz,type_masks,._topaneu_center1_mr_489.nii.gz,.nii.gz,4096,4.0,0.0039
type_masks\._topaneu_center1_mr_490.nii.gz,type_masks,._topaneu_center1_mr_490.nii.gz,.nii.gz,4096,4.0,0.0039
type_masks\._topaneu_center1_mr_494.nii.gz,type_masks,._topaneu_center1_mr_494.nii.gz,.nii.gz,4096,4.0,0.0039
type_masks\._topaneu_center1_mr_496.nii.gz,type_masks,._topaneu_center1_mr_496.nii.gz,.nii.gz,4096,4.0,0.0039
type_masks\._topaneu_center1_mr_499.nii.gz,type_masks,._topaneu_center1_mr_499.nii.gz,.nii.gz,4096,4.0,0.0039
type_masks\._topaneu_center1_mr_501.nii.gz,type_masks,._topaneu_center1_mr_501.nii.gz,.nii.gz,4096,4.0,0.0039
type_masks\._topaneu_center1_mr_509.nii.gz,type_masks,._topaneu_center1_mr_509.nii.gz,.nii.gz,4096,4.0,0.0039
type_masks\._topaneu_center1_mr_516.nii.gz,type_masks,._topaneu_center1_mr_516.nii.gz,.nii.gz,4096,4.0,0.0039
type_masks\._topaneu_center1_mr_522.nii.gz,type_masks,._topaneu_center1_mr_522.nii.gz,.nii.gz,4096,4.0,0.0039
type_masks\._topaneu_center1_mr_523.nii.gz,type_masks,._topaneu_center1_mr_523.nii.gz,.nii.gz,4096,4.0,0.0039
type_masks\._topaneu_center1_mr_525.nii.gz,type_masks,._topaneu_center1_mr_525.nii.gz,.nii.gz,4096,4.0,0.0039
type_masks\._topaneu_center1_mr_527.nii.gz,type_masks,._topaneu_center1_mr_527.nii.gz,.nii.gz,4096,4.0,0.0039
type_masks\._topaneu_center1_mr_528.nii.gz,type_masks,._topaneu_center1_mr_528.nii.gz,.nii.gz,4096,4.0,0.0039
type_masks\._topaneu_center1_mr_538.nii.gz,type_masks,._topaneu_center1_mr_538.nii.gz,.nii.gz,4096,4.0,0.0039
type_masks\._topaneu_center1_mr_554.nii.gz,type_masks,._topaneu_center1_mr_554.nii.gz,.nii.gz,4096,4.0,0.0039
type_masks\._topaneu_center1_mr_560.nii.gz,type_masks,._topaneu_center1_mr_560.nii.gz,.nii.gz,4096,4.0,0.0039
type_masks\._topaneu_center1_mr_561.nii.gz,type_masks,._topaneu_center1_mr_561.nii.gz,.nii.gz,4096,4.0,0.0039
type_masks\._topaneu_center1_mr_572.nii.gz,type_masks,._topaneu_center1_mr_572.nii.gz,.nii.gz,4096,4.0,0.0039
type_masks\._topaneu_center1_mr_577.nii.gz,type_masks,._topaneu_center1_mr_577.nii.gz,.nii.gz,4096,4.0,0.0039
type_masks\._topaneu_center1_mr_581.nii.gz,type_masks,._topaneu_center1_mr_581.nii.gz,.nii.gz,4096,4.0,0.0039
type_masks\._topaneu_center1_mr_585.nii.gz,type_masks,._topaneu_center1_mr_585.nii.gz,.nii.gz,4096,4.0,0.0039
type_masks\._topaneu_center1_mr_586.nii.gz,type_masks,._topaneu_center1_mr_586.nii.gz,.nii.gz,4096,4.0,0.0039
type_masks\._topaneu_center1_mr_596.nii.gz,type_masks,._topaneu_center1_mr_596.nii.gz,.nii.gz,4096,4.0,0.0039
type_masks\._topaneu_center1_mr_605.nii.gz,type_masks,._topaneu_center1_mr_605.nii.gz,.nii.gz,4096,4.0,0.0039
type_masks\._topaneu_center1_mr_607.nii.gz,type_masks,._topaneu_center1_mr_607.nii.gz,.nii.gz,4096,4.0,0.0039
type_masks\._topaneu_center1_mr_612.nii.gz,type_masks,._topaneu_center1_mr_612.nii.gz,.nii.gz,4096,4.0,0.0039
type_masks\._topaneu_center1_mr_614.nii.gz,type_masks,._topaneu_center1_mr_614.nii.gz,.nii.gz,4096,4.0,0.0039
type_masks\._topaneu_center1_mr_615.nii.gz,type_masks,._topaneu_center1_mr_615.nii.gz,.nii.gz,4096,4.0,0.0039
type_masks\._topaneu_center1_mr_625.nii.gz,type_masks,._topaneu_center1_mr_625.nii.gz,.nii.gz,4096,4.0,0.0039
type_masks\._topaneu_center1_mr_626.nii.gz,type_masks,._topaneu_center1_mr_626.nii.gz,.nii.gz,4096,4.0,0.0039
type_masks\._topaneu_center1_mr_630.nii.gz,type_masks,._topaneu_center1_mr_630.nii.gz,.nii.gz,4096,4.0,0.0039
type_masks\._topaneu_center1_mr_631.nii.gz,type_masks,._topaneu_center1_mr_631.nii.gz,.nii.gz,4096,4.0,0.0039
type_masks\._topaneu_center1_mr_637.nii.gz,type_masks,._topaneu_center1_mr_637.nii.gz,.nii.gz,4096,4.0,0.0039
type_masks\._topaneu_center1_mr_638.nii.gz,type_masks,._topaneu_center1_mr_638.nii.gz,.nii.gz,4096,4.0,0.0039
type_masks\._topaneu_center1_mr_647.nii.gz,type_masks,._topaneu_center1_mr_647.nii.gz,.nii.gz,4096,4.0,0.0039
type_masks\._topaneu_center1_mr_653.nii.gz,type_masks,._topaneu_center1_mr_653.nii.gz,.nii.gz,4096,4.0,0.0039
type_masks\._topaneu_center1_mr_660.nii.gz,type_masks,._topaneu_center1_mr_660.nii.gz,.nii.gz,4096,4.0,0.0039
type_masks\._topaneu_center1_mr_664.nii.gz,type_masks,._topaneu_center1_mr_664.nii.gz,.nii.gz,4096,4.0,0.0039
type_masks\._topaneu_center1_mr_670.nii.gz,type_masks,._topaneu_center1_mr_670.nii.gz,.nii.gz,4096,4.0,0.0039
type_masks\._topaneu_center1_mr_681.nii.gz,type_masks,._topaneu_center1_mr_681.nii.gz,.nii.gz,4096,4.0,0.0039
type_masks\._topaneu_center1_mr_682.nii.gz,type_masks,._topaneu_center1_mr_682.nii.gz,.nii.gz,4096,4.0,0.0039
type_masks\._topaneu_center1_mr_693.nii.gz,type_masks,._topaneu_center1_mr_693.nii.gz,.nii.gz,4096,4.0,0.0039
type_masks\._topaneu_center1_mr_694.nii.gz,type_masks,._topaneu_center1_mr_694.nii.gz,.nii.gz,4096,4.0,0.0039
type_masks\._topaneu_center1_mr_697.nii.gz,type_masks,._topaneu_center1_mr_697.nii.gz,.nii.gz,4096,4.0,0.0039
type_masks\._topaneu_center1_mr_702.nii.gz,type_masks,._topaneu_center1_mr_702.nii.gz,.nii.gz,4096,4.0,0.0039
type_masks\._topaneu_center1_mr_713.nii.gz,type_masks,._topaneu_center1_mr_713.nii.gz,.nii.gz,4096,4.0,0.0039
type_masks\._topaneu_center1_mr_720.nii.gz,type_masks,._topaneu_center1_mr_720.nii.gz,.nii.gz,4096,4.0,0.0039
type_masks\._topaneu_center1_mr_727.nii.gz,type_masks,._topaneu_center1_mr_727.nii.gz,.nii.gz,4096,4.0,0.0039
type_masks\._topaneu_center1_mr_729.nii.gz,type_masks,._topaneu_center1_mr_729.nii.gz,.nii.gz,4096,4.0,0.0039
type_masks\._topaneu_center1_mr_731.nii.gz,type_masks,._topaneu_center1_mr_731.nii.gz,.nii.gz,4096,4.0,0.0039
type_masks\._topaneu_center1_mr_732.nii.gz,type_masks,._topaneu_center1_mr_732.nii.gz,.nii.gz,4096,4.0,0.0039
type_masks\._topaneu_center1_mr_740.nii.gz,type_masks,._topaneu_center1_mr_740.nii.gz,.nii.gz,4096,4.0,0.0039
type_masks\._topaneu_center1_mr_741.nii.gz,type_masks,._topaneu_center1_mr_741.nii.gz,.nii.gz,4096,4.0,0.0039
type_masks\._topaneu_center1_mr_742.nii.gz,type_masks,._topaneu_center1_mr_742.nii.gz,.nii.gz,4096,4.0,0.0039
type_masks\._topaneu_center1_mr_744.nii.gz,type_masks,._topaneu_center1_mr_744.nii.gz,.nii.gz,4096,4.0,0.0039
type_masks\._topaneu_center1_mr_750.nii.gz,type_masks,._topaneu_center1_mr_750.nii.gz,.nii.gz,4096,4.0,0.0039
type_masks\._topaneu_center1_mr_760.nii.gz,type_masks,._topaneu_center1_mr_760.nii.gz,.nii.gz,4096,4.0,0.0039
type_masks\._topaneu_center1_mr_763.nii.gz,type_masks,._topaneu_center1_mr_763.nii.gz,.nii.gz,4096,4.0,0.0039
type_masks\._topaneu_center1_mr_765.nii.gz,type_masks,._topaneu_center1_mr_765.nii.gz,.nii.gz,4096,4.0,0.0039
type_masks\._topaneu_center1_mr_770.nii.gz,type_masks,._topaneu_center1_mr_770.nii.gz,.nii.gz,4096,4.0,0.0039
type_masks\._topaneu_center1_mr_772.nii.gz,type_masks,._topaneu_center1_mr_772.nii.gz,.nii.gz,4096,4.0,0.0039
type_masks\._topaneu_center1_mr_774.nii.gz,type_masks,._topaneu_center1_mr_774.nii.gz,.nii.gz,4096,4.0,0.0039
type_masks\._topaneu_center1_mr_775.nii.gz,type_masks,._topaneu_center1_mr_775.nii.gz,.nii.gz,4096,4.0,0.0039
type_masks\._topaneu_center1_mr_776.nii.gz,type_masks,._topaneu_center1_mr_776.nii.gz,.nii.gz,4096,4.0,0.0039
type_masks\._topaneu_center1_mr_788.nii.gz,type_masks,._topaneu_center1_mr_788.nii.gz,.nii.gz,4096,4.0,0.0039
type_masks\._topaneu_center1_mr_789.nii.gz,type_masks,._topaneu_center1_mr_789.nii.gz,.nii.gz,4096,4.0,0.0039
type_masks\._topaneu_center1_mr_790.nii.gz,type_masks,._topaneu_center1_mr_790.nii.gz,.nii.gz,4096,4.0,0.0039
type_masks\._topaneu_center1_mr_792.nii.gz,type_masks,._topaneu_center1_mr_792.nii.gz,.nii.gz,4096,4.0,0.0039
type_masks\._topaneu_center1_mr_795.nii.gz,type_masks,._topaneu_center1_mr_795.nii.gz,.nii.gz,4096,4.0,0.0039
type_masks\._topaneu_center1_mr_797.nii.gz,type_masks,._topaneu_center1_mr_797.nii.gz,.nii.gz,4096,4.0,0.0039
type_masks\._topaneu_center1_mr_800.nii.gz,type_masks,._topaneu_center1_mr_800.nii.gz,.nii.gz,4096,4.0,0.0039
type_masks\._topaneu_center1_mr_804.nii.gz,type_masks,._topaneu_center1_mr_804.nii.gz,.nii.gz,4096,4.0,0.0039
type_masks\._topaneu_center1_mr_807.nii.gz,type_masks,._topaneu_center1_mr_807.nii.gz,.nii.gz,4096,4.0,0.0039
type_masks\._topaneu_center1_mr_810.nii.gz,type_masks,._topaneu_center1_mr_810.nii.gz,.nii.gz,4096,4.0,0.0039
type_masks\._topaneu_center1_mr_816.nii.gz,type_masks,._topaneu_center1_mr_816.nii.gz,.nii.gz,4096,4.0,0.0039
type_masks\._topaneu_center1_mr_819.nii.gz,type_masks,._topaneu_center1_mr_819.nii.gz,.nii.gz,4096,4.0,0.0039
type_masks\._topaneu_center1_mr_823.nii.gz,type_masks,._topaneu_center1_mr_823.nii.gz,.nii.gz,4096,4.0,0.0039
type_masks\._topaneu_center1_mr_840.nii.gz,type_masks,._topaneu_center1_mr_840.nii.gz,.nii.gz,4096,4.0,0.0039
type_masks\._topaneu_center1_mr_842.nii.gz,type_masks,._topaneu_center1_mr_842.nii.gz,.nii.gz,4096,4.0,0.0039
type_masks\._topaneu_center1_mr_848.nii.gz,type_masks,._topaneu_center1_mr_848.nii.gz,.nii.gz,4096,4.0,0.0039
type_masks\._topaneu_center1_mr_850.nii.gz,type_masks,._topaneu_center1_mr_850.nii.gz,.nii.gz,4096,4.0,0.0039
type_masks\._topaneu_center1_mr_871.nii.gz,type_masks,._topaneu_center1_mr_871.nii.gz,.nii.gz,4096,4.0,0.0039
type_masks\._topaneu_center1_mr_877.nii.gz,type_masks,._topaneu_center1_mr_877.nii.gz,.nii.gz,4096,4.0,0.0039
type_masks\._topaneu_center1_mr_891.nii.gz,type_masks,._topaneu_center1_mr_891.nii.gz,.nii.gz,4096,4.0,0.0039
type_masks\._topaneu_center1_mr_892.nii.gz,type_masks,._topaneu_center1_mr_892.nii.gz,.nii.gz,4096,4.0,0.0039
type_masks\._topaneu_center1_mr_895.nii.gz,type_masks,._topaneu_center1_mr_895.nii.gz,.nii.gz,4096,4.0,0.0039
type_masks\._topaneu_center1_mr_896.nii.gz,type_masks,._topaneu_center1_mr_896.nii.gz,.nii.gz,4096,4.0,0.0039
type_masks\._topaneu_center1_mr_902.nii.gz,type_masks,._topaneu_center1_mr_902.nii.gz,.nii.gz,4096,4.0,0.0039
type_masks\._topaneu_center1_mr_909.nii.gz,type_masks,._topaneu_center1_mr_909.nii.gz,.nii.gz,4096,4.0,0.0039
type_masks\._topaneu_center1_mr_910.nii.gz,type_masks,._topaneu_center1_mr_910.nii.gz,.nii.gz,4096,4.0,0.0039
type_masks\._topaneu_center1_mr_911.nii.gz,type_masks,._topaneu_center1_mr_911.nii.gz,.nii.gz,4096,4.0,0.0039
type_masks\._topaneu_center1_mr_917.nii.gz,type_masks,._topaneu_center1_mr_917.nii.gz,.nii.gz,4096,4.0,0.0039
type_masks\._topaneu_center1_mr_920.nii.gz,type_masks,._topaneu_center1_mr_920.nii.gz,.nii.gz,4096,4.0,0.0039
type_masks\._topaneu_center1_mr_921.nii.gz,type_masks,._topaneu_center1_mr_921.nii.gz,.nii.gz,4096,4.0,0.0039
type_masks\._topaneu_center1_mr_922.nii.gz,type_masks,._topaneu_center1_mr_922.nii.gz,.nii.gz,4096,4.0,0.0039
type_masks\._topaneu_center1_mr_924.nii.gz,type_masks,._topaneu_center1_mr_924.nii.gz,.nii.gz,4096,4.0,0.0039
type_masks\._topaneu_center1_mr_926.nii.gz,type_masks,._topaneu_center1_mr_926.nii.gz,.nii.gz,4096,4.0,0.0039
type_masks\._topaneu_center1_mr_928.nii.gz,type_masks,._topaneu_center1_mr_928.nii.gz,.nii.gz,4096,4.0,0.0039
type_masks\._topaneu_center1_mr_939.nii.gz,type_masks,._topaneu_center1_mr_939.nii.gz,.nii.gz,4096,4.0,0.0039
type_masks\._topaneu_center1_mr_940.nii.gz,type_masks,._topaneu_center1_mr_940.nii.gz,.nii.gz,4096,4.0,0.0039
type_masks\._topaneu_center1_mr_942.nii.gz,type_masks,._topaneu_center1_mr_942.nii.gz,.nii.gz,4096,4.0,0.0039
type_masks\._topaneu_center1_mr_944.nii.gz,type_masks,._topaneu_center1_mr_944.nii.gz,.nii.gz,4096,4.0,0.0039
type_masks\._topaneu_center1_mr_959.nii.gz,type_masks,._topaneu_center1_mr_959.nii.gz,.nii.gz,4096,4.0,0.0039
type_masks\._topaneu_center1_mr_961.nii.gz,type_masks,._topaneu_center1_mr_961.nii.gz,.nii.gz,4096,4.0,0.0039
type_masks\._topaneu_center1_mr_975.nii.gz,type_masks,._topaneu_center1_mr_975.nii.gz,.nii.gz,4096,4.0,0.0039
type_masks\._topaneu_center1_mr_981.nii.gz,type_masks,._topaneu_center1_mr_981.nii.gz,.nii.gz,4096,4.0,0.0039
type_masks\._topaneu_center1_mr_991.nii.gz,type_masks,._topaneu_center1_mr_991.nii.gz,.nii.gz,4096,4.0,0.0039
type_masks\._topaneu_center2_ct_105.nii.gz,type_masks,._topaneu_center2_ct_105.nii.gz,.nii.gz,4096,4.0,0.0039
type_masks\._topaneu_center2_ct_107.nii.gz,type_masks,._topaneu_center2_ct_107.nii.gz,.nii.gz,4096,4.0,0.0039
type_masks\._topaneu_center2_ct_108.nii.gz,type_masks,._topaneu_center2_ct_108.nii.gz,.nii.gz,4096,4.0,0.0039
type_masks\._topaneu_center2_ct_109.nii.gz,type_masks,._topaneu_center2_ct_109.nii.gz,.nii.gz,4096,4.0,0.0039
type_masks\._topaneu_center2_ct_112.nii.gz,type_masks,._topaneu_center2_ct_112.nii.gz,.nii.gz,4096,4.0,0.0039
type_masks\._topaneu_center2_ct_113.nii.gz,type_masks,._topaneu_center2_ct_113.nii.gz,.nii.gz,4096,4.0,0.0039
type_masks\._topaneu_center2_ct_118.nii.gz,type_masks,._topaneu_center2_ct_118.nii.gz,.nii.gz,4096,4.0,0.0039
type_masks\._topaneu_center2_ct_119.nii.gz,type_masks,._topaneu_center2_ct_119.nii.gz,.nii.gz,4096,4.0,0.0039
type_masks\._topaneu_center2_ct_120.nii.gz,type_masks,._topaneu_center2_ct_120.nii.gz,.nii.gz,4096,4.0,0.0039
type_masks\._topaneu_center2_ct_125.nii.gz,type_masks,._topaneu_center2_ct_125.nii.gz,.nii.gz,4096,4.0,0.0039
type_masks\._topaneu_center2_ct_126.nii.gz,type_masks,._topaneu_center2_ct_126.nii.gz,.nii.gz,4096,4.0,0.0039
type_masks\._topaneu_center2_ct_127.nii.gz,type_masks,._topaneu_center2_ct_127.nii.gz,.nii.gz,4096,4.0,0.0039
type_masks\._topaneu_center2_ct_128.nii.gz,type_masks,._topaneu_center2_ct_128.nii.gz,.nii.gz,4096,4.0,0.0039
type_masks\._topaneu_center2_ct_130.nii.gz,type_masks,._topaneu_center2_ct_130.nii.gz,.nii.gz,4096,4.0,0.0039
type_masks\._topaneu_center2_ct_134.nii.gz,type_masks,._topaneu_center2_ct_134.nii.gz,.nii.gz,4096,4.0,0.0039
type_masks\._topaneu_center2_ct_137.nii.gz,type_masks,._topaneu_center2_ct_137.nii.gz,.nii.gz,4096,4.0,0.0039
type_masks\._topaneu_center2_ct_138.nii.gz,type_masks,._topaneu_center2_ct_138.nii.gz,.nii.gz,4096,4.0,0.0039
type_masks\._topaneu_center2_ct_141.nii.gz,type_masks,._topaneu_center2_ct_141.nii.gz,.nii.gz,4096,4.0,0.0039
type_masks\._topaneu_center2_ct_142.nii.gz,type_masks,._topaneu_center2_ct_142.nii.gz,.nii.gz,4096,4.0,0.0039
type_masks\._topaneu_center2_ct_144.nii.gz,type_masks,._topaneu_center2_ct_144.nii.gz,.nii.gz,4096,4.0,0.0039
type_masks\._topaneu_center2_ct_147.nii.gz,type_masks,._topaneu_center2_ct_147.nii.gz,.nii.gz,4096,4.0,0.0039
type_masks\._topaneu_center2_ct_150.nii.gz,type_masks,._topaneu_center2_ct_150.nii.gz,.nii.gz,4096,4.0,0.0039
type_masks\._topaneu_center2_ct_154.nii.gz,type_masks,._topaneu_center2_ct_154.nii.gz,.nii.gz,4096,4.0,0.0039
type_masks\._topaneu_center2_ct_156.nii.gz,type_masks,._topaneu_center2_ct_156.nii.gz,.nii.gz,4096,4.0,0.0039
type_masks\._topaneu_center2_ct_160.nii.gz,type_masks,._topaneu_center2_ct_160.nii.gz,.nii.gz,4096,4.0,0.0039
type_masks\._topaneu_center2_ct_161.nii.gz,type_masks,._topaneu_center2_ct_161.nii.gz,.nii.gz,4096,4.0,0.0039
type_masks\._topaneu_center2_ct_162.nii.gz,type_masks,._topaneu_center2_ct_162.nii.gz,.nii.gz,4096,4.0,0.0039
type_masks\._topaneu_center2_ct_163.nii.gz,type_masks,._topaneu_center2_ct_163.nii.gz,.nii.gz,4096,4.0,0.0039
type_masks\._topaneu_center2_ct_164.nii.gz,type_masks,._topaneu_center2_ct_164.nii.gz,.nii.gz,4096,4.0,0.0039
type_masks\._topaneu_center2_ct_165.nii.gz,type_masks,._topaneu_center2_ct_165.nii.gz,.nii.gz,4096,4.0,0.0039
type_masks\._topaneu_center2_ct_166.nii.gz,type_masks,._topaneu_center2_ct_166.nii.gz,.nii.gz,4096,4.0,0.0039
type_masks\._topaneu_center2_ct_167.nii.gz,type_masks,._topaneu_center2_ct_167.nii.gz,.nii.gz,4096,4.0,0.0039
type_masks\._topaneu_center2_ct_169.nii.gz,type_masks,._topaneu_center2_ct_169.nii.gz,.nii.gz,4096,4.0,0.0039
type_masks\._topaneu_center2_ct_170.nii.gz,type_masks,._topaneu_center2_ct_170.nii.gz,.nii.gz,4096,4.0,0.0039
type_masks\._topaneu_center2_ct_171.nii.gz,type_masks,._topaneu_center2_ct_171.nii.gz,.nii.gz,4096,4.0,0.0039
type_masks\._topaneu_center2_ct_172.nii.gz,type_masks,._topaneu_center2_ct_172.nii.gz,.nii.gz,4096,4.0,0.0039
type_masks\._topaneu_center2_ct_173.nii.gz,type_masks,._topaneu_center2_ct_173.nii.gz,.nii.gz,4096,4.0,0.0039
type_masks\._topaneu_center2_ct_174.nii.gz,type_masks,._topaneu_center2_ct_174.nii.gz,.nii.gz,4096,4.0,0.0039
type_masks\._topaneu_center2_ct_175.nii.gz,type_masks,._topaneu_center2_ct_175.nii.gz,.nii.gz,4096,4.0,0.0039
type_masks\._topaneu_center2_ct_184.nii.gz,type_masks,._topaneu_center2_ct_184.nii.gz,.nii.gz,4096,4.0,0.0039
type_masks\._topaneu_center2_ct_189.nii.gz,type_masks,._topaneu_center2_ct_189.nii.gz,.nii.gz,4096,4.0,0.0039
type_masks\._topaneu_center2_ct_190.nii.gz,type_masks,._topaneu_center2_ct_190.nii.gz,.nii.gz,4096,4.0,0.0039
type_masks\._topaneu_center2_ct_191.nii.gz,type_masks,._topaneu_center2_ct_191.nii.gz,.nii.gz,4096,4.0,0.0039
type_masks\._topaneu_center2_ct_192.nii.gz,type_masks,._topaneu_center2_ct_192.nii.gz,.nii.gz,4096,4.0,0.0039
type_masks\._topaneu_center2_ct_193.nii.gz,type_masks,._topaneu_center2_ct_193.nii.gz,.nii.gz,4096,4.0,0.0039
type_masks\._topaneu_center2_ct_196.nii.gz,type_masks,._topaneu_center2_ct_196.nii.gz,.nii.gz,4096,4.0,0.0039
type_masks\._topaneu_center2_ct_197.nii.gz,type_masks,._topaneu_center2_ct_197.nii.gz,.nii.gz,4096,4.0,0.0039
type_masks\._topaneu_center2_mr_002.nii.gz,type_masks,._topaneu_center2_mr_002.nii.gz,.nii.gz,4096,4.0,0.0039
type_masks\._topaneu_center2_mr_004.nii.gz,type_masks,._topaneu_center2_mr_004.nii.gz,.nii.gz,4096,4.0,0.0039
type_masks\._topaneu_center2_mr_007.nii.gz,type_masks,._topaneu_center2_mr_007.nii.gz,.nii.gz,4096,4.0,0.0039
type_masks\._topaneu_center2_mr_010.nii.gz,type_masks,._topaneu_center2_mr_010.nii.gz,.nii.gz,4096,4.0,0.0039
type_masks\._topaneu_center2_mr_011.nii.gz,type_masks,._topaneu_center2_mr_011.nii.gz,.nii.gz,4096,4.0,0.0039
type_masks\._topaneu_center2_mr_012.nii.gz,type_masks,._topaneu_center2_mr_012.nii.gz,.nii.gz,4096,4.0,0.0039
type_masks\._topaneu_center2_mr_016.nii.gz,type_masks,._topaneu_center2_mr_016.nii.gz,.nii.gz,4096,4.0,0.0039
type_masks\._topaneu_center2_mr_017.nii.gz,type_masks,._topaneu_center2_mr_017.nii.gz,.nii.gz,4096,4.0,0.0039
type_masks\._topaneu_center2_mr_018.nii.gz,type_masks,._topaneu_center2_mr_018.nii.gz,.nii.gz,4096,4.0,0.0039
type_masks\._topaneu_center2_mr_019.nii.gz,type_masks,._topaneu_center2_mr_019.nii.gz,.nii.gz,4096,4.0,0.0039
type_masks\._topaneu_center2_mr_020.nii.gz,type_masks,._topaneu_center2_mr_020.nii.gz,.nii.gz,4096,4.0,0.0039
type_masks\._topaneu_center2_mr_025.nii.gz,type_masks,._topaneu_center2_mr_025.nii.gz,.nii.gz,4096,4.0,0.0039
type_masks\._topaneu_center2_mr_028.nii.gz,type_masks,._topaneu_center2_mr_028.nii.gz,.nii.gz,4096,4.0,0.0039
type_masks\._topaneu_center2_mr_029.nii.gz,type_masks,._topaneu_center2_mr_029.nii.gz,.nii.gz,4096,4.0,0.0039
type_masks\._topaneu_center2_mr_031.nii.gz,type_masks,._topaneu_center2_mr_031.nii.gz,.nii.gz,4096,4.0,0.0039
type_masks\._topaneu_center2_mr_032.nii.gz,type_masks,._topaneu_center2_mr_032.nii.gz,.nii.gz,4096,4.0,0.0039
type_masks\._topaneu_center2_mr_034.nii.gz,type_masks,._topaneu_center2_mr_034.nii.gz,.nii.gz,4096,4.0,0.0039
type_masks\._topaneu_center2_mr_035.nii.gz,type_masks,._topaneu_center2_mr_035.nii.gz,.nii.gz,4096,4.0,0.0039
type_masks\._topaneu_center2_mr_038.nii.gz,type_masks,._topaneu_center2_mr_038.nii.gz,.nii.gz,4096,4.0,0.0039
type_masks\._topaneu_center2_mr_042.nii.gz,type_masks,._topaneu_center2_mr_042.nii.gz,.nii.gz,4096,4.0,0.0039
type_masks\._topaneu_center2_mr_044.nii.gz,type_masks,._topaneu_center2_mr_044.nii.gz,.nii.gz,4096,4.0,0.0039
type_masks\._topaneu_center2_mr_047.nii.gz,type_masks,._topaneu_center2_mr_047.nii.gz,.nii.gz,4096,4.0,0.0039
type_masks\._topaneu_center2_mr_048.nii.gz,type_masks,._topaneu_center2_mr_048.nii.gz,.nii.gz,4096,4.0,0.0039
type_masks\._topaneu_center2_mr_049.nii.gz,type_masks,._topaneu_center2_mr_049.nii.gz,.nii.gz,4096,4.0,0.0039
type_masks\._topaneu_center2_mr_050.nii.gz,type_masks,._topaneu_center2_mr_050.nii.gz,.nii.gz,4096,4.0,0.0039
type_masks\._topaneu_center2_mr_051.nii.gz,type_masks,._topaneu_center2_mr_051.nii.gz,.nii.gz,4096,4.0,0.0039
type_masks\._topaneu_center2_mr_054.nii.gz,type_masks,._topaneu_center2_mr_054.nii.gz,.nii.gz,4096,4.0,0.0039
type_masks\._topaneu_center2_mr_055.nii.gz,type_masks,._topaneu_center2_mr_055.nii.gz,.nii.gz,4096,4.0,0.0039
type_masks\._topaneu_center2_mr_056.nii.gz,type_masks,._topaneu_center2_mr_056.nii.gz,.nii.gz,4096,4.0,0.0039
type_masks\._topaneu_center2_mr_057.nii.gz,type_masks,._topaneu_center2_mr_057.nii.gz,.nii.gz,4096,4.0,0.0039
type_masks\._topaneu_center2_mr_058.nii.gz,type_masks,._topaneu_center2_mr_058.nii.gz,.nii.gz,4096,4.0,0.0039
type_masks\._topaneu_center2_mr_069.nii.gz,type_masks,._topaneu_center2_mr_069.nii.gz,.nii.gz,4096,4.0,0.0039
type_masks\._topaneu_center2_mr_074.nii.gz,type_masks,._topaneu_center2_mr_074.nii.gz,.nii.gz,4096,4.0,0.0039
type_masks\._topaneu_center2_mr_077.nii.gz,type_masks,._topaneu_center2_mr_077.nii.gz,.nii.gz,4096,4.0,0.0039
type_masks\._topaneu_center2_mr_078.nii.gz,type_masks,._topaneu_center2_mr_078.nii.gz,.nii.gz,4096,4.0,0.0039
type_masks\._topaneu_center2_mr_079.nii.gz,type_masks,._topaneu_center2_mr_079.nii.gz,.nii.gz,4096,4.0,0.0039
type_masks\._topaneu_center2_mr_080.nii.gz,type_masks,._topaneu_center2_mr_080.nii.gz,.nii.gz,4096,4.0,0.0039
type_masks\._topaneu_center2_mr_083.nii.gz,type_masks,._topaneu_center2_mr_083.nii.gz,.nii.gz,4096,4.0,0.0039
type_masks\._topaneu_center2_mr_085.nii.gz,type_masks,._topaneu_center2_mr_085.nii.gz,.nii.gz,4096,4.0,0.0039
type_masks\._topaneu_center2_mr_086.nii.gz,type_masks,._topaneu_center2_mr_086.nii.gz,.nii.gz,4096,4.0,0.0039
type_masks\._topaneu_center4_ct_002.nii.gz,type_masks,._topaneu_center4_ct_002.nii.gz,.nii.gz,4096,4.0,0.0039
type_masks\._topaneu_center4_ct_005.nii.gz,type_masks,._topaneu_center4_ct_005.nii.gz,.nii.gz,4096,4.0,0.0039
type_masks\._topaneu_center4_ct_008_1.nii.gz,type_masks,._topaneu_center4_ct_008_1.nii.gz,.nii.gz,4096,4.0,0.0039
type_masks\._topaneu_center4_ct_008_2.nii.gz,type_masks,._topaneu_center4_ct_008_2.nii.gz,.nii.gz,4096,4.0,0.0039
type_masks\._topaneu_center4_ct_009.nii.gz,type_masks,._topaneu_center4_ct_009.nii.gz,.nii.gz,4096,4.0,0.0039
type_masks\._topaneu_center4_ct_012.nii.gz,type_masks,._topaneu_center4_ct_012.nii.gz,.nii.gz,4096,4.0,0.0039
type_masks\._topaneu_center4_ct_019.nii.gz,type_masks,._topaneu_center4_ct_019.nii.gz,.nii.gz,4096,4.0,0.0039
type_masks\._topaneu_center4_ct_020_1.nii.gz,type_masks,._topaneu_center4_ct_020_1.nii.gz,.nii.gz,4096,4.0,0.0039
type_masks\._topaneu_center4_ct_020_2.nii.gz,type_masks,._topaneu_center4_ct_020_2.nii.gz,.nii.gz,4096,4.0,0.0039
type_masks\._topaneu_center4_ct_020_3.nii.gz,type_masks,._topaneu_center4_ct_020_3.nii.gz,.nii.gz,4096,4.0,0.0039
type_masks\._topaneu_center4_ct_023.nii.gz,type_masks,._topaneu_center4_ct_023.nii.gz,.nii.gz,4096,4.0,0.0039
type_masks\._topaneu_center4_ct_025_1.nii.gz,type_masks,._topaneu_center4_ct_025_1.nii.gz,.nii.gz,4096,4.0,0.0039
type_masks\._topaneu_center4_ct_025_2.nii.gz,type_masks,._topaneu_center4_ct_025_2.nii.gz,.nii.gz,4096,4.0,0.0039
type_masks\._topaneu_center4_ct_030.nii.gz,type_masks,._topaneu_center4_ct_030.nii.gz,.nii.gz,4096,4.0,0.0039
type_masks\._topaneu_center4_ct_034_1.nii.gz,type_masks,._topaneu_center4_ct_034_1.nii.gz,.nii.gz,4096,4.0,0.0039
type_masks\._topaneu_center4_ct_034_2.nii.gz,type_masks,._topaneu_center4_ct_034_2.nii.gz,.nii.gz,4096,4.0,0.0039
type_masks\._topaneu_center4_ct_037.nii.gz,type_masks,._topaneu_center4_ct_037.nii.gz,.nii.gz,4096,4.0,0.0039
type_masks\._topaneu_center4_ct_041.nii.gz,type_masks,._topaneu_center4_ct_041.nii.gz,.nii.gz,4096,4.0,0.0039
type_masks\._topaneu_center4_ct_042_2.nii.gz,type_masks,._topaneu_center4_ct_042_2.nii.gz,.nii.gz,4096,4.0,0.0039
type_masks\._topaneu_center4_ct_045.nii.gz,type_masks,._topaneu_center4_ct_045.nii.gz,.nii.gz,4096,4.0,0.0039
type_masks\._topaneu_center4_ct_047.nii.gz,type_masks,._topaneu_center4_ct_047.nii.gz,.nii.gz,4096,4.0,0.0039
type_masks\._topaneu_center4_ct_048.nii.gz,type_masks,._topaneu_center4_ct_048.nii.gz,.nii.gz,4096,4.0,0.0039
type_masks\._topaneu_center4_ct_051_1.nii.gz,type_masks,._topaneu_center4_ct_051_1.nii.gz,.nii.gz,4096,4.0,0.0039
type_masks\._topaneu_center4_ct_051_2.nii.gz,type_masks,._topaneu_center4_ct_051_2.nii.gz,.nii.gz,4096,4.0,0.0039
type_masks\._topaneu_center4_ct_055.nii.gz,type_masks,._topaneu_center4_ct_055.nii.gz,.nii.gz,4096,4.0,0.0039
type_masks\._topaneu_center4_ct_057.nii.gz,type_masks,._topaneu_center4_ct_057.nii.gz,.nii.gz,4096,4.0,0.0039
type_masks\._topaneu_center4_ct_059.nii.gz,type_masks,._topaneu_center4_ct_059.nii.gz,.nii.gz,4096,4.0,0.0039
type_masks\._topaneu_center4_ct_060.nii.gz,type_masks,._topaneu_center4_ct_060.nii.gz,.nii.gz,4096,4.0,0.0039
type_masks\._topaneu_center4_ct_062_1.nii.gz,type_masks,._topaneu_center4_ct_062_1.nii.gz,.nii.gz,4096,4.0,0.0039
type_masks\._topaneu_center4_ct_062_2.nii.gz,type_masks,._topaneu_center4_ct_062_2.nii.gz,.nii.gz,4096,4.0,0.0039
type_masks\._topaneu_center4_ct_063.nii.gz,type_masks,._topaneu_center4_ct_063.nii.gz,.nii.gz,4096,4.0,0.0039
type_masks\._topaneu_center4_ct_064.nii.gz,type_masks,._topaneu_center4_ct_064.nii.gz,.nii.gz,4096,4.0,0.0039
type_masks\._topaneu_center4_ct_065.nii.gz,type_masks,._topaneu_center4_ct_065.nii.gz,.nii.gz,4096,4.0,0.0039
type_masks\._topaneu_center4_ct_067.nii.gz,type_masks,._topaneu_center4_ct_067.nii.gz,.nii.gz,4096,4.0,0.0039
type_masks\._topaneu_center4_ct_070.nii.gz,type_masks,._topaneu_center4_ct_070.nii.gz,.nii.gz,4096,4.0,0.0039
type_masks\._topaneu_center4_ct_072.nii.gz,type_masks,._topaneu_center4_ct_072.nii.gz,.nii.gz,4096,4.0,0.0039
type_masks\._topaneu_center4_ct_074.nii.gz,type_masks,._topaneu_center4_ct_074.nii.gz,.nii.gz,4096,4.0,0.0039
type_masks\._topaneu_center4_ct_083.nii.gz,type_masks,._topaneu_center4_ct_083.nii.gz,.nii.gz,4096,4.0,0.0039
type_masks\._topaneu_center4_ct_087.nii.gz,type_masks,._topaneu_center4_ct_087.nii.gz,.nii.gz,4096,4.0,0.0039
type_masks\._topaneu_center4_ct_093.nii.gz,type_masks,._topaneu_center4_ct_093.nii.gz,.nii.gz,4096,4.0,0.0039
type_masks\._topaneu_center4_ct_094.nii.gz,type_masks,._topaneu_center4_ct_094.nii.gz,.nii.gz,4096,4.0,0.0039
type_masks\._topaneu_center4_ct_097.nii.gz,type_masks,._topaneu_center4_ct_097.nii.gz,.nii.gz,4096,4.0,0.0039
type_masks\._topaneu_center4_ct_101.nii.gz,type_masks,._topaneu_center4_ct_101.nii.gz,.nii.gz,4096,4.0,0.0039
type_masks\._topaneu_center4_ct_102.nii.gz,type_masks,._topaneu_center4_ct_102.nii.gz,.nii.gz,4096,4.0,0.0039
type_masks\._topaneu_center4_ct_103.nii.gz,type_masks,._topaneu_center4_ct_103.nii.gz,.nii.gz,4096,4.0,0.0039
type_masks\._topaneu_center4_ct_104.nii.gz,type_masks,._topaneu_center4_ct_104.nii.gz,.nii.gz,4096,4.0,0.0039
type_masks\._topaneu_center4_ct_105.nii.gz,type_masks,._topaneu_center4_ct_105.nii.gz,.nii.gz,4096,4.0,0.0039
type_masks\._topaneu_center4_ct_106.nii.gz,type_masks,._topaneu_center4_ct_106.nii.gz,.nii.gz,4096,4.0,0.0039
type_masks\._topaneu_center4_ct_107.nii.gz,type_masks,._topaneu_center4_ct_107.nii.gz,.nii.gz,4096,4.0,0.0039
type_masks\._topaneu_center4_ct_108.nii.gz,type_masks,._topaneu_center4_ct_108.nii.gz,.nii.gz,4096,4.0,0.0039
type_masks\._topaneu_center4_ct_115.nii.gz,type_masks,._topaneu_center4_ct_115.nii.gz,.nii.gz,4096,4.0,0.0039
type_masks\._topaneu_center4_ct_116.nii.gz,type_masks,._topaneu_center4_ct_116.nii.gz,.nii.gz,4096,4.0,0.0039
type_masks\._topaneu_center4_ct_119.nii.gz,type_masks,._topaneu_center4_ct_119.nii.gz,.nii.gz,4096,4.0,0.0039
type_masks\._topaneu_center4_ct_122.nii.gz,type_masks,._topaneu_center4_ct_122.nii.gz,.nii.gz,4096,4.0,0.0039
type_masks\._topaneu_center4_ct_127.nii.gz,type_masks,._topaneu_center4_ct_127.nii.gz,.nii.gz,4096,4.0,0.0039
type_masks\._topaneu_center4_ct_129.nii.gz,type_masks,._topaneu_center4_ct_129.nii.gz,.nii.gz,4096,4.0,0.0039
type_masks\._topaneu_center4_ct_134.nii.gz,type_masks,._topaneu_center4_ct_134.nii.gz,.nii.gz,4096,4.0,0.0039
type_masks\._topaneu_center4_ct_140.nii.gz,type_masks,._topaneu_center4_ct_140.nii.gz,.nii.gz,4096,4.0,0.0039
type_masks\._topaneu_center4_ct_193.nii.gz,type_masks,._topaneu_center4_ct_193.nii.gz,.nii.gz,4096,4.0,0.0039
type_masks\._topaneu_center4_ct_200.nii.gz,type_masks,._topaneu_center4_ct_200.nii.gz,.nii.gz,4096,4.0,0.0039
type_masks\._topaneu_center4_ct_201.nii.gz,type_masks,._topaneu_center4_ct_201.nii.gz,.nii.gz,4096,4.0,0.0039
type_masks\._topaneu_center5_mr_007.nii.gz,type_masks,._topaneu_center5_mr_007.nii.gz,.nii.gz,4096,4.0,0.0039
type_masks\._topaneu_center5_mr_009.nii.gz,type_masks,._topaneu_center5_mr_009.nii.gz,.nii.gz,4096,4.0,0.0039
type_masks\._topaneu_center5_mr_010.nii.gz,type_masks,._topaneu_center5_mr_010.nii.gz,.nii.gz,4096,4.0,0.0039
type_masks\._topaneu_center5_mr_011.nii.gz,type_masks,._topaneu_center5_mr_011.nii.gz,.nii.gz,4096,4.0,0.0039
type_masks\._topaneu_center5_mr_015.nii.gz,type_masks,._topaneu_center5_mr_015.nii.gz,.nii.gz,4096,4.0,0.0039
type_masks\._topaneu_center5_mr_016.nii.gz,type_masks,._topaneu_center5_mr_016.nii.gz,.nii.gz,4096,4.0,0.0039
type_masks\._topaneu_center5_mr_021.nii.gz,type_masks,._topaneu_center5_mr_021.nii.gz,.nii.gz,4096,4.0,0.0039
type_masks\._topaneu_center5_mr_022.nii.gz,type_masks,._topaneu_center5_mr_022.nii.gz,.nii.gz,4096,4.0,0.0039
type_masks\._topaneu_center5_mr_023.nii.gz,type_masks,._topaneu_center5_mr_023.nii.gz,.nii.gz,4096,4.0,0.0039
type_masks\._topaneu_center5_mr_024.nii.gz,type_masks,._topaneu_center5_mr_024.nii.gz,.nii.gz,4096,4.0,0.0039
type_masks\._topaneu_center5_mr_025.nii.gz,type_masks,._topaneu_center5_mr_025.nii.gz,.nii.gz,4096,4.0,0.0039
type_masks\._topaneu_center5_mr_027.nii.gz,type_masks,._topaneu_center5_mr_027.nii.gz,.nii.gz,4096,4.0,0.0039
type_masks\._topaneu_center5_mr_028.nii.gz,type_masks,._topaneu_center5_mr_028.nii.gz,.nii.gz,4096,4.0,0.0039
type_masks\._topaneu_center5_mr_029.nii.gz,type_masks,._topaneu_center5_mr_029.nii.gz,.nii.gz,4096,4.0,0.0039
type_masks\._topaneu_center5_mr_030.nii.gz,type_masks,._topaneu_center5_mr_030.nii.gz,.nii.gz,4096,4.0,0.0039
type_masks\._topaneu_center5_mr_031.nii.gz,type_masks,._topaneu_center5_mr_031.nii.gz,.nii.gz,4096,4.0,0.0039
type_masks\._topaneu_center5_mr_032.nii.gz,type_masks,._topaneu_center5_mr_032.nii.gz,.nii.gz,4096,4.0,0.0039
type_masks\._topaneu_center5_mr_033.nii.gz,type_masks,._topaneu_center5_mr_033.nii.gz,.nii.gz,4096,4.0,0.0039
type_masks\._topaneu_center5_mr_034.nii.gz,type_masks,._topaneu_center5_mr_034.nii.gz,.nii.gz,4096,4.0,0.0039
type_masks\._topaneu_center5_mr_036.nii.gz,type_masks,._topaneu_center5_mr_036.nii.gz,.nii.gz,4096,4.0,0.0039
type_masks\._topaneu_center5_mr_037.nii.gz,type_masks,._topaneu_center5_mr_037.nii.gz,.nii.gz,4096,4.0,0.0039
type_masks\._topaneu_center5_mr_038.nii.gz,type_masks,._topaneu_center5_mr_038.nii.gz,.nii.gz,4096,4.0,0.0039
type_masks\._topaneu_center5_mr_039.nii.gz,type_masks,._topaneu_center5_mr_039.nii.gz,.nii.gz,4096,4.0,0.0039
type_masks\._topaneu_center5_mr_041.nii.gz,type_masks,._topaneu_center5_mr_041.nii.gz,.nii.gz,4096,4.0,0.0039
type_masks\._topaneu_center5_mr_052.nii.gz,type_masks,._topaneu_center5_mr_052.nii.gz,.nii.gz,4096,4.0,0.0039
type_masks\._topaneu_center5_mr_061.nii.gz,type_masks,._topaneu_center5_mr_061.nii.gz,.nii.gz,4096,4.0,0.0039
type_masks\._topaneu_center5_mr_063.nii.gz,type_masks,._topaneu_center5_mr_063.nii.gz,.nii.gz,4096,4.0,0.0039
type_masks\._topaneu_center5_mr_068.nii.gz,type_masks,._topaneu_center5_mr_068.nii.gz,.nii.gz,4096,4.0,0.0039
type_masks\._topaneu_center5_mr_074.nii.gz,type_masks,._topaneu_center5_mr_074.nii.gz,.nii.gz,4096,4.0,0.0039
type_masks\._topaneu_center5_mr_079.nii.gz,type_masks,._topaneu_center5_mr_079.nii.gz,.nii.gz,4096,4.0,0.0039
type_masks\._topaneu_center5_mr_081.nii.gz,type_masks,._topaneu_center5_mr_081.nii.gz,.nii.gz,4096,4.0,0.0039
type_masks\._topaneu_center5_mr_082.nii.gz,type_masks,._topaneu_center5_mr_082.nii.gz,.nii.gz,4096,4.0,0.0039
type_masks\._topaneu_center5_mr_451.nii.gz,type_masks,._topaneu_center5_mr_451.nii.gz,.nii.gz,4096,4.0,0.0039
type_masks\._topaneu_center5_mr_452.nii.gz,type_masks,._topaneu_center5_mr_452.nii.gz,.nii.gz,4096,4.0,0.0039
type_masks\._topaneu_center5_mr_453.nii.gz,type_masks,._topaneu_center5_mr_453.nii.gz,.nii.gz,4096,4.0,0.0039
type_masks\._topaneu_center5_mr_454.nii.gz,type_masks,._topaneu_center5_mr_454.nii.gz,.nii.gz,4096,4.0,0.0039
type_masks\._topaneu_center5_mr_455.nii.gz,type_masks,._topaneu_center5_mr_455.nii.gz,.nii.gz,4096,4.0,0.0039
type_masks\._topaneu_center5_mr_457.nii.gz,type_masks,._topaneu_center5_mr_457.nii.gz,.nii.gz,4096,4.0,0.0039
type_masks\._topaneu_center5_mr_458.nii.gz,type_masks,._topaneu_center5_mr_458.nii.gz,.nii.gz,4096,4.0,0.0039
type_masks\._topaneu_center5_mr_459.nii.gz,type_masks,._topaneu_center5_mr_459.nii.gz,.nii.gz,4096,4.0,0.0039
type_masks\._topaneu_center5_mr_460.nii.gz,type_masks,._topaneu_center5_mr_460.nii.gz,.nii.gz,4096,4.0,0.0039
type_masks\._topaneu_center5_mr_461.nii.gz,type_masks,._topaneu_center5_mr_461.nii.gz,.nii.gz,4096,4.0,0.0039
type_masks\._topaneu_center5_mr_462.nii.gz,type_masks,._topaneu_center5_mr_462.nii.gz,.nii.gz,4096,4.0,0.0039
type_masks\._topaneu_center5_mr_464.nii.gz,type_masks,._topaneu_center5_mr_464.nii.gz,.nii.gz,4096,4.0,0.0039
type_masks\._topaneu_center5_mr_465.nii.gz,type_masks,._topaneu_center5_mr_465.nii.gz,.nii.gz,4096,4.0,0.0039
type_masks\._topaneu_center5_mr_466.nii.gz,type_masks,._topaneu_center5_mr_466.nii.gz,.nii.gz,4096,4.0,0.0039
type_masks\._topaneu_center5_mr_467.nii.gz,type_masks,._topaneu_center5_mr_467.nii.gz,.nii.gz,4096,4.0,0.0039
type_masks\._topaneu_center5_mr_469.nii.gz,type_masks,._topaneu_center5_mr_469.nii.gz,.nii.gz,4096,4.0,0.0039
type_masks\._topaneu_center5_mr_470.nii.gz,type_masks,._topaneu_center5_mr_470.nii.gz,.nii.gz,4096,4.0,0.0039
type_masks\._topaneu_center5_mr_471.nii.gz,type_masks,._topaneu_center5_mr_471.nii.gz,.nii.gz,4096,4.0,0.0039
type_masks\._topaneu_center5_mr_472.nii.gz,type_masks,._topaneu_center5_mr_472.nii.gz,.nii.gz,4096,4.0,0.0039
type_masks\._topaneu_center5_mr_473.nii.gz,type_masks,._topaneu_center5_mr_473.nii.gz,.nii.gz,4096,4.0,0.0039
type_masks\._topaneu_center5_mr_474.nii.gz,type_masks,._topaneu_center5_mr_474.nii.gz,.nii.gz,4096,4.0,0.0039
type_masks\._topaneu_center5_mr_475.nii.gz,type_masks,._topaneu_center5_mr_475.nii.gz,.nii.gz,4096,4.0,0.0039
type_masks\._topaneu_center5_mr_476.nii.gz,type_masks,._topaneu_center5_mr_476.nii.gz,.nii.gz,4096,4.0,0.0039
type_masks\._topaneu_center5_mr_478.nii.gz,type_masks,._topaneu_center5_mr_478.nii.gz,.nii.gz,4096,4.0,0.0039
type_masks\._topaneu_center5_mr_479.nii.gz,type_masks,._topaneu_center5_mr_479.nii.gz,.nii.gz,4096,4.0,0.0039
type_masks\._topaneu_center5_mr_480.nii.gz,type_masks,._topaneu_center5_mr_480.nii.gz,.nii.gz,4096,4.0,0.0039
type_masks\._topaneu_center5_mr_481.nii.gz,type_masks,._topaneu_center5_mr_481.nii.gz,.nii.gz,4096,4.0,0.0039
type_masks\._topaneu_center5_mr_484.nii.gz,type_masks,._topaneu_center5_mr_484.nii.gz,.nii.gz,4096,4.0,0.0039
type_masks\._topaneu_center5_mr_485.nii.gz,type_masks,._topaneu_center5_mr_485.nii.gz,.nii.gz,4096,4.0,0.0039
type_masks\._topaneu_center5_mr_486.nii.gz,type_masks,._topaneu_center5_mr_486.nii.gz,.nii.gz,4096,4.0,0.0039
type_masks\._topaneu_center5_mr_487.nii.gz,type_masks,._topaneu_center5_mr_487.nii.gz,.nii.gz,4096,4.0,0.0039
type_masks\._topaneu_center5_mr_488.nii.gz,type_masks,._topaneu_center5_mr_488.nii.gz,.nii.gz,4096,4.0,0.0039
type_masks\._topaneu_center5_mr_489.nii.gz,type_masks,._topaneu_center5_mr_489.nii.gz,.nii.gz,4096,4.0,0.0039
type_masks\._topaneu_center5_mr_490.nii.gz,type_masks,._topaneu_center5_mr_490.nii.gz,.nii.gz,4096,4.0,0.0039
type_masks\._topaneu_center5_mr_491.nii.gz,type_masks,._topaneu_center5_mr_491.nii.gz,.nii.gz,4096,4.0,0.0039
type_masks\._topaneu_center5_mr_492.nii.gz,type_masks,._topaneu_center5_mr_492.nii.gz,.nii.gz,4096,4.0,0.0039
type_masks\topaneu_center1_mr_001.nii.gz,type_masks,topaneu_center1_mr_001.nii.gz,.nii.gz,38677,37.77,0.0369
type_masks\topaneu_center1_mr_005.nii.gz,type_masks,topaneu_center1_mr_005.nii.gz,.nii.gz,42141,41.15,0.0402
type_masks\topaneu_center1_mr_016.nii.gz,type_masks,topaneu_center1_mr_016.nii.gz,.nii.gz,36430,35.58,0.0347
type_masks\topaneu_center1_mr_017.nii.gz,type_masks,topaneu_center1_mr_017.nii.gz,.nii.gz,43682,42.66,0.0417
type_masks\topaneu_center1_mr_018.nii.gz,type_masks,topaneu_center1_mr_018.nii.gz,.nii.gz,37691,36.81,0.0359
type_masks\topaneu_center1_mr_024.nii.gz,type_masks,topaneu_center1_mr_024.nii.gz,.nii.gz,60824,59.4,0.058
type_masks\topaneu_center1_mr_028.nii.gz,type_masks,topaneu_center1_mr_028.nii.gz,.nii.gz,39191,38.27,0.0374
type_masks\topaneu_center1_mr_029.nii.gz,type_masks,topaneu_center1_mr_029.nii.gz,.nii.gz,54014,52.75,0.0515
type_masks\topaneu_center1_mr_033.nii.gz,type_masks,topaneu_center1_mr_033.nii.gz,.nii.gz,76111,74.33,0.0726
type_masks\topaneu_center1_mr_038.nii.gz,type_masks,topaneu_center1_mr_038.nii.gz,.nii.gz,92780,90.61,0.0885
type_masks\topaneu_center1_mr_049.nii.gz,type_masks,topaneu_center1_mr_049.nii.gz,.nii.gz,33945,33.15,0.0324
type_masks\topaneu_center1_mr_050.nii.gz,type_masks,topaneu_center1_mr_050.nii.gz,.nii.gz,42328,41.34,0.0404
type_masks\topaneu_center1_mr_053.nii.gz,type_masks,topaneu_center1_mr_053.nii.gz,.nii.gz,24850,24.27,0.0237
type_masks\topaneu_center1_mr_056.nii.gz,type_masks,topaneu_center1_mr_056.nii.gz,.nii.gz,41684,40.71,0.0398
type_masks\topaneu_center1_mr_061.nii.gz,type_masks,topaneu_center1_mr_061.nii.gz,.nii.gz,37621,36.74,0.0359
type_masks\topaneu_center1_mr_064.nii.gz,type_masks,topaneu_center1_mr_064.nii.gz,.nii.gz,43907,42.88,0.0419
type_masks\topaneu_center1_mr_076.nii.gz,type_masks,topaneu_center1_mr_076.nii.gz,.nii.gz,32256,31.5,0.0308
type_masks\topaneu_center1_mr_085.nii.gz,type_masks,topaneu_center1_mr_085.nii.gz,.nii.gz,75380,73.61,0.0719
type_masks\topaneu_center1_mr_088.nii.gz,type_masks,topaneu_center1_mr_088.nii.gz,.nii.gz,39805,38.87,0.038
type_masks\topaneu_center1_mr_092.nii.gz,type_masks,topaneu_center1_mr_092.nii.gz,.nii.gz,56635,55.31,0.054
type_masks\topaneu_center1_mr_113.nii.gz,type_masks,topaneu_center1_mr_113.nii.gz,.nii.gz,42453,41.46,0.0405
type_masks\topaneu_center1_mr_119.nii.gz,type_masks,topaneu_center1_mr_119.nii.gz,.nii.gz,30053,29.35,0.0287
type_masks\topaneu_center1_mr_121.nii.gz,type_masks,topaneu_center1_mr_121.nii.gz,.nii.gz,33439,32.66,0.0319
type_masks\topaneu_center1_mr_129.nii.gz,type_masks,topaneu_center1_mr_129.nii.gz,.nii.gz,64576,63.06,0.0616
type_masks\topaneu_center1_mr_136.nii.gz,type_masks,topaneu_center1_mr_136.nii.gz,.nii.gz,33871,33.08,0.0323
type_masks\topaneu_center1_mr_138.nii.gz,type_masks,topaneu_center1_mr_138.nii.gz,.nii.gz,35977,35.13,0.0343
type_masks\topaneu_center1_mr_144.nii.gz,type_masks,topaneu_center1_mr_144.nii.gz,.nii.gz,40057,39.12,0.0382
type_masks\topaneu_center1_mr_147.nii.gz,type_masks,topaneu_center1_mr_147.nii.gz,.nii.gz,33948,33.15,0.0324
type_masks\topaneu_center1_mr_148.nii.gz,type_masks,topaneu_center1_mr_148.nii.gz,.nii.gz,31082,30.35,0.0296
type_masks\topaneu_center1_mr_149.nii.gz,type_masks,topaneu_center1_mr_149.nii.gz,.nii.gz,40171,39.23,0.0383
type_masks\topaneu_center1_mr_157.nii.gz,type_masks,topaneu_center1_mr_157.nii.gz,.nii.gz,35102,34.28,0.0335
type_masks\topaneu_center1_mr_173.nii.gz,type_masks,topaneu_center1_mr_173.nii.gz,.nii.gz,36717,35.86,0.035
type_masks\topaneu_center1_mr_177.nii.gz,type_masks,topaneu_center1_mr_177.nii.gz,.nii.gz,68812,67.2,0.0656
type_masks\topaneu_center1_mr_178.nii.gz,type_masks,topaneu_center1_mr_178.nii.gz,.nii.gz,39954,39.02,0.0381
type_masks\topaneu_center1_mr_184.nii.gz,type_masks,topaneu_center1_mr_184.nii.gz,.nii.gz,71159,69.49,0.0679
type_masks\topaneu_center1_mr_188.nii.gz,type_masks,topaneu_center1_mr_188.nii.gz,.nii.gz,34722,33.91,0.0331
type_masks\topaneu_center1_mr_189.nii.gz,type_masks,topaneu_center1_mr_189.nii.gz,.nii.gz,90279,88.16,0.0861
type_masks\topaneu_center1_mr_191.nii.gz,type_masks,topaneu_center1_mr_191.nii.gz,.nii.gz,72556,70.86,0.0692
type_masks\topaneu_center1_mr_193.nii.gz,type_masks,topaneu_center1_mr_193.nii.gz,.nii.gz,23118,22.58,0.022
type_masks\topaneu_center1_mr_195.nii.gz,type_masks,topaneu_center1_mr_195.nii.gz,.nii.gz,36092,35.25,0.0344
type_masks\topaneu_center1_mr_198.nii.gz,type_masks,topaneu_center1_mr_198.nii.gz,.nii.gz,38068,37.18,0.0363
type_masks\topaneu_center1_mr_200.nii.gz,type_masks,topaneu_center1_mr_200.nii.gz,.nii.gz,363683,355.16,0.3468
type_masks\topaneu_center1_mr_202.nii.gz,type_masks,topaneu_center1_mr_202.nii.gz,.nii.gz,31923,31.17,0.0304
type_masks\topaneu_center1_mr_210.nii.gz,type_masks,topaneu_center1_mr_210.nii.gz,.nii.gz,64327,62.82,0.0613
type_masks\topaneu_center1_mr_211.nii.gz,type_masks,topaneu_center1_mr_211.nii.gz,.nii.gz,39503,38.58,0.0377
type_masks\topaneu_center1_mr_213.nii.gz,type_masks,topaneu_center1_mr_213.nii.gz,.nii.gz,45511,44.44,0.0434
type_masks\topaneu_center1_mr_221.nii.gz,type_masks,topaneu_center1_mr_221.nii.gz,.nii.gz,38587,37.68,0.0368
type_masks\topaneu_center1_mr_229.nii.gz,type_masks,topaneu_center1_mr_229.nii.gz,.nii.gz,37088,36.22,0.0354
type_masks\topaneu_center1_mr_241.nii.gz,type_masks,topaneu_center1_mr_241.nii.gz,.nii.gz,45028,43.97,0.0429
type_masks\topaneu_center1_mr_247.nii.gz,type_masks,topaneu_center1_mr_247.nii.gz,.nii.gz,43452,42.43,0.0414
type_masks\topaneu_center1_mr_251.nii.gz,type_masks,topaneu_center1_mr_251.nii.gz,.nii.gz,118694,115.91,0.1132
type_masks\topaneu_center1_mr_262.nii.gz,type_masks,topaneu_center1_mr_262.nii.gz,.nii.gz,85992,83.98,0.082
type_masks\topaneu_center1_mr_264.nii.gz,type_masks,topaneu_center1_mr_264.nii.gz,.nii.gz,39959,39.02,0.0381
type_masks\topaneu_center1_mr_282.nii.gz,type_masks,topaneu_center1_mr_282.nii.gz,.nii.gz,40814,39.86,0.0389
type_masks\topaneu_center1_mr_287.nii.gz,type_masks,topaneu_center1_mr_287.nii.gz,.nii.gz,37771,36.89,0.036
type_masks\topaneu_center1_mr_290.nii.gz,type_masks,topaneu_center1_mr_290.nii.gz,.nii.gz,34067,33.27,0.0325
type_masks\topaneu_center1_mr_298.nii.gz,type_masks,topaneu_center1_mr_298.nii.gz,.nii.gz,74185,72.45,0.0707
type_masks\topaneu_center1_mr_299.nii.gz,type_masks,topaneu_center1_mr_299.nii.gz,.nii.gz,52824,51.59,0.0504
type_masks\topaneu_center1_mr_301.nii.gz,type_masks,topaneu_center1_mr_301.nii.gz,.nii.gz,63329,61.84,0.0604
type_masks\topaneu_center1_mr_302.nii.gz,type_masks,topaneu_center1_mr_302.nii.gz,.nii.gz,80464,78.58,0.0767
type_masks\topaneu_center1_mr_308.nii.gz,type_masks,topaneu_center1_mr_308.nii.gz,.nii.gz,76173,74.39,0.0726
type_masks\topaneu_center1_mr_311.nii.gz,type_masks,topaneu_center1_mr_311.nii.gz,.nii.gz,38257,37.36,0.0365
type_masks\topaneu_center1_mr_316.nii.gz,type_masks,topaneu_center1_mr_316.nii.gz,.nii.gz,42156,41.17,0.0402
type_masks\topaneu_center1_mr_325.nii.gz,type_masks,topaneu_center1_mr_325.nii.gz,.nii.gz,52837,51.6,0.0504
type_masks\topaneu_center1_mr_327.nii.gz,type_masks,topaneu_center1_mr_327.nii.gz,.nii.gz,41353,40.38,0.0394
type_masks\topaneu_center1_mr_330.nii.gz,type_masks,topaneu_center1_mr_330.nii.gz,.nii.gz,34082,33.28,0.0325
type_masks\topaneu_center1_mr_334.nii.gz,type_masks,topaneu_center1_mr_334.nii.gz,.nii.gz,36064,35.22,0.0344
type_masks\topaneu_center1_mr_336.nii.gz,type_masks,topaneu_center1_mr_336.nii.gz,.nii.gz,65545,64.01,0.0625
type_masks\topaneu_center1_mr_342.nii.gz,type_masks,topaneu_center1_mr_342.nii.gz,.nii.gz,83467,81.51,0.0796
type_masks\topaneu_center1_mr_349.nii.gz,type_masks,topaneu_center1_mr_349.nii.gz,.nii.gz,40769,39.81,0.0389
type_masks\topaneu_center1_mr_350.nii.gz,type_masks,topaneu_center1_mr_350.nii.gz,.nii.gz,31444,30.71,0.03
type_masks\topaneu_center1_mr_354.nii.gz,type_masks,topaneu_center1_mr_354.nii.gz,.nii.gz,57497,56.15,0.0548
type_masks\topaneu_center1_mr_359.nii.gz,type_masks,topaneu_center1_mr_359.nii.gz,.nii.gz,46394,45.31,0.0442
type_masks\topaneu_center1_mr_364.nii.gz,type_masks,topaneu_center1_mr_364.nii.gz,.nii.gz,31260,30.53,0.0298
type_masks\topaneu_center1_mr_365.nii.gz,type_masks,topaneu_center1_mr_365.nii.gz,.nii.gz,41356,40.39,0.0394
type_masks\topaneu_center1_mr_374.nii.gz,type_masks,topaneu_center1_mr_374.nii.gz,.nii.gz,43165,42.15,0.0412
type_masks\topaneu_center1_mr_386.nii.gz,type_masks,topaneu_center1_mr_386.nii.gz,.nii.gz,38079,37.19,0.0363
type_masks\topaneu_center1_mr_393.nii.gz,type_masks,topaneu_center1_mr_393.nii.gz,.nii.gz,37656,36.77,0.0359
type_masks\topaneu_center1_mr_396.nii.gz,type_masks,topaneu_center1_mr_396.nii.gz,.nii.gz,24534,23.96,0.0234
type_masks\topaneu_center1_mr_398.nii.gz,type_masks,topaneu_center1_mr_398.nii.gz,.nii.gz,41622,40.65,0.0397
type_masks\topaneu_center1_mr_401.nii.gz,type_masks,topaneu_center1_mr_401.nii.gz,.nii.gz,69593,67.96,0.0664
type_masks\topaneu_center1_mr_411.nii.gz,type_masks,topaneu_center1_mr_411.nii.gz,.nii.gz,76271,74.48,0.0727
type_masks\topaneu_center1_mr_414.nii.gz,type_masks,topaneu_center1_mr_414.nii.gz,.nii.gz,37770,36.88,0.036
type_masks\topaneu_center1_mr_419.nii.gz,type_masks,topaneu_center1_mr_419.nii.gz,.nii.gz,83550,81.59,0.0797
type_masks\topaneu_center1_mr_428.nii.gz,type_masks,topaneu_center1_mr_428.nii.gz,.nii.gz,62476,61.01,0.0596
type_masks\topaneu_center1_mr_436.nii.gz,type_masks,topaneu_center1_mr_436.nii.gz,.nii.gz,25543,24.94,0.0244
type_masks\topaneu_center1_mr_439.nii.gz,type_masks,topaneu_center1_mr_439.nii.gz,.nii.gz,37151,36.28,0.0354
type_masks\topaneu_center1_mr_443.nii.gz,type_masks,topaneu_center1_mr_443.nii.gz,.nii.gz,24092,23.53,0.023
type_masks\topaneu_center1_mr_463.nii.gz,type_masks,topaneu_center1_mr_463.nii.gz,.nii.gz,53809,52.55,0.0513
type_masks\topaneu_center1_mr_474.nii.gz,type_masks,topaneu_center1_mr_474.nii.gz,.nii.gz,39017,38.1,0.0372
type_masks\topaneu_center1_mr_477.nii.gz,type_masks,topaneu_center1_mr_477.nii.gz,.nii.gz,36220,35.37,0.0345
type_masks\topaneu_center1_mr_483.nii.gz,type_masks,topaneu_center1_mr_483.nii.gz,.nii.gz,35534,34.7,0.0339
type_masks\topaneu_center1_mr_489.nii.gz,type_masks,topaneu_center1_mr_489.nii.gz,.nii.gz,74728,72.98,0.0713
type_masks\topaneu_center1_mr_490.nii.gz,type_masks,topaneu_center1_mr_490.nii.gz,.nii.gz,32822,32.05,0.0313
type_masks\topaneu_center1_mr_494.nii.gz,type_masks,topaneu_center1_mr_494.nii.gz,.nii.gz,32952,32.18,0.0314
type_masks\topaneu_center1_mr_496.nii.gz,type_masks,topaneu_center1_mr_496.nii.gz,.nii.gz,34815,34.0,0.0332
type_masks\topaneu_center1_mr_499.nii.gz,type_masks,topaneu_center1_mr_499.nii.gz,.nii.gz,39871,38.94,0.038
type_masks\topaneu_center1_mr_501.nii.gz,type_masks,topaneu_center1_mr_501.nii.gz,.nii.gz,46748,45.65,0.0446
type_masks\topaneu_center1_mr_509.nii.gz,type_masks,topaneu_center1_mr_509.nii.gz,.nii.gz,64956,63.43,0.0619
type_masks\topaneu_center1_mr_516.nii.gz,type_masks,topaneu_center1_mr_516.nii.gz,.nii.gz,50713,49.52,0.0484
type_masks\topaneu_center1_mr_522.nii.gz,type_masks,topaneu_center1_mr_522.nii.gz,.nii.gz,41338,40.37,0.0394
type_masks\topaneu_center1_mr_523.nii.gz,type_masks,topaneu_center1_mr_523.nii.gz,.nii.gz,62668,61.2,0.0598
type_masks\topaneu_center1_mr_525.nii.gz,type_masks,topaneu_center1_mr_525.nii.gz,.nii.gz,89864,87.76,0.0857
type_masks\topaneu_center1_mr_527.nii.gz,type_masks,topaneu_center1_mr_527.nii.gz,.nii.gz,40725,39.77,0.0388
type_masks\topaneu_center1_mr_528.nii.gz,type_masks,topaneu_center1_mr_528.nii.gz,.nii.gz,44812,43.76,0.0427
type_masks\topaneu_center1_mr_538.nii.gz,type_masks,topaneu_center1_mr_538.nii.gz,.nii.gz,65496,63.96,0.0625
type_masks\topaneu_center1_mr_554.nii.gz,type_masks,topaneu_center1_mr_554.nii.gz,.nii.gz,34375,33.57,0.0328
type_masks\topaneu_center1_mr_560.nii.gz,type_masks,topaneu_center1_mr_560.nii.gz,.nii.gz,39106,38.19,0.0373
type_masks\topaneu_center1_mr_561.nii.gz,type_masks,topaneu_center1_mr_561.nii.gz,.nii.gz,72826,71.12,0.0695
type_masks\topaneu_center1_mr_572.nii.gz,type_masks,topaneu_center1_mr_572.nii.gz,.nii.gz,35679,34.84,0.034
type_masks\topaneu_center1_mr_577.nii.gz,type_masks,topaneu_center1_mr_577.nii.gz,.nii.gz,44305,43.27,0.0423
type_masks\topaneu_center1_mr_581.nii.gz,type_masks,topaneu_center1_mr_581.nii.gz,.nii.gz,37157,36.29,0.0354
type_masks\topaneu_center1_mr_585.nii.gz,type_masks,topaneu_center1_mr_585.nii.gz,.nii.gz,44997,43.94,0.0429
type_masks\topaneu_center1_mr_586.nii.gz,type_masks,topaneu_center1_mr_586.nii.gz,.nii.gz,42371,41.38,0.0404
type_masks\topaneu_center1_mr_596.nii.gz,type_masks,topaneu_center1_mr_596.nii.gz,.nii.gz,40779,39.82,0.0389
type_masks\topaneu_center1_mr_605.nii.gz,type_masks,topaneu_center1_mr_605.nii.gz,.nii.gz,62043,60.59,0.0592
type_masks\topaneu_center1_mr_607.nii.gz,type_masks,topaneu_center1_mr_607.nii.gz,.nii.gz,57093,55.75,0.0544
type_masks\topaneu_center1_mr_612.nii.gz,type_masks,topaneu_center1_mr_612.nii.gz,.nii.gz,60293,58.88,0.0575
type_masks\topaneu_center1_mr_614.nii.gz,type_masks,topaneu_center1_mr_614.nii.gz,.nii.gz,40992,40.03,0.0391
type_masks\topaneu_center1_mr_615.nii.gz,type_masks,topaneu_center1_mr_615.nii.gz,.nii.gz,41908,40.93,0.04
type_masks\topaneu_center1_mr_625.nii.gz,type_masks,topaneu_center1_mr_625.nii.gz,.nii.gz,104055,101.62,0.0992
type_masks\topaneu_center1_mr_626.nii.gz,type_masks,topaneu_center1_mr_626.nii.gz,.nii.gz,70154,68.51,0.0669
type_masks\topaneu_center1_mr_630.nii.gz,type_masks,topaneu_center1_mr_630.nii.gz,.nii.gz,44191,43.16,0.0421
type_masks\topaneu_center1_mr_631.nii.gz,type_masks,topaneu_center1_mr_631.nii.gz,.nii.gz,38935,38.02,0.0371
type_masks\topaneu_center1_mr_637.nii.gz,type_masks,topaneu_center1_mr_637.nii.gz,.nii.gz,44456,43.41,0.0424
type_masks\topaneu_center1_mr_638.nii.gz,type_masks,topaneu_center1_mr_638.nii.gz,.nii.gz,40280,39.34,0.0384
type_masks\topaneu_center1_mr_647.nii.gz,type_masks,topaneu_center1_mr_647.nii.gz,.nii.gz,42061,41.08,0.0401
type_masks\topaneu_center1_mr_653.nii.gz,type_masks,topaneu_center1_mr_653.nii.gz,.nii.gz,36936,36.07,0.0352
type_masks\topaneu_center1_mr_660.nii.gz,type_masks,topaneu_center1_mr_660.nii.gz,.nii.gz,36691,35.83,0.035
type_masks\topaneu_center1_mr_664.nii.gz,type_masks,topaneu_center1_mr_664.nii.gz,.nii.gz,39292,38.37,0.0375
type_masks\topaneu_center1_mr_670.nii.gz,type_masks,topaneu_center1_mr_670.nii.gz,.nii.gz,61952,60.5,0.0591
type_masks\topaneu_center1_mr_681.nii.gz,type_masks,topaneu_center1_mr_681.nii.gz,.nii.gz,50090,48.92,0.0478
type_masks\topaneu_center1_mr_682.nii.gz,type_masks,topaneu_center1_mr_682.nii.gz,.nii.gz,47840,46.72,0.0456
type_masks\topaneu_center1_mr_693.nii.gz,type_masks,topaneu_center1_mr_693.nii.gz,.nii.gz,96530,94.27,0.0921
type_masks\topaneu_center1_mr_694.nii.gz,type_masks,topaneu_center1_mr_694.nii.gz,.nii.gz,33444,32.66,0.0319
type_masks\topaneu_center1_mr_697.nii.gz,type_masks,topaneu_center1_mr_697.nii.gz,.nii.gz,34835,34.02,0.0332
type_masks\topaneu_center1_mr_702.nii.gz,type_masks,topaneu_center1_mr_702.nii.gz,.nii.gz,225098,219.82,0.2147
type_masks\topaneu_center1_mr_713.nii.gz,type_masks,topaneu_center1_mr_713.nii.gz,.nii.gz,37855,36.97,0.0361
type_masks\topaneu_center1_mr_720.nii.gz,type_masks,topaneu_center1_mr_720.nii.gz,.nii.gz,25311,24.72,0.0241
type_masks\topaneu_center1_mr_727.nii.gz,type_masks,topaneu_center1_mr_727.nii.gz,.nii.gz,32118,31.37,0.0306
type_masks\topaneu_center1_mr_729.nii.gz,type_masks,topaneu_center1_mr_729.nii.gz,.nii.gz,38157,37.26,0.0364
type_masks\topaneu_center1_mr_731.nii.gz,type_masks,topaneu_center1_mr_731.nii.gz,.nii.gz,35499,34.67,0.0339
type_masks\topaneu_center1_mr_732.nii.gz,type_masks,topaneu_center1_mr_732.nii.gz,.nii.gz,49481,48.32,0.0472
type_masks\topaneu_center1_mr_740.nii.gz,type_masks,topaneu_center1_mr_740.nii.gz,.nii.gz,37860,36.97,0.0361
type_masks\topaneu_center1_mr_741.nii.gz,type_masks,topaneu_center1_mr_741.nii.gz,.nii.gz,96328,94.07,0.0919
type_masks\topaneu_center1_mr_742.nii.gz,type_masks,topaneu_center1_mr_742.nii.gz,.nii.gz,32042,31.29,0.0306
type_masks\topaneu_center1_mr_744.nii.gz,type_masks,topaneu_center1_mr_744.nii.gz,.nii.gz,38909,38.0,0.0371
type_masks\topaneu_center1_mr_750.nii.gz,type_masks,topaneu_center1_mr_750.nii.gz,.nii.gz,59686,58.29,0.0569
type_masks\topaneu_center1_mr_760.nii.gz,type_masks,topaneu_center1_mr_760.nii.gz,.nii.gz,69977,68.34,0.0667
type_masks\topaneu_center1_mr_763.nii.gz,type_masks,topaneu_center1_mr_763.nii.gz,.nii.gz,33090,32.31,0.0316
type_masks\topaneu_center1_mr_765.nii.gz,type_masks,topaneu_center1_mr_765.nii.gz,.nii.gz,39058,38.14,0.0372
type_masks\topaneu_center1_mr_770.nii.gz,type_masks,topaneu_center1_mr_770.nii.gz,.nii.gz,38453,37.55,0.0367
type_masks\topaneu_center1_mr_772.nii.gz,type_masks,topaneu_center1_mr_772.nii.gz,.nii.gz,53900,52.64,0.0514
type_masks\topaneu_center1_mr_774.nii.gz,type_masks,topaneu_center1_mr_774.nii.gz,.nii.gz,59158,57.77,0.0564
type_masks\topaneu_center1_mr_775.nii.gz,type_masks,topaneu_center1_mr_775.nii.gz,.nii.gz,38295,37.4,0.0365
type_masks\topaneu_center1_mr_776.nii.gz,type_masks,topaneu_center1_mr_776.nii.gz,.nii.gz,73861,72.13,0.0704
type_masks\topaneu_center1_mr_788.nii.gz,type_masks,topaneu_center1_mr_788.nii.gz,.nii.gz,31607,30.87,0.0301
type_masks\topaneu_center1_mr_789.nii.gz,type_masks,topaneu_center1_mr_789.nii.gz,.nii.gz,52379,51.15,0.05
type_masks\topaneu_center1_mr_790.nii.gz,type_masks,topaneu_center1_mr_790.nii.gz,.nii.gz,42983,41.98,0.041
type_masks\topaneu_center1_mr_792.nii.gz,type_masks,topaneu_center1_mr_792.nii.gz,.nii.gz,82259,80.33,0.0784
type_masks\topaneu_center1_mr_795.nii.gz,type_masks,topaneu_center1_mr_795.nii.gz,.nii.gz,104875,102.42,0.1
type_masks\topaneu_center1_mr_797.nii.gz,type_masks,topaneu_center1_mr_797.nii.gz,.nii.gz,40023,39.08,0.0382
type_masks\topaneu_center1_mr_800.nii.gz,type_masks,topaneu_center1_mr_800.nii.gz,.nii.gz,41835,40.85,0.0399
type_masks\topaneu_center1_mr_804.nii.gz,type_masks,topaneu_center1_mr_804.nii.gz,.nii.gz,37847,36.96,0.0361
type_masks\topaneu_center1_mr_807.nii.gz,type_masks,topaneu_center1_mr_807.nii.gz,.nii.gz,38633,37.73,0.0368
type_masks\topaneu_center1_mr_810.nii.gz,type_masks,topaneu_center1_mr_810.nii.gz,.nii.gz,24771,24.19,0.0236
type_masks\topaneu_center1_mr_816.nii.gz,type_masks,topaneu_center1_mr_816.nii.gz,.nii.gz,35292,34.46,0.0337
type_masks\topaneu_center1_mr_819.nii.gz,type_masks,topaneu_center1_mr_819.nii.gz,.nii.gz,41144,40.18,0.0392
type_masks\topaneu_center1_mr_823.nii.gz,type_masks,topaneu_center1_mr_823.nii.gz,.nii.gz,42845,41.84,0.0409
type_masks\topaneu_center1_mr_840.nii.gz,type_masks,topaneu_center1_mr_840.nii.gz,.nii.gz,40976,40.02,0.0391
type_masks\topaneu_center1_mr_842.nii.gz,type_masks,topaneu_center1_mr_842.nii.gz,.nii.gz,35682,34.85,0.034
type_masks\topaneu_center1_mr_848.nii.gz,type_masks,topaneu_center1_mr_848.nii.gz,.nii.gz,75498,73.73,0.072
type_masks\topaneu_center1_mr_850.nii.gz,type_masks,topaneu_center1_mr_850.nii.gz,.nii.gz,41693,40.72,0.0398
type_masks\topaneu_center1_mr_871.nii.gz,type_masks,topaneu_center1_mr_871.nii.gz,.nii.gz,132775,129.66,0.1266
type_masks\topaneu_center1_mr_877.nii.gz,type_masks,topaneu_center1_mr_877.nii.gz,.nii.gz,62952,61.48,0.06
type_masks\topaneu_center1_mr_891.nii.gz,type_masks,topaneu_center1_mr_891.nii.gz,.nii.gz,48286,47.15,0.046
type_masks\topaneu_center1_mr_892.nii.gz,type_masks,topaneu_center1_mr_892.nii.gz,.nii.gz,38355,37.46,0.0366
type_masks\topaneu_center1_mr_895.nii.gz,type_masks,topaneu_center1_mr_895.nii.gz,.nii.gz,82026,80.1,0.0782
type_masks\topaneu_center1_mr_896.nii.gz,type_masks,topaneu_center1_mr_896.nii.gz,.nii.gz,37806,36.92,0.0361
type_masks\topaneu_center1_mr_902.nii.gz,type_masks,topaneu_center1_mr_902.nii.gz,.nii.gz,43437,42.42,0.0414
type_masks\topaneu_center1_mr_909.nii.gz,type_masks,topaneu_center1_mr_909.nii.gz,.nii.gz,33988,33.19,0.0324
type_masks\topaneu_center1_mr_910.nii.gz,type_masks,topaneu_center1_mr_910.nii.gz,.nii.gz,39504,38.58,0.0377
type_masks\topaneu_center1_mr_911.nii.gz,type_masks,topaneu_center1_mr_911.nii.gz,.nii.gz,44485,43.44,0.0424
type_masks\topaneu_center1_mr_917.nii.gz,type_masks,topaneu_center1_mr_917.nii.gz,.nii.gz,32993,32.22,0.0315
type_masks\topaneu_center1_mr_920.nii.gz,type_masks,topaneu_center1_mr_920.nii.gz,.nii.gz,62388,60.93,0.0595
type_masks\topaneu_center1_mr_921.nii.gz,type_masks,topaneu_center1_mr_921.nii.gz,.nii.gz,38360,37.46,0.0366
type_masks\topaneu_center1_mr_922.nii.gz,type_masks,topaneu_center1_mr_922.nii.gz,.nii.gz,49370,48.21,0.0471
type_masks\topaneu_center1_mr_924.nii.gz,type_masks,topaneu_center1_mr_924.nii.gz,.nii.gz,45035,43.98,0.0429
type_masks\topaneu_center1_mr_926.nii.gz,type_masks,topaneu_center1_mr_926.nii.gz,.nii.gz,31197,30.47,0.0298
type_masks\topaneu_center1_mr_928.nii.gz,type_masks,topaneu_center1_mr_928.nii.gz,.nii.gz,74568,72.82,0.0711
type_masks\topaneu_center1_mr_939.nii.gz,type_masks,topaneu_center1_mr_939.nii.gz,.nii.gz,36850,35.99,0.0351
type_masks\topaneu_center1_mr_940.nii.gz,type_masks,topaneu_center1_mr_940.nii.gz,.nii.gz,42590,41.59,0.0406
type_masks\topaneu_center1_mr_942.nii.gz,type_masks,topaneu_center1_mr_942.nii.gz,.nii.gz,43464,42.45,0.0415
type_masks\topaneu_center1_mr_944.nii.gz,type_masks,topaneu_center1_mr_944.nii.gz,.nii.gz,40153,39.21,0.0383
type_masks\topaneu_center1_mr_959.nii.gz,type_masks,topaneu_center1_mr_959.nii.gz,.nii.gz,34645,33.83,0.033
type_masks\topaneu_center1_mr_961.nii.gz,type_masks,topaneu_center1_mr_961.nii.gz,.nii.gz,36039,35.19,0.0344
type_masks\topaneu_center1_mr_975.nii.gz,type_masks,topaneu_center1_mr_975.nii.gz,.nii.gz,39769,38.84,0.0379
type_masks\topaneu_center1_mr_981.nii.gz,type_masks,topaneu_center1_mr_981.nii.gz,.nii.gz,35042,34.22,0.0334
type_masks\topaneu_center1_mr_991.nii.gz,type_masks,topaneu_center1_mr_991.nii.gz,.nii.gz,87948,85.89,0.0839
type_masks\topaneu_center2_ct_105.nii.gz,type_masks,topaneu_center2_ct_105.nii.gz,.nii.gz,22300,21.78,0.0213
type_masks\topaneu_center2_ct_107.nii.gz,type_masks,topaneu_center2_ct_107.nii.gz,.nii.gz,20002,19.53,0.0191
type_masks\topaneu_center2_ct_108.nii.gz,type_masks,topaneu_center2_ct_108.nii.gz,.nii.gz,24392,23.82,0.0233
type_masks\topaneu_center2_ct_109.nii.gz,type_masks,topaneu_center2_ct_109.nii.gz,.nii.gz,13343,13.03,0.0127
type_masks\topaneu_center2_ct_112.nii.gz,type_masks,topaneu_center2_ct_112.nii.gz,.nii.gz,14985,14.63,0.0143
type_masks\topaneu_center2_ct_113.nii.gz,type_masks,topaneu_center2_ct_113.nii.gz,.nii.gz,21135,20.64,0.0202
type_masks\topaneu_center2_ct_118.nii.gz,type_masks,topaneu_center2_ct_118.nii.gz,.nii.gz,22527,22.0,0.0215
type_masks\topaneu_center2_ct_119.nii.gz,type_masks,topaneu_center2_ct_119.nii.gz,.nii.gz,23604,23.05,0.0225
type_masks\topaneu_center2_ct_120.nii.gz,type_masks,topaneu_center2_ct_120.nii.gz,.nii.gz,24328,23.76,0.0232
type_masks\topaneu_center2_ct_125.nii.gz,type_masks,topaneu_center2_ct_125.nii.gz,.nii.gz,22117,21.6,0.0211
type_masks\topaneu_center2_ct_126.nii.gz,type_masks,topaneu_center2_ct_126.nii.gz,.nii.gz,12358,12.07,0.0118
type_masks\topaneu_center2_ct_127.nii.gz,type_masks,topaneu_center2_ct_127.nii.gz,.nii.gz,20101,19.63,0.0192
type_masks\topaneu_center2_ct_128.nii.gz,type_masks,topaneu_center2_ct_128.nii.gz,.nii.gz,16497,16.11,0.0157
type_masks\topaneu_center2_ct_130.nii.gz,type_masks,topaneu_center2_ct_130.nii.gz,.nii.gz,18028,17.61,0.0172
type_masks\topaneu_center2_ct_134.nii.gz,type_masks,topaneu_center2_ct_134.nii.gz,.nii.gz,13421,13.11,0.0128
type_masks\topaneu_center2_ct_137.nii.gz,type_masks,topaneu_center2_ct_137.nii.gz,.nii.gz,24665,24.09,0.0235
type_masks\topaneu_center2_ct_138.nii.gz,type_masks,topaneu_center2_ct_138.nii.gz,.nii.gz,29536,28.84,0.0282
type_masks\topaneu_center2_ct_141.nii.gz,type_masks,topaneu_center2_ct_141.nii.gz,.nii.gz,67967,66.37,0.0648
type_masks\topaneu_center2_ct_142.nii.gz,type_masks,topaneu_center2_ct_142.nii.gz,.nii.gz,28591,27.92,0.0273
type_masks\topaneu_center2_ct_144.nii.gz,type_masks,topaneu_center2_ct_144.nii.gz,.nii.gz,33719,32.93,0.0322
type_masks\topaneu_center2_ct_147.nii.gz,type_masks,topaneu_center2_ct_147.nii.gz,.nii.gz,39207,38.29,0.0374
type_masks\topaneu_center2_ct_150.nii.gz,type_masks,topaneu_center2_ct_150.nii.gz,.nii.gz,28091,27.43,0.0268
type_masks\topaneu_center2_ct_154.nii.gz,type_masks,topaneu_center2_ct_154.nii.gz,.nii.gz,71226,69.56,0.0679
type_masks\topaneu_center2_ct_156.nii.gz,type_masks,topaneu_center2_ct_156.nii.gz,.nii.gz,19473,19.02,0.0186
type_masks\topaneu_center2_ct_160.nii.gz,type_masks,topaneu_center2_ct_160.nii.gz,.nii.gz,19872,19.41,0.019
type_masks\topaneu_center2_ct_161.nii.gz,type_masks,topaneu_center2_ct_161.nii.gz,.nii.gz,21299,20.8,0.0203
type_masks\topaneu_center2_ct_162.nii.gz,type_masks,topaneu_center2_ct_162.nii.gz,.nii.gz,17757,17.34,0.0169
type_masks\topaneu_center2_ct_163.nii.gz,type_masks,topaneu_center2_ct_163.nii.gz,.nii.gz,17478,17.07,0.0167
type_masks\topaneu_center2_ct_164.nii.gz,type_masks,topaneu_center2_ct_164.nii.gz,.nii.gz,19325,18.87,0.0184
type_masks\topaneu_center2_ct_165.nii.gz,type_masks,topaneu_center2_ct_165.nii.gz,.nii.gz,15564,15.2,0.0148
type_masks\topaneu_center2_ct_166.nii.gz,type_masks,topaneu_center2_ct_166.nii.gz,.nii.gz,21047,20.55,0.0201
type_masks\topaneu_center2_ct_167.nii.gz,type_masks,topaneu_center2_ct_167.nii.gz,.nii.gz,15094,14.74,0.0144
type_masks\topaneu_center2_ct_169.nii.gz,type_masks,topaneu_center2_ct_169.nii.gz,.nii.gz,33303,32.52,0.0318
type_masks\topaneu_center2_ct_170.nii.gz,type_masks,topaneu_center2_ct_170.nii.gz,.nii.gz,28518,27.85,0.0272
type_masks\topaneu_center2_ct_171.nii.gz,type_masks,topaneu_center2_ct_171.nii.gz,.nii.gz,18780,18.34,0.0179
type_masks\topaneu_center2_ct_172.nii.gz,type_masks,topaneu_center2_ct_172.nii.gz,.nii.gz,25297,24.7,0.0241
type_masks\topaneu_center2_ct_173.nii.gz,type_masks,topaneu_center2_ct_173.nii.gz,.nii.gz,23711,23.16,0.0226
type_masks\topaneu_center2_ct_174.nii.gz,type_masks,topaneu_center2_ct_174.nii.gz,.nii.gz,14551,14.21,0.0139
type_masks\topaneu_center2_ct_175.nii.gz,type_masks,topaneu_center2_ct_175.nii.gz,.nii.gz,22426,21.9,0.0214
type_masks\topaneu_center2_ct_184.nii.gz,type_masks,topaneu_center2_ct_184.nii.gz,.nii.gz,27168,26.53,0.0259
type_masks\topaneu_center2_ct_189.nii.gz,type_masks,topaneu_center2_ct_189.nii.gz,.nii.gz,26012,25.4,0.0248
type_masks\topaneu_center2_ct_190.nii.gz,type_masks,topaneu_center2_ct_190.nii.gz,.nii.gz,19454,19.0,0.0186
type_masks\topaneu_center2_ct_191.nii.gz,type_masks,topaneu_center2_ct_191.nii.gz,.nii.gz,27907,27.25,0.0266
type_masks\topaneu_center2_ct_192.nii.gz,type_masks,topaneu_center2_ct_192.nii.gz,.nii.gz,59168,57.78,0.0564
type_masks\topaneu_center2_ct_193.nii.gz,type_masks,topaneu_center2_ct_193.nii.gz,.nii.gz,63151,61.67,0.0602
type_masks\topaneu_center2_ct_196.nii.gz,type_masks,topaneu_center2_ct_196.nii.gz,.nii.gz,23751,23.19,0.0227
type_masks\topaneu_center2_ct_197.nii.gz,type_masks,topaneu_center2_ct_197.nii.gz,.nii.gz,24323,23.75,0.0232
type_masks\topaneu_center2_mr_002.nii.gz,type_masks,topaneu_center2_mr_002.nii.gz,.nii.gz,55890,54.58,0.0533
type_masks\topaneu_center2_mr_004.nii.gz,type_masks,topaneu_center2_mr_004.nii.gz,.nii.gz,37575,36.69,0.0358
type_masks\topaneu_center2_mr_007.nii.gz,type_masks,topaneu_center2_mr_007.nii.gz,.nii.gz,39768,38.84,0.0379
type_masks\topaneu_center2_mr_010.nii.gz,type_masks,topaneu_center2_mr_010.nii.gz,.nii.gz,40254,39.31,0.0384
type_masks\topaneu_center2_mr_011.nii.gz,type_masks,topaneu_center2_mr_011.nii.gz,.nii.gz,19096,18.65,0.0182
type_masks\topaneu_center2_mr_012.nii.gz,type_masks,topaneu_center2_mr_012.nii.gz,.nii.gz,59242,57.85,0.0565
type_masks\topaneu_center2_mr_016.nii.gz,type_masks,topaneu_center2_mr_016.nii.gz,.nii.gz,53348,52.1,0.0509
type_masks\topaneu_center2_mr_017.nii.gz,type_masks,topaneu_center2_mr_017.nii.gz,.nii.gz,56521,55.2,0.0539
type_masks\topaneu_center2_mr_018.nii.gz,type_masks,topaneu_center2_mr_018.nii.gz,.nii.gz,61352,59.91,0.0585
type_masks\topaneu_center2_mr_019.nii.gz,type_masks,topaneu_center2_mr_019.nii.gz,.nii.gz,57690,56.34,0.055
type_masks\topaneu_center2_mr_020.nii.gz,type_masks,topaneu_center2_mr_020.nii.gz,.nii.gz,60524,59.11,0.0577
type_masks\topaneu_center2_mr_025.nii.gz,type_masks,topaneu_center2_mr_025.nii.gz,.nii.gz,51039,49.84,0.0487
type_masks\topaneu_center2_mr_028.nii.gz,type_masks,topaneu_center2_mr_028.nii.gz,.nii.gz,51475,50.27,0.0491
type_masks\topaneu_center2_mr_029.nii.gz,type_masks,topaneu_center2_mr_029.nii.gz,.nii.gz,50986,49.79,0.0486
type_masks\topaneu_center2_mr_031.nii.gz,type_masks,topaneu_center2_mr_031.nii.gz,.nii.gz,47833,46.71,0.0456
type_masks\topaneu_center2_mr_032.nii.gz,type_masks,topaneu_center2_mr_032.nii.gz,.nii.gz,38082,37.19,0.0363
type_masks\topaneu_center2_mr_034.nii.gz,type_masks,topaneu_center2_mr_034.nii.gz,.nii.gz,48337,47.2,0.0461
type_masks\topaneu_center2_mr_035.nii.gz,type_masks,topaneu_center2_mr_035.nii.gz,.nii.gz,52672,51.44,0.0502
type_masks\topaneu_center2_mr_038.nii.gz,type_masks,topaneu_center2_mr_038.nii.gz,.nii.gz,51203,50.0,0.0488
type_masks\topaneu_center2_mr_042.nii.gz,type_masks,topaneu_center2_mr_042.nii.gz,.nii.gz,52683,51.45,0.0502
type_masks\topaneu_center2_mr_044.nii.gz,type_masks,topaneu_center2_mr_044.nii.gz,.nii.gz,35579,34.75,0.0339
type_masks\topaneu_center2_mr_047.nii.gz,type_masks,topaneu_center2_mr_047.nii.gz,.nii.gz,55000,53.71,0.0525
type_masks\topaneu_center2_mr_048.nii.gz,type_masks,topaneu_center2_mr_048.nii.gz,.nii.gz,50339,49.16,0.048
type_masks\topaneu_center2_mr_049.nii.gz,type_masks,topaneu_center2_mr_049.nii.gz,.nii.gz,54306,53.03,0.0518
type_masks\topaneu_center2_mr_050.nii.gz,type_masks,topaneu_center2_mr_050.nii.gz,.nii.gz,47364,46.25,0.0452
type_masks\topaneu_center2_mr_051.nii.gz,type_masks,topaneu_center2_mr_051.nii.gz,.nii.gz,58029,56.67,0.0553
type_masks\topaneu_center2_mr_054.nii.gz,type_masks,topaneu_center2_mr_054.nii.gz,.nii.gz,54989,53.7,0.0524
type_masks\topaneu_center2_mr_055.nii.gz,type_masks,topaneu_center2_mr_055.nii.gz,.nii.gz,35624,34.79,0.034
type_masks\topaneu_center2_mr_056.nii.gz,type_masks,topaneu_center2_mr_056.nii.gz,.nii.gz,57482,56.13,0.0548
type_masks\topaneu_center2_mr_057.nii.gz,type_masks,topaneu_center2_mr_057.nii.gz,.nii.gz,51200,50.0,0.0488
type_masks\topaneu_center2_mr_058.nii.gz,type_masks,topaneu_center2_mr_058.nii.gz,.nii.gz,58424,57.05,0.0557
type_masks\topaneu_center2_mr_069.nii.gz,type_masks,topaneu_center2_mr_069.nii.gz,.nii.gz,59601,58.2,0.0568
type_masks\topaneu_center2_mr_074.nii.gz,type_masks,topaneu_center2_mr_074.nii.gz,.nii.gz,57208,55.87,0.0546
type_masks\topaneu_center2_mr_077.nii.gz,type_masks,topaneu_center2_mr_077.nii.gz,.nii.gz,57721,56.37,0.055
type_masks\topaneu_center2_mr_078.nii.gz,type_masks,topaneu_center2_mr_078.nii.gz,.nii.gz,48670,47.53,0.0464
type_masks\topaneu_center2_mr_079.nii.gz,type_masks,topaneu_center2_mr_079.nii.gz,.nii.gz,54827,53.54,0.0523
type_masks\topaneu_center2_mr_080.nii.gz,type_masks,topaneu_center2_mr_080.nii.gz,.nii.gz,58114,56.75,0.0554
type_masks\topaneu_center2_mr_083.nii.gz,type_masks,topaneu_center2_mr_083.nii.gz,.nii.gz,52786,51.55,0.0503
type_masks\topaneu_center2_mr_085.nii.gz,type_masks,topaneu_center2_mr_085.nii.gz,.nii.gz,57037,55.7,0.0544
type_masks\topaneu_center2_mr_086.nii.gz,type_masks,topaneu_center2_mr_086.nii.gz,.nii.gz,40623,39.67,0.0387
type_masks\topaneu_center4_ct_002.nii.gz,type_masks,topaneu_center4_ct_002.nii.gz,.nii.gz,75801,74.02,0.0723
type_masks\topaneu_center4_ct_005.nii.gz,type_masks,topaneu_center4_ct_005.nii.gz,.nii.gz,69487,67.86,0.0663
type_masks\topaneu_center4_ct_008_1.nii.gz,type_masks,topaneu_center4_ct_008_1.nii.gz,.nii.gz,68590,66.98,0.0654
type_masks\topaneu_center4_ct_008_2.nii.gz,type_masks,topaneu_center4_ct_008_2.nii.gz,.nii.gz,68658,67.05,0.0655
type_masks\topaneu_center4_ct_009.nii.gz,type_masks,topaneu_center4_ct_009.nii.gz,.nii.gz,79250,77.39,0.0756
type_masks\topaneu_center4_ct_012.nii.gz,type_masks,topaneu_center4_ct_012.nii.gz,.nii.gz,74571,72.82,0.0711
type_masks\topaneu_center4_ct_019.nii.gz,type_masks,topaneu_center4_ct_019.nii.gz,.nii.gz,73314,71.6,0.0699
type_masks\topaneu_center4_ct_020_1.nii.gz,type_masks,topaneu_center4_ct_020_1.nii.gz,.nii.gz,83267,81.32,0.0794
type_masks\topaneu_center4_ct_020_2.nii.gz,type_masks,topaneu_center4_ct_020_2.nii.gz,.nii.gz,374436,365.66,0.3571
type_masks\topaneu_center4_ct_020_3.nii.gz,type_masks,topaneu_center4_ct_020_3.nii.gz,.nii.gz,80955,79.06,0.0772
type_masks\topaneu_center4_ct_023.nii.gz,type_masks,topaneu_center4_ct_023.nii.gz,.nii.gz,70613,68.96,0.0673
type_masks\topaneu_center4_ct_025_1.nii.gz,type_masks,topaneu_center4_ct_025_1.nii.gz,.nii.gz,307056,299.86,0.2928
type_masks\topaneu_center4_ct_025_2.nii.gz,type_masks,topaneu_center4_ct_025_2.nii.gz,.nii.gz,67827,66.24,0.0647
type_masks\topaneu_center4_ct_030.nii.gz,type_masks,topaneu_center4_ct_030.nii.gz,.nii.gz,79326,77.47,0.0757
type_masks\topaneu_center4_ct_034_1.nii.gz,type_masks,topaneu_center4_ct_034_1.nii.gz,.nii.gz,66795,65.23,0.0637
type_masks\topaneu_center4_ct_034_2.nii.gz,type_masks,topaneu_center4_ct_034_2.nii.gz,.nii.gz,139407,136.14,0.1329
type_masks\topaneu_center4_ct_037.nii.gz,type_masks,topaneu_center4_ct_037.nii.gz,.nii.gz,78880,77.03,0.0752
type_masks\topaneu_center4_ct_041.nii.gz,type_masks,topaneu_center4_ct_041.nii.gz,.nii.gz,85009,83.02,0.0811
type_masks\topaneu_center4_ct_042_2.nii.gz,type_masks,topaneu_center4_ct_042_2.nii.gz,.nii.gz,67991,66.4,0.0648
type_masks\topaneu_center4_ct_045.nii.gz,type_masks,topaneu_center4_ct_045.nii.gz,.nii.gz,73285,71.57,0.0699
type_masks\topaneu_center4_ct_047.nii.gz,type_masks,topaneu_center4_ct_047.nii.gz,.nii.gz,79120,77.27,0.0755
type_masks\topaneu_center4_ct_048.nii.gz,type_masks,topaneu_center4_ct_048.nii.gz,.nii.gz,86712,84.68,0.0827
type_masks\topaneu_center4_ct_051_1.nii.gz,type_masks,topaneu_center4_ct_051_1.nii.gz,.nii.gz,71207,69.54,0.0679
type_masks\topaneu_center4_ct_051_2.nii.gz,type_masks,topaneu_center4_ct_051_2.nii.gz,.nii.gz,157778,154.08,0.1505
type_masks\topaneu_center4_ct_055.nii.gz,type_masks,topaneu_center4_ct_055.nii.gz,.nii.gz,70211,68.57,0.067
type_masks\topaneu_center4_ct_057.nii.gz,type_masks,topaneu_center4_ct_057.nii.gz,.nii.gz,64369,62.86,0.0614
type_masks\topaneu_center4_ct_059.nii.gz,type_masks,topaneu_center4_ct_059.nii.gz,.nii.gz,79397,77.54,0.0757
type_masks\topaneu_center4_ct_060.nii.gz,type_masks,topaneu_center4_ct_060.nii.gz,.nii.gz,68607,67.0,0.0654
type_masks\topaneu_center4_ct_062_1.nii.gz,type_masks,topaneu_center4_ct_062_1.nii.gz,.nii.gz,98485,96.18,0.0939
type_masks\topaneu_center4_ct_062_2.nii.gz,type_masks,topaneu_center4_ct_062_2.nii.gz,.nii.gz,83617,81.66,0.0797
type_masks\topaneu_center4_ct_063.nii.gz,type_masks,topaneu_center4_ct_063.nii.gz,.nii.gz,93157,90.97,0.0888
type_masks\topaneu_center4_ct_064.nii.gz,type_masks,topaneu_center4_ct_064.nii.gz,.nii.gz,92033,89.88,0.0878
type_masks\topaneu_center4_ct_065.nii.gz,type_masks,topaneu_center4_ct_065.nii.gz,.nii.gz,89374,87.28,0.0852
type_masks\topaneu_center4_ct_067.nii.gz,type_masks,topaneu_center4_ct_067.nii.gz,.nii.gz,77947,76.12,0.0743
type_masks\topaneu_center4_ct_070.nii.gz,type_masks,topaneu_center4_ct_070.nii.gz,.nii.gz,73373,71.65,0.07
type_masks\topaneu_center4_ct_072.nii.gz,type_masks,topaneu_center4_ct_072.nii.gz,.nii.gz,66925,65.36,0.0638
type_masks\topaneu_center4_ct_074.nii.gz,type_masks,topaneu_center4_ct_074.nii.gz,.nii.gz,78197,76.36,0.0746
type_masks\topaneu_center4_ct_083.nii.gz,type_masks,topaneu_center4_ct_083.nii.gz,.nii.gz,89829,87.72,0.0857
type_masks\topaneu_center4_ct_087.nii.gz,type_masks,topaneu_center4_ct_087.nii.gz,.nii.gz,33251,32.47,0.0317
type_masks\topaneu_center4_ct_093.nii.gz,type_masks,topaneu_center4_ct_093.nii.gz,.nii.gz,35743,34.91,0.0341
type_masks\topaneu_center4_ct_094.nii.gz,type_masks,topaneu_center4_ct_094.nii.gz,.nii.gz,76842,75.04,0.0733
type_masks\topaneu_center4_ct_097.nii.gz,type_masks,topaneu_center4_ct_097.nii.gz,.nii.gz,61002,59.57,0.0582
type_masks\topaneu_center4_ct_101.nii.gz,type_masks,topaneu_center4_ct_101.nii.gz,.nii.gz,89937,87.83,0.0858
type_masks\topaneu_center4_ct_102.nii.gz,type_masks,topaneu_center4_ct_102.nii.gz,.nii.gz,87986,85.92,0.0839
type_masks\topaneu_center4_ct_103.nii.gz,type_masks,topaneu_center4_ct_103.nii.gz,.nii.gz,88846,86.76,0.0847
type_masks\topaneu_center4_ct_104.nii.gz,type_masks,topaneu_center4_ct_104.nii.gz,.nii.gz,87304,85.26,0.0833
type_masks\topaneu_center4_ct_105.nii.gz,type_masks,topaneu_center4_ct_105.nii.gz,.nii.gz,79115,77.26,0.0754
type_masks\topaneu_center4_ct_106.nii.gz,type_masks,topaneu_center4_ct_106.nii.gz,.nii.gz,78668,76.82,0.075
type_masks\topaneu_center4_ct_107.nii.gz,type_masks,topaneu_center4_ct_107.nii.gz,.nii.gz,78609,76.77,0.075
type_masks\topaneu_center4_ct_108.nii.gz,type_masks,topaneu_center4_ct_108.nii.gz,.nii.gz,71448,69.77,0.0681
type_masks\topaneu_center4_ct_115.nii.gz,type_masks,topaneu_center4_ct_115.nii.gz,.nii.gz,43948,42.92,0.0419
type_masks\topaneu_center4_ct_116.nii.gz,type_masks,topaneu_center4_ct_116.nii.gz,.nii.gz,47510,46.4,0.0453
type_masks\topaneu_center4_ct_119.nii.gz,type_masks,topaneu_center4_ct_119.nii.gz,.nii.gz,33978,33.18,0.0324
type_masks\topaneu_center4_ct_122.nii.gz,type_masks,topaneu_center4_ct_122.nii.gz,.nii.gz,56722,55.39,0.0541
type_masks\topaneu_center4_ct_127.nii.gz,type_masks,topaneu_center4_ct_127.nii.gz,.nii.gz,39812,38.88,0.038
type_masks\topaneu_center4_ct_129.nii.gz,type_masks,topaneu_center4_ct_129.nii.gz,.nii.gz,42118,41.13,0.0402
type_masks\topaneu_center4_ct_134.nii.gz,type_masks,topaneu_center4_ct_134.nii.gz,.nii.gz,37519,36.64,0.0358
type_masks\topaneu_center4_ct_140.nii.gz,type_masks,topaneu_center4_ct_140.nii.gz,.nii.gz,55073,53.78,0.0525
type_masks\topaneu_center4_ct_193.nii.gz,type_masks,topaneu_center4_ct_193.nii.gz,.nii.gz,43265,42.25,0.0413
type_masks\topaneu_center4_ct_200.nii.gz,type_masks,topaneu_center4_ct_200.nii.gz,.nii.gz,43763,42.74,0.0417
type_masks\topaneu_center4_ct_201.nii.gz,type_masks,topaneu_center4_ct_201.nii.gz,.nii.gz,77400,75.59,0.0738
type_masks\topaneu_center5_mr_007.nii.gz,type_masks,topaneu_center5_mr_007.nii.gz,.nii.gz,24973,24.39,0.0238
type_masks\topaneu_center5_mr_009.nii.gz,type_masks,topaneu_center5_mr_009.nii.gz,.nii.gz,87503,85.45,0.0834
type_masks\topaneu_center5_mr_010.nii.gz,type_masks,topaneu_center5_mr_010.nii.gz,.nii.gz,41392,40.42,0.0395
type_masks\topaneu_center5_mr_011.nii.gz,type_masks,topaneu_center5_mr_011.nii.gz,.nii.gz,34838,34.02,0.0332
type_masks\topaneu_center5_mr_015.nii.gz,type_masks,topaneu_center5_mr_015.nii.gz,.nii.gz,31446,30.71,0.03
type_masks\topaneu_center5_mr_016.nii.gz,type_masks,topaneu_center5_mr_016.nii.gz,.nii.gz,36265,35.42,0.0346
type_masks\topaneu_center5_mr_021.nii.gz,type_masks,topaneu_center5_mr_021.nii.gz,.nii.gz,31674,30.93,0.0302
type_masks\topaneu_center5_mr_022.nii.gz,type_masks,topaneu_center5_mr_022.nii.gz,.nii.gz,38371,37.47,0.0366
type_masks\topaneu_center5_mr_023.nii.gz,type_masks,topaneu_center5_mr_023.nii.gz,.nii.gz,82115,80.19,0.0783
type_masks\topaneu_center5_mr_024.nii.gz,type_masks,topaneu_center5_mr_024.nii.gz,.nii.gz,83352,81.4,0.0795
type_masks\topaneu_center5_mr_025.nii.gz,type_masks,topaneu_center5_mr_025.nii.gz,.nii.gz,31155,30.42,0.0297
type_masks\topaneu_center5_mr_027.nii.gz,type_masks,topaneu_center5_mr_027.nii.gz,.nii.gz,31237,30.5,0.0298
type_masks\topaneu_center5_mr_028.nii.gz,type_masks,topaneu_center5_mr_028.nii.gz,.nii.gz,91659,89.51,0.0874
type_masks\topaneu_center5_mr_029.nii.gz,type_masks,topaneu_center5_mr_029.nii.gz,.nii.gz,22986,22.45,0.0219
type_masks\topaneu_center5_mr_030.nii.gz,type_masks,topaneu_center5_mr_030.nii.gz,.nii.gz,22801,22.27,0.0217
type_masks\topaneu_center5_mr_031.nii.gz,type_masks,topaneu_center5_mr_031.nii.gz,.nii.gz,23237,22.69,0.0222
type_masks\topaneu_center5_mr_032.nii.gz,type_masks,topaneu_center5_mr_032.nii.gz,.nii.gz,31443,30.71,0.03
type_masks\topaneu_center5_mr_033.nii.gz,type_masks,topaneu_center5_mr_033.nii.gz,.nii.gz,31789,31.04,0.0303
type_masks\topaneu_center5_mr_034.nii.gz,type_masks,topaneu_center5_mr_034.nii.gz,.nii.gz,32211,31.46,0.0307
type_masks\topaneu_center5_mr_036.nii.gz,type_masks,topaneu_center5_mr_036.nii.gz,.nii.gz,23250,22.71,0.0222
type_masks\topaneu_center5_mr_037.nii.gz,type_masks,topaneu_center5_mr_037.nii.gz,.nii.gz,33587,32.8,0.032
type_masks\topaneu_center5_mr_038.nii.gz,type_masks,topaneu_center5_mr_038.nii.gz,.nii.gz,23795,23.24,0.0227
type_masks\topaneu_center5_mr_039.nii.gz,type_masks,topaneu_center5_mr_039.nii.gz,.nii.gz,24165,23.6,0.023
type_masks\topaneu_center5_mr_041.nii.gz,type_masks,topaneu_center5_mr_041.nii.gz,.nii.gz,92904,90.73,0.0886
type_masks\topaneu_center5_mr_052.nii.gz,type_masks,topaneu_center5_mr_052.nii.gz,.nii.gz,35890,35.05,0.0342
type_masks\topaneu_center5_mr_061.nii.gz,type_masks,topaneu_center5_mr_061.nii.gz,.nii.gz,153513,149.92,0.1464
type_masks\topaneu_center5_mr_063.nii.gz,type_masks,topaneu_center5_mr_063.nii.gz,.nii.gz,34896,34.08,0.0333
type_masks\topaneu_center5_mr_068.nii.gz,type_masks,topaneu_center5_mr_068.nii.gz,.nii.gz,34875,34.06,0.0333
type_masks\topaneu_center5_mr_074.nii.gz,type_masks,topaneu_center5_mr_074.nii.gz,.nii.gz,37883,37.0,0.0361
type_masks\topaneu_center5_mr_079.nii.gz,type_masks,topaneu_center5_mr_079.nii.gz,.nii.gz,36954,36.09,0.0352
type_masks\topaneu_center5_mr_081.nii.gz,type_masks,topaneu_center5_mr_081.nii.gz,.nii.gz,37965,37.08,0.0362
type_masks\topaneu_center5_mr_082.nii.gz,type_masks,topaneu_center5_mr_082.nii.gz,.nii.gz,34726,33.91,0.0331
type_masks\topaneu_center5_mr_451.nii.gz,type_masks,topaneu_center5_mr_451.nii.gz,.nii.gz,59251,57.86,0.0565
type_masks\topaneu_center5_mr_452.nii.gz,type_masks,topaneu_center5_mr_452.nii.gz,.nii.gz,75410,73.64,0.0719
type_masks\topaneu_center5_mr_453.nii.gz,type_masks,topaneu_center5_mr_453.nii.gz,.nii.gz,63854,62.36,0.0609
type_masks\topaneu_center5_mr_454.nii.gz,type_masks,topaneu_center5_mr_454.nii.gz,.nii.gz,11684,11.41,0.0111
type_masks\topaneu_center5_mr_455.nii.gz,type_masks,topaneu_center5_mr_455.nii.gz,.nii.gz,80092,78.21,0.0764
type_masks\topaneu_center5_mr_457.nii.gz,type_masks,topaneu_center5_mr_457.nii.gz,.nii.gz,55348,54.05,0.0528
type_masks\topaneu_center5_mr_458.nii.gz,type_masks,topaneu_center5_mr_458.nii.gz,.nii.gz,10390,10.15,0.0099
type_masks\topaneu_center5_mr_459.nii.gz,type_masks,topaneu_center5_mr_459.nii.gz,.nii.gz,47327,46.22,0.0451
type_masks\topaneu_center5_mr_460.nii.gz,type_masks,topaneu_center5_mr_460.nii.gz,.nii.gz,59487,58.09,0.0567
type_masks\topaneu_center5_mr_461.nii.gz,type_masks,topaneu_center5_mr_461.nii.gz,.nii.gz,66397,64.84,0.0633
type_masks\topaneu_center5_mr_462.nii.gz,type_masks,topaneu_center5_mr_462.nii.gz,.nii.gz,49777,48.61,0.0475
type_masks\topaneu_center5_mr_464.nii.gz,type_masks,topaneu_center5_mr_464.nii.gz,.nii.gz,65419,63.89,0.0624
type_masks\topaneu_center5_mr_465.nii.gz,type_masks,topaneu_center5_mr_465.nii.gz,.nii.gz,56158,54.84,0.0536
type_masks\topaneu_center5_mr_466.nii.gz,type_masks,topaneu_center5_mr_466.nii.gz,.nii.gz,13283,12.97,0.0127
type_masks\topaneu_center5_mr_467.nii.gz,type_masks,topaneu_center5_mr_467.nii.gz,.nii.gz,68213,66.61,0.0651
type_masks\topaneu_center5_mr_469.nii.gz,type_masks,topaneu_center5_mr_469.nii.gz,.nii.gz,46373,45.29,0.0442
type_masks\topaneu_center5_mr_470.nii.gz,type_masks,topaneu_center5_mr_470.nii.gz,.nii.gz,12005,11.72,0.0114
type_masks\topaneu_center5_mr_471.nii.gz,type_masks,topaneu_center5_mr_471.nii.gz,.nii.gz,67663,66.08,0.0645
type_masks\topaneu_center5_mr_472.nii.gz,type_masks,topaneu_center5_mr_472.nii.gz,.nii.gz,17433,17.02,0.0166
type_masks\topaneu_center5_mr_473.nii.gz,type_masks,topaneu_center5_mr_473.nii.gz,.nii.gz,11998,11.72,0.0114
type_masks\topaneu_center5_mr_474.nii.gz,type_masks,topaneu_center5_mr_474.nii.gz,.nii.gz,64887,63.37,0.0619
type_masks\topaneu_center5_mr_475.nii.gz,type_masks,topaneu_center5_mr_475.nii.gz,.nii.gz,51550,50.34,0.0492
type_masks\topaneu_center5_mr_476.nii.gz,type_masks,topaneu_center5_mr_476.nii.gz,.nii.gz,12757,12.46,0.0122
type_masks\topaneu_center5_mr_478.nii.gz,type_masks,topaneu_center5_mr_478.nii.gz,.nii.gz,90328,88.21,0.0861
type_masks\topaneu_center5_mr_479.nii.gz,type_masks,topaneu_center5_mr_479.nii.gz,.nii.gz,62181,60.72,0.0593
type_masks\topaneu_center5_mr_480.nii.gz,type_masks,topaneu_center5_mr_480.nii.gz,.nii.gz,15404,15.04,0.0147
type_masks\topaneu_center5_mr_481.nii.gz,type_masks,topaneu_center5_mr_481.nii.gz,.nii.gz,66561,65.0,0.0635
type_masks\topaneu_center5_mr_484.nii.gz,type_masks,topaneu_center5_mr_484.nii.gz,.nii.gz,14252,13.92,0.0136
type_masks\topaneu_center5_mr_485.nii.gz,type_masks,topaneu_center5_mr_485.nii.gz,.nii.gz,16183,15.8,0.0154
type_masks\topaneu_center5_mr_486.nii.gz,type_masks,topaneu_center5_mr_486.nii.gz,.nii.gz,11426,11.16,0.0109
type_masks\topaneu_center5_mr_487.nii.gz,type_masks,topaneu_center5_mr_487.nii.gz,.nii.gz,50408,49.23,0.0481
type_masks\topaneu_center5_mr_488.nii.gz,type_masks,topaneu_center5_mr_488.nii.gz,.nii.gz,17554,17.14,0.0167
type_masks\topaneu_center5_mr_489.nii.gz,type_masks,topaneu_center5_mr_489.nii.gz,.nii.gz,11764,11.49,0.0112
type_masks\topaneu_center5_mr_490.nii.gz,type_masks,topaneu_center5_mr_490.nii.gz,.nii.gz,60439,59.02,0.0576
type_masks\topaneu_center5_mr_491.nii.gz,type_masks,topaneu_center5_mr_491.nii.gz,.nii.gz,48745,47.6,0.0465
type_masks\topaneu_center5_mr_492.nii.gz,type_masks,topaneu_center5_mr_492.nii.gz,.nii.gz,54440,53.16,0.0519
vessel_masks\._topaneu_center1_mr_001.nii.gz,vessel_masks,._topaneu_center1_mr_001.nii.gz,.nii.gz,4096,4.0,0.0039
vessel_masks\._topaneu_center1_mr_005.nii.gz,vessel_masks,._topaneu_center1_mr_005.nii.gz,.nii.gz,4096,4.0,0.0039
vessel_masks\._topaneu_center1_mr_016.nii.gz,vessel_masks,._topaneu_center1_mr_016.nii.gz,.nii.gz,4096,4.0,0.0039
vessel_masks\._topaneu_center1_mr_017.nii.gz,vessel_masks,._topaneu_center1_mr_017.nii.gz,.nii.gz,4096,4.0,0.0039
vessel_masks\._topaneu_center1_mr_018.nii.gz,vessel_masks,._topaneu_center1_mr_018.nii.gz,.nii.gz,4096,4.0,0.0039
vessel_masks\._topaneu_center1_mr_024.nii.gz,vessel_masks,._topaneu_center1_mr_024.nii.gz,.nii.gz,4096,4.0,0.0039
vessel_masks\._topaneu_center1_mr_028.nii.gz,vessel_masks,._topaneu_center1_mr_028.nii.gz,.nii.gz,4096,4.0,0.0039
vessel_masks\._topaneu_center1_mr_029.nii.gz,vessel_masks,._topaneu_center1_mr_029.nii.gz,.nii.gz,4096,4.0,0.0039
vessel_masks\._topaneu_center1_mr_033.nii.gz,vessel_masks,._topaneu_center1_mr_033.nii.gz,.nii.gz,4096,4.0,0.0039
vessel_masks\._topaneu_center1_mr_038.nii.gz,vessel_masks,._topaneu_center1_mr_038.nii.gz,.nii.gz,4096,4.0,0.0039
vessel_masks\._topaneu_center1_mr_049.nii.gz,vessel_masks,._topaneu_center1_mr_049.nii.gz,.nii.gz,4096,4.0,0.0039
vessel_masks\._topaneu_center1_mr_050.nii.gz,vessel_masks,._topaneu_center1_mr_050.nii.gz,.nii.gz,4096,4.0,0.0039
vessel_masks\._topaneu_center1_mr_053.nii.gz,vessel_masks,._topaneu_center1_mr_053.nii.gz,.nii.gz,4096,4.0,0.0039
vessel_masks\._topaneu_center1_mr_056.nii.gz,vessel_masks,._topaneu_center1_mr_056.nii.gz,.nii.gz,4096,4.0,0.0039
vessel_masks\._topaneu_center1_mr_061.nii.gz,vessel_masks,._topaneu_center1_mr_061.nii.gz,.nii.gz,4096,4.0,0.0039
vessel_masks\._topaneu_center1_mr_064.nii.gz,vessel_masks,._topaneu_center1_mr_064.nii.gz,.nii.gz,4096,4.0,0.0039
vessel_masks\._topaneu_center1_mr_076.nii.gz,vessel_masks,._topaneu_center1_mr_076.nii.gz,.nii.gz,4096,4.0,0.0039
vessel_masks\._topaneu_center1_mr_085.nii.gz,vessel_masks,._topaneu_center1_mr_085.nii.gz,.nii.gz,4096,4.0,0.0039
vessel_masks\._topaneu_center1_mr_088.nii.gz,vessel_masks,._topaneu_center1_mr_088.nii.gz,.nii.gz,4096,4.0,0.0039
vessel_masks\._topaneu_center1_mr_092.nii.gz,vessel_masks,._topaneu_center1_mr_092.nii.gz,.nii.gz,4096,4.0,0.0039
vessel_masks\._topaneu_center1_mr_113.nii.gz,vessel_masks,._topaneu_center1_mr_113.nii.gz,.nii.gz,4096,4.0,0.0039
vessel_masks\._topaneu_center1_mr_119.nii.gz,vessel_masks,._topaneu_center1_mr_119.nii.gz,.nii.gz,4096,4.0,0.0039
vessel_masks\._topaneu_center1_mr_121.nii.gz,vessel_masks,._topaneu_center1_mr_121.nii.gz,.nii.gz,4096,4.0,0.0039
vessel_masks\._topaneu_center1_mr_129.nii.gz,vessel_masks,._topaneu_center1_mr_129.nii.gz,.nii.gz,4096,4.0,0.0039
vessel_masks\._topaneu_center1_mr_136.nii.gz,vessel_masks,._topaneu_center1_mr_136.nii.gz,.nii.gz,4096,4.0,0.0039
vessel_masks\._topaneu_center1_mr_138.nii.gz,vessel_masks,._topaneu_center1_mr_138.nii.gz,.nii.gz,4096,4.0,0.0039
vessel_masks\._topaneu_center1_mr_144.nii.gz,vessel_masks,._topaneu_center1_mr_144.nii.gz,.nii.gz,4096,4.0,0.0039
vessel_masks\._topaneu_center1_mr_147.nii.gz,vessel_masks,._topaneu_center1_mr_147.nii.gz,.nii.gz,4096,4.0,0.0039
vessel_masks\._topaneu_center1_mr_148.nii.gz,vessel_masks,._topaneu_center1_mr_148.nii.gz,.nii.gz,4096,4.0,0.0039
vessel_masks\._topaneu_center1_mr_149.nii.gz,vessel_masks,._topaneu_center1_mr_149.nii.gz,.nii.gz,4096,4.0,0.0039
vessel_masks\._topaneu_center1_mr_157.nii.gz,vessel_masks,._topaneu_center1_mr_157.nii.gz,.nii.gz,4096,4.0,0.0039
vessel_masks\._topaneu_center1_mr_173.nii.gz,vessel_masks,._topaneu_center1_mr_173.nii.gz,.nii.gz,4096,4.0,0.0039
vessel_masks\._topaneu_center1_mr_177.nii.gz,vessel_masks,._topaneu_center1_mr_177.nii.gz,.nii.gz,4096,4.0,0.0039
vessel_masks\._topaneu_center1_mr_178.nii.gz,vessel_masks,._topaneu_center1_mr_178.nii.gz,.nii.gz,4096,4.0,0.0039
vessel_masks\._topaneu_center1_mr_184.nii.gz,vessel_masks,._topaneu_center1_mr_184.nii.gz,.nii.gz,4096,4.0,0.0039
vessel_masks\._topaneu_center1_mr_188.nii.gz,vessel_masks,._topaneu_center1_mr_188.nii.gz,.nii.gz,4096,4.0,0.0039
vessel_masks\._topaneu_center1_mr_189.nii.gz,vessel_masks,._topaneu_center1_mr_189.nii.gz,.nii.gz,4096,4.0,0.0039
vessel_masks\._topaneu_center1_mr_191.nii.gz,vessel_masks,._topaneu_center1_mr_191.nii.gz,.nii.gz,4096,4.0,0.0039
vessel_masks\._topaneu_center1_mr_193.nii.gz,vessel_masks,._topaneu_center1_mr_193.nii.gz,.nii.gz,4096,4.0,0.0039
vessel_masks\._topaneu_center1_mr_195.nii.gz,vessel_masks,._topaneu_center1_mr_195.nii.gz,.nii.gz,4096,4.0,0.0039
vessel_masks\._topaneu_center1_mr_198.nii.gz,vessel_masks,._topaneu_center1_mr_198.nii.gz,.nii.gz,4096,4.0,0.0039
vessel_masks\._topaneu_center1_mr_200.nii.gz,vessel_masks,._topaneu_center1_mr_200.nii.gz,.nii.gz,4096,4.0,0.0039
vessel_masks\._topaneu_center1_mr_202.nii.gz,vessel_masks,._topaneu_center1_mr_202.nii.gz,.nii.gz,4096,4.0,0.0039
vessel_masks\._topaneu_center1_mr_210.nii.gz,vessel_masks,._topaneu_center1_mr_210.nii.gz,.nii.gz,4096,4.0,0.0039
vessel_masks\._topaneu_center1_mr_211.nii.gz,vessel_masks,._topaneu_center1_mr_211.nii.gz,.nii.gz,4096,4.0,0.0039
vessel_masks\._topaneu_center1_mr_213.nii.gz,vessel_masks,._topaneu_center1_mr_213.nii.gz,.nii.gz,4096,4.0,0.0039
vessel_masks\._topaneu_center1_mr_221.nii.gz,vessel_masks,._topaneu_center1_mr_221.nii.gz,.nii.gz,4096,4.0,0.0039
vessel_masks\._topaneu_center1_mr_229.nii.gz,vessel_masks,._topaneu_center1_mr_229.nii.gz,.nii.gz,4096,4.0,0.0039
vessel_masks\._topaneu_center1_mr_241.nii.gz,vessel_masks,._topaneu_center1_mr_241.nii.gz,.nii.gz,4096,4.0,0.0039
vessel_masks\._topaneu_center1_mr_247.nii.gz,vessel_masks,._topaneu_center1_mr_247.nii.gz,.nii.gz,4096,4.0,0.0039
vessel_masks\._topaneu_center1_mr_251.nii.gz,vessel_masks,._topaneu_center1_mr_251.nii.gz,.nii.gz,4096,4.0,0.0039
vessel_masks\._topaneu_center1_mr_262.nii.gz,vessel_masks,._topaneu_center1_mr_262.nii.gz,.nii.gz,4096,4.0,0.0039
vessel_masks\._topaneu_center1_mr_264.nii.gz,vessel_masks,._topaneu_center1_mr_264.nii.gz,.nii.gz,4096,4.0,0.0039
vessel_masks\._topaneu_center1_mr_282.nii.gz,vessel_masks,._topaneu_center1_mr_282.nii.gz,.nii.gz,4096,4.0,0.0039
vessel_masks\._topaneu_center1_mr_287.nii.gz,vessel_masks,._topaneu_center1_mr_287.nii.gz,.nii.gz,4096,4.0,0.0039
vessel_masks\._topaneu_center1_mr_290.nii.gz,vessel_masks,._topaneu_center1_mr_290.nii.gz,.nii.gz,4096,4.0,0.0039
vessel_masks\._topaneu_center1_mr_298.nii.gz,vessel_masks,._topaneu_center1_mr_298.nii.gz,.nii.gz,4096,4.0,0.0039
vessel_masks\._topaneu_center1_mr_299.nii.gz,vessel_masks,._topaneu_center1_mr_299.nii.gz,.nii.gz,4096,4.0,0.0039
vessel_masks\._topaneu_center1_mr_301.nii.gz,vessel_masks,._topaneu_center1_mr_301.nii.gz,.nii.gz,4096,4.0,0.0039
vessel_masks\._topaneu_center1_mr_302.nii.gz,vessel_masks,._topaneu_center1_mr_302.nii.gz,.nii.gz,4096,4.0,0.0039
vessel_masks\._topaneu_center1_mr_308.nii.gz,vessel_masks,._topaneu_center1_mr_308.nii.gz,.nii.gz,4096,4.0,0.0039
vessel_masks\._topaneu_center1_mr_311.nii.gz,vessel_masks,._topaneu_center1_mr_311.nii.gz,.nii.gz,4096,4.0,0.0039
vessel_masks\._topaneu_center1_mr_316.nii.gz,vessel_masks,._topaneu_center1_mr_316.nii.gz,.nii.gz,4096,4.0,0.0039
vessel_masks\._topaneu_center1_mr_325.nii.gz,vessel_masks,._topaneu_center1_mr_325.nii.gz,.nii.gz,4096,4.0,0.0039
vessel_masks\._topaneu_center1_mr_327.nii.gz,vessel_masks,._topaneu_center1_mr_327.nii.gz,.nii.gz,4096,4.0,0.0039
vessel_masks\._topaneu_center1_mr_330.nii.gz,vessel_masks,._topaneu_center1_mr_330.nii.gz,.nii.gz,4096,4.0,0.0039
vessel_masks\._topaneu_center1_mr_334.nii.gz,vessel_masks,._topaneu_center1_mr_334.nii.gz,.nii.gz,4096,4.0,0.0039
vessel_masks\._topaneu_center1_mr_336.nii.gz,vessel_masks,._topaneu_center1_mr_336.nii.gz,.nii.gz,4096,4.0,0.0039
vessel_masks\._topaneu_center1_mr_342.nii.gz,vessel_masks,._topaneu_center1_mr_342.nii.gz,.nii.gz,4096,4.0,0.0039
vessel_masks\._topaneu_center1_mr_349.nii.gz,vessel_masks,._topaneu_center1_mr_349.nii.gz,.nii.gz,4096,4.0,0.0039
vessel_masks\._topaneu_center1_mr_350.nii.gz,vessel_masks,._topaneu_center1_mr_350.nii.gz,.nii.gz,4096,4.0,0.0039
vessel_masks\._topaneu_center1_mr_354.nii.gz,vessel_masks,._topaneu_center1_mr_354.nii.gz,.nii.gz,4096,4.0,0.0039
vessel_masks\._topaneu_center1_mr_359.nii.gz,vessel_masks,._topaneu_center1_mr_359.nii.gz,.nii.gz,4096,4.0,0.0039
vessel_masks\._topaneu_center1_mr_364.nii.gz,vessel_masks,._topaneu_center1_mr_364.nii.gz,.nii.gz,4096,4.0,0.0039
vessel_masks\._topaneu_center1_mr_365.nii.gz,vessel_masks,._topaneu_center1_mr_365.nii.gz,.nii.gz,4096,4.0,0.0039
vessel_masks\._topaneu_center1_mr_374.nii.gz,vessel_masks,._topaneu_center1_mr_374.nii.gz,.nii.gz,4096,4.0,0.0039
vessel_masks\._topaneu_center1_mr_386.nii.gz,vessel_masks,._topaneu_center1_mr_386.nii.gz,.nii.gz,4096,4.0,0.0039
vessel_masks\._topaneu_center1_mr_393.nii.gz,vessel_masks,._topaneu_center1_mr_393.nii.gz,.nii.gz,4096,4.0,0.0039
vessel_masks\._topaneu_center1_mr_396.nii.gz,vessel_masks,._topaneu_center1_mr_396.nii.gz,.nii.gz,4096,4.0,0.0039
vessel_masks\._topaneu_center1_mr_398.nii.gz,vessel_masks,._topaneu_center1_mr_398.nii.gz,.nii.gz,4096,4.0,0.0039
vessel_masks\._topaneu_center1_mr_401.nii.gz,vessel_masks,._topaneu_center1_mr_401.nii.gz,.nii.gz,4096,4.0,0.0039
vessel_masks\._topaneu_center1_mr_411.nii.gz,vessel_masks,._topaneu_center1_mr_411.nii.gz,.nii.gz,4096,4.0,0.0039
vessel_masks\._topaneu_center1_mr_414.nii.gz,vessel_masks,._topaneu_center1_mr_414.nii.gz,.nii.gz,4096,4.0,0.0039
vessel_masks\._topaneu_center1_mr_419.nii.gz,vessel_masks,._topaneu_center1_mr_419.nii.gz,.nii.gz,4096,4.0,0.0039
vessel_masks\._topaneu_center1_mr_428.nii.gz,vessel_masks,._topaneu_center1_mr_428.nii.gz,.nii.gz,4096,4.0,0.0039
vessel_masks\._topaneu_center1_mr_436.nii.gz,vessel_masks,._topaneu_center1_mr_436.nii.gz,.nii.gz,4096,4.0,0.0039
vessel_masks\._topaneu_center1_mr_439.nii.gz,vessel_masks,._topaneu_center1_mr_439.nii.gz,.nii.gz,4096,4.0,0.0039
vessel_masks\._topaneu_center1_mr_443.nii.gz,vessel_masks,._topaneu_center1_mr_443.nii.gz,.nii.gz,4096,4.0,0.0039
vessel_masks\._topaneu_center1_mr_463.nii.gz,vessel_masks,._topaneu_center1_mr_463.nii.gz,.nii.gz,4096,4.0,0.0039
vessel_masks\._topaneu_center1_mr_474.nii.gz,vessel_masks,._topaneu_center1_mr_474.nii.gz,.nii.gz,4096,4.0,0.0039
vessel_masks\._topaneu_center1_mr_477.nii.gz,vessel_masks,._topaneu_center1_mr_477.nii.gz,.nii.gz,4096,4.0,0.0039
vessel_masks\._topaneu_center1_mr_483.nii.gz,vessel_masks,._topaneu_center1_mr_483.nii.gz,.nii.gz,4096,4.0,0.0039
vessel_masks\._topaneu_center1_mr_489.nii.gz,vessel_masks,._topaneu_center1_mr_489.nii.gz,.nii.gz,4096,4.0,0.0039
vessel_masks\._topaneu_center1_mr_490.nii.gz,vessel_masks,._topaneu_center1_mr_490.nii.gz,.nii.gz,4096,4.0,0.0039
vessel_masks\._topaneu_center1_mr_494.nii.gz,vessel_masks,._topaneu_center1_mr_494.nii.gz,.nii.gz,4096,4.0,0.0039
vessel_masks\._topaneu_center1_mr_496.nii.gz,vessel_masks,._topaneu_center1_mr_496.nii.gz,.nii.gz,4096,4.0,0.0039
vessel_masks\._topaneu_center1_mr_499.nii.gz,vessel_masks,._topaneu_center1_mr_499.nii.gz,.nii.gz,4096,4.0,0.0039
vessel_masks\._topaneu_center1_mr_501.nii.gz,vessel_masks,._topaneu_center1_mr_501.nii.gz,.nii.gz,4096,4.0,0.0039
vessel_masks\._topaneu_center1_mr_509.nii.gz,vessel_masks,._topaneu_center1_mr_509.nii.gz,.nii.gz,4096,4.0,0.0039
vessel_masks\._topaneu_center1_mr_516.nii.gz,vessel_masks,._topaneu_center1_mr_516.nii.gz,.nii.gz,4096,4.0,0.0039
vessel_masks\._topaneu_center1_mr_522.nii.gz,vessel_masks,._topaneu_center1_mr_522.nii.gz,.nii.gz,4096,4.0,0.0039
vessel_masks\._topaneu_center1_mr_523.nii.gz,vessel_masks,._topaneu_center1_mr_523.nii.gz,.nii.gz,4096,4.0,0.0039
vessel_masks\._topaneu_center1_mr_525.nii.gz,vessel_masks,._topaneu_center1_mr_525.nii.gz,.nii.gz,4096,4.0,0.0039
vessel_masks\._topaneu_center1_mr_527.nii.gz,vessel_masks,._topaneu_center1_mr_527.nii.gz,.nii.gz,4096,4.0,0.0039
vessel_masks\._topaneu_center1_mr_528.nii.gz,vessel_masks,._topaneu_center1_mr_528.nii.gz,.nii.gz,4096,4.0,0.0039
vessel_masks\._topaneu_center1_mr_538.nii.gz,vessel_masks,._topaneu_center1_mr_538.nii.gz,.nii.gz,4096,4.0,0.0039
vessel_masks\._topaneu_center1_mr_554.nii.gz,vessel_masks,._topaneu_center1_mr_554.nii.gz,.nii.gz,4096,4.0,0.0039
vessel_masks\._topaneu_center1_mr_560.nii.gz,vessel_masks,._topaneu_center1_mr_560.nii.gz,.nii.gz,4096,4.0,0.0039
vessel_masks\._topaneu_center1_mr_561.nii.gz,vessel_masks,._topaneu_center1_mr_561.nii.gz,.nii.gz,4096,4.0,0.0039
vessel_masks\._topaneu_center1_mr_572.nii.gz,vessel_masks,._topaneu_center1_mr_572.nii.gz,.nii.gz,4096,4.0,0.0039
vessel_masks\._topaneu_center1_mr_577.nii.gz,vessel_masks,._topaneu_center1_mr_577.nii.gz,.nii.gz,4096,4.0,0.0039
vessel_masks\._topaneu_center1_mr_581.nii.gz,vessel_masks,._topaneu_center1_mr_581.nii.gz,.nii.gz,4096,4.0,0.0039
vessel_masks\._topaneu_center1_mr_585.nii.gz,vessel_masks,._topaneu_center1_mr_585.nii.gz,.nii.gz,4096,4.0,0.0039
vessel_masks\._topaneu_center1_mr_586.nii.gz,vessel_masks,._topaneu_center1_mr_586.nii.gz,.nii.gz,4096,4.0,0.0039
vessel_masks\._topaneu_center1_mr_596.nii.gz,vessel_masks,._topaneu_center1_mr_596.nii.gz,.nii.gz,4096,4.0,0.0039
vessel_masks\._topaneu_center1_mr_605.nii.gz,vessel_masks,._topaneu_center1_mr_605.nii.gz,.nii.gz,4096,4.0,0.0039
vessel_masks\._topaneu_center1_mr_607.nii.gz,vessel_masks,._topaneu_center1_mr_607.nii.gz,.nii.gz,4096,4.0,0.0039
vessel_masks\._topaneu_center1_mr_612.nii.gz,vessel_masks,._topaneu_center1_mr_612.nii.gz,.nii.gz,4096,4.0,0.0039
vessel_masks\._topaneu_center1_mr_614.nii.gz,vessel_masks,._topaneu_center1_mr_614.nii.gz,.nii.gz,4096,4.0,0.0039
vessel_masks\._topaneu_center1_mr_615.nii.gz,vessel_masks,._topaneu_center1_mr_615.nii.gz,.nii.gz,4096,4.0,0.0039
vessel_masks\._topaneu_center1_mr_625.nii.gz,vessel_masks,._topaneu_center1_mr_625.nii.gz,.nii.gz,4096,4.0,0.0039
vessel_masks\._topaneu_center1_mr_626.nii.gz,vessel_masks,._topaneu_center1_mr_626.nii.gz,.nii.gz,4096,4.0,0.0039
vessel_masks\._topaneu_center1_mr_630.nii.gz,vessel_masks,._topaneu_center1_mr_630.nii.gz,.nii.gz,4096,4.0,0.0039
vessel_masks\._topaneu_center1_mr_631.nii.gz,vessel_masks,._topaneu_center1_mr_631.nii.gz,.nii.gz,4096,4.0,0.0039
vessel_masks\._topaneu_center1_mr_637.nii.gz,vessel_masks,._topaneu_center1_mr_637.nii.gz,.nii.gz,4096,4.0,0.0039
vessel_masks\._topaneu_center1_mr_638.nii.gz,vessel_masks,._topaneu_center1_mr_638.nii.gz,.nii.gz,4096,4.0,0.0039
vessel_masks\._topaneu_center1_mr_647.nii.gz,vessel_masks,._topaneu_center1_mr_647.nii.gz,.nii.gz,4096,4.0,0.0039
vessel_masks\._topaneu_center1_mr_653.nii.gz,vessel_masks,._topaneu_center1_mr_653.nii.gz,.nii.gz,4096,4.0,0.0039
vessel_masks\._topaneu_center1_mr_660.nii.gz,vessel_masks,._topaneu_center1_mr_660.nii.gz,.nii.gz,4096,4.0,0.0039
vessel_masks\._topaneu_center1_mr_664.nii.gz,vessel_masks,._topaneu_center1_mr_664.nii.gz,.nii.gz,4096,4.0,0.0039
vessel_masks\._topaneu_center1_mr_670.nii.gz,vessel_masks,._topaneu_center1_mr_670.nii.gz,.nii.gz,4096,4.0,0.0039
vessel_masks\._topaneu_center1_mr_681.nii.gz,vessel_masks,._topaneu_center1_mr_681.nii.gz,.nii.gz,4096,4.0,0.0039
vessel_masks\._topaneu_center1_mr_682.nii.gz,vessel_masks,._topaneu_center1_mr_682.nii.gz,.nii.gz,4096,4.0,0.0039
vessel_masks\._topaneu_center1_mr_693.nii.gz,vessel_masks,._topaneu_center1_mr_693.nii.gz,.nii.gz,4096,4.0,0.0039
vessel_masks\._topaneu_center1_mr_694.nii.gz,vessel_masks,._topaneu_center1_mr_694.nii.gz,.nii.gz,4096,4.0,0.0039
vessel_masks\._topaneu_center1_mr_697.nii.gz,vessel_masks,._topaneu_center1_mr_697.nii.gz,.nii.gz,4096,4.0,0.0039
vessel_masks\._topaneu_center1_mr_702.nii.gz,vessel_masks,._topaneu_center1_mr_702.nii.gz,.nii.gz,4096,4.0,0.0039
vessel_masks\._topaneu_center1_mr_713.nii.gz,vessel_masks,._topaneu_center1_mr_713.nii.gz,.nii.gz,4096,4.0,0.0039
vessel_masks\._topaneu_center1_mr_720.nii.gz,vessel_masks,._topaneu_center1_mr_720.nii.gz,.nii.gz,4096,4.0,0.0039
vessel_masks\._topaneu_center1_mr_727.nii.gz,vessel_masks,._topaneu_center1_mr_727.nii.gz,.nii.gz,4096,4.0,0.0039
vessel_masks\._topaneu_center1_mr_729.nii.gz,vessel_masks,._topaneu_center1_mr_729.nii.gz,.nii.gz,4096,4.0,0.0039
vessel_masks\._topaneu_center1_mr_731.nii.gz,vessel_masks,._topaneu_center1_mr_731.nii.gz,.nii.gz,4096,4.0,0.0039
vessel_masks\._topaneu_center1_mr_732.nii.gz,vessel_masks,._topaneu_center1_mr_732.nii.gz,.nii.gz,4096,4.0,0.0039
vessel_masks\._topaneu_center1_mr_740.nii.gz,vessel_masks,._topaneu_center1_mr_740.nii.gz,.nii.gz,4096,4.0,0.0039
vessel_masks\._topaneu_center1_mr_741.nii.gz,vessel_masks,._topaneu_center1_mr_741.nii.gz,.nii.gz,4096,4.0,0.0039
vessel_masks\._topaneu_center1_mr_742.nii.gz,vessel_masks,._topaneu_center1_mr_742.nii.gz,.nii.gz,4096,4.0,0.0039
vessel_masks\._topaneu_center1_mr_744.nii.gz,vessel_masks,._topaneu_center1_mr_744.nii.gz,.nii.gz,4096,4.0,0.0039
vessel_masks\._topaneu_center1_mr_750.nii.gz,vessel_masks,._topaneu_center1_mr_750.nii.gz,.nii.gz,4096,4.0,0.0039
vessel_masks\._topaneu_center1_mr_760.nii.gz,vessel_masks,._topaneu_center1_mr_760.nii.gz,.nii.gz,4096,4.0,0.0039
vessel_masks\._topaneu_center1_mr_763.nii.gz,vessel_masks,._topaneu_center1_mr_763.nii.gz,.nii.gz,4096,4.0,0.0039
vessel_masks\._topaneu_center1_mr_765.nii.gz,vessel_masks,._topaneu_center1_mr_765.nii.gz,.nii.gz,4096,4.0,0.0039
vessel_masks\._topaneu_center1_mr_770.nii.gz,vessel_masks,._topaneu_center1_mr_770.nii.gz,.nii.gz,4096,4.0,0.0039
vessel_masks\._topaneu_center1_mr_772.nii.gz,vessel_masks,._topaneu_center1_mr_772.nii.gz,.nii.gz,4096,4.0,0.0039
vessel_masks\._topaneu_center1_mr_774.nii.gz,vessel_masks,._topaneu_center1_mr_774.nii.gz,.nii.gz,4096,4.0,0.0039
vessel_masks\._topaneu_center1_mr_775.nii.gz,vessel_masks,._topaneu_center1_mr_775.nii.gz,.nii.gz,4096,4.0,0.0039
vessel_masks\._topaneu_center1_mr_776.nii.gz,vessel_masks,._topaneu_center1_mr_776.nii.gz,.nii.gz,4096,4.0,0.0039
vessel_masks\._topaneu_center1_mr_788.nii.gz,vessel_masks,._topaneu_center1_mr_788.nii.gz,.nii.gz,4096,4.0,0.0039
vessel_masks\._topaneu_center1_mr_789.nii.gz,vessel_masks,._topaneu_center1_mr_789.nii.gz,.nii.gz,4096,4.0,0.0039
vessel_masks\._topaneu_center1_mr_790.nii.gz,vessel_masks,._topaneu_center1_mr_790.nii.gz,.nii.gz,4096,4.0,0.0039
vessel_masks\._topaneu_center1_mr_792.nii.gz,vessel_masks,._topaneu_center1_mr_792.nii.gz,.nii.gz,4096,4.0,0.0039
vessel_masks\._topaneu_center1_mr_795.nii.gz,vessel_masks,._topaneu_center1_mr_795.nii.gz,.nii.gz,4096,4.0,0.0039
vessel_masks\._topaneu_center1_mr_797.nii.gz,vessel_masks,._topaneu_center1_mr_797.nii.gz,.nii.gz,4096,4.0,0.0039
vessel_masks\._topaneu_center1_mr_800.nii.gz,vessel_masks,._topaneu_center1_mr_800.nii.gz,.nii.gz,4096,4.0,0.0039
vessel_masks\._topaneu_center1_mr_804.nii.gz,vessel_masks,._topaneu_center1_mr_804.nii.gz,.nii.gz,4096,4.0,0.0039
vessel_masks\._topaneu_center1_mr_807.nii.gz,vessel_masks,._topaneu_center1_mr_807.nii.gz,.nii.gz,4096,4.0,0.0039
vessel_masks\._topaneu_center1_mr_810.nii.gz,vessel_masks,._topaneu_center1_mr_810.nii.gz,.nii.gz,4096,4.0,0.0039
vessel_masks\._topaneu_center1_mr_816.nii.gz,vessel_masks,._topaneu_center1_mr_816.nii.gz,.nii.gz,4096,4.0,0.0039
vessel_masks\._topaneu_center1_mr_819.nii.gz,vessel_masks,._topaneu_center1_mr_819.nii.gz,.nii.gz,4096,4.0,0.0039
vessel_masks\._topaneu_center1_mr_823.nii.gz,vessel_masks,._topaneu_center1_mr_823.nii.gz,.nii.gz,4096,4.0,0.0039
vessel_masks\._topaneu_center1_mr_840.nii.gz,vessel_masks,._topaneu_center1_mr_840.nii.gz,.nii.gz,4096,4.0,0.0039
vessel_masks\._topaneu_center1_mr_842.nii.gz,vessel_masks,._topaneu_center1_mr_842.nii.gz,.nii.gz,4096,4.0,0.0039
vessel_masks\._topaneu_center1_mr_848.nii.gz,vessel_masks,._topaneu_center1_mr_848.nii.gz,.nii.gz,4096,4.0,0.0039
vessel_masks\._topaneu_center1_mr_850.nii.gz,vessel_masks,._topaneu_center1_mr_850.nii.gz,.nii.gz,4096,4.0,0.0039
vessel_masks\._topaneu_center1_mr_871.nii.gz,vessel_masks,._topaneu_center1_mr_871.nii.gz,.nii.gz,4096,4.0,0.0039
vessel_masks\._topaneu_center1_mr_877.nii.gz,vessel_masks,._topaneu_center1_mr_877.nii.gz,.nii.gz,4096,4.0,0.0039
vessel_masks\._topaneu_center1_mr_891.nii.gz,vessel_masks,._topaneu_center1_mr_891.nii.gz,.nii.gz,4096,4.0,0.0039
vessel_masks\._topaneu_center1_mr_892.nii.gz,vessel_masks,._topaneu_center1_mr_892.nii.gz,.nii.gz,4096,4.0,0.0039
vessel_masks\._topaneu_center1_mr_895.nii.gz,vessel_masks,._topaneu_center1_mr_895.nii.gz,.nii.gz,4096,4.0,0.0039
vessel_masks\._topaneu_center1_mr_896.nii.gz,vessel_masks,._topaneu_center1_mr_896.nii.gz,.nii.gz,4096,4.0,0.0039
vessel_masks\._topaneu_center1_mr_902.nii.gz,vessel_masks,._topaneu_center1_mr_902.nii.gz,.nii.gz,4096,4.0,0.0039
vessel_masks\._topaneu_center1_mr_909.nii.gz,vessel_masks,._topaneu_center1_mr_909.nii.gz,.nii.gz,4096,4.0,0.0039
vessel_masks\._topaneu_center1_mr_910.nii.gz,vessel_masks,._topaneu_center1_mr_910.nii.gz,.nii.gz,4096,4.0,0.0039
vessel_masks\._topaneu_center1_mr_911.nii.gz,vessel_masks,._topaneu_center1_mr_911.nii.gz,.nii.gz,4096,4.0,0.0039
vessel_masks\._topaneu_center1_mr_917.nii.gz,vessel_masks,._topaneu_center1_mr_917.nii.gz,.nii.gz,4096,4.0,0.0039
vessel_masks\._topaneu_center1_mr_920.nii.gz,vessel_masks,._topaneu_center1_mr_920.nii.gz,.nii.gz,4096,4.0,0.0039
vessel_masks\._topaneu_center1_mr_921.nii.gz,vessel_masks,._topaneu_center1_mr_921.nii.gz,.nii.gz,4096,4.0,0.0039
vessel_masks\._topaneu_center1_mr_922.nii.gz,vessel_masks,._topaneu_center1_mr_922.nii.gz,.nii.gz,4096,4.0,0.0039
vessel_masks\._topaneu_center1_mr_924.nii.gz,vessel_masks,._topaneu_center1_mr_924.nii.gz,.nii.gz,4096,4.0,0.0039
vessel_masks\._topaneu_center1_mr_926.nii.gz,vessel_masks,._topaneu_center1_mr_926.nii.gz,.nii.gz,4096,4.0,0.0039
vessel_masks\._topaneu_center1_mr_928.nii.gz,vessel_masks,._topaneu_center1_mr_928.nii.gz,.nii.gz,4096,4.0,0.0039
vessel_masks\._topaneu_center1_mr_939.nii.gz,vessel_masks,._topaneu_center1_mr_939.nii.gz,.nii.gz,4096,4.0,0.0039
vessel_masks\._topaneu_center1_mr_940.nii.gz,vessel_masks,._topaneu_center1_mr_940.nii.gz,.nii.gz,4096,4.0,0.0039
vessel_masks\._topaneu_center1_mr_942.nii.gz,vessel_masks,._topaneu_center1_mr_942.nii.gz,.nii.gz,4096,4.0,0.0039
vessel_masks\._topaneu_center1_mr_944.nii.gz,vessel_masks,._topaneu_center1_mr_944.nii.gz,.nii.gz,4096,4.0,0.0039
vessel_masks\._topaneu_center1_mr_959.nii.gz,vessel_masks,._topaneu_center1_mr_959.nii.gz,.nii.gz,4096,4.0,0.0039
vessel_masks\._topaneu_center1_mr_961.nii.gz,vessel_masks,._topaneu_center1_mr_961.nii.gz,.nii.gz,4096,4.0,0.0039
vessel_masks\._topaneu_center1_mr_975.nii.gz,vessel_masks,._topaneu_center1_mr_975.nii.gz,.nii.gz,4096,4.0,0.0039
vessel_masks\._topaneu_center1_mr_981.nii.gz,vessel_masks,._topaneu_center1_mr_981.nii.gz,.nii.gz,4096,4.0,0.0039
vessel_masks\._topaneu_center1_mr_991.nii.gz,vessel_masks,._topaneu_center1_mr_991.nii.gz,.nii.gz,4096,4.0,0.0039
vessel_masks\._topaneu_center2_ct_105.nii.gz,vessel_masks,._topaneu_center2_ct_105.nii.gz,.nii.gz,4096,4.0,0.0039
vessel_masks\._topaneu_center2_ct_107.nii.gz,vessel_masks,._topaneu_center2_ct_107.nii.gz,.nii.gz,4096,4.0,0.0039
vessel_masks\._topaneu_center2_ct_108.nii.gz,vessel_masks,._topaneu_center2_ct_108.nii.gz,.nii.gz,4096,4.0,0.0039
vessel_masks\._topaneu_center2_ct_109.nii.gz,vessel_masks,._topaneu_center2_ct_109.nii.gz,.nii.gz,4096,4.0,0.0039
vessel_masks\._topaneu_center2_ct_112.nii.gz,vessel_masks,._topaneu_center2_ct_112.nii.gz,.nii.gz,4096,4.0,0.0039
vessel_masks\._topaneu_center2_ct_113.nii.gz,vessel_masks,._topaneu_center2_ct_113.nii.gz,.nii.gz,4096,4.0,0.0039
vessel_masks\._topaneu_center2_ct_118.nii.gz,vessel_masks,._topaneu_center2_ct_118.nii.gz,.nii.gz,4096,4.0,0.0039
vessel_masks\._topaneu_center2_ct_119.nii.gz,vessel_masks,._topaneu_center2_ct_119.nii.gz,.nii.gz,4096,4.0,0.0039
vessel_masks\._topaneu_center2_ct_120.nii.gz,vessel_masks,._topaneu_center2_ct_120.nii.gz,.nii.gz,4096,4.0,0.0039
vessel_masks\._topaneu_center2_ct_125.nii.gz,vessel_masks,._topaneu_center2_ct_125.nii.gz,.nii.gz,4096,4.0,0.0039
vessel_masks\._topaneu_center2_ct_126.nii.gz,vessel_masks,._topaneu_center2_ct_126.nii.gz,.nii.gz,4096,4.0,0.0039
vessel_masks\._topaneu_center2_ct_127.nii.gz,vessel_masks,._topaneu_center2_ct_127.nii.gz,.nii.gz,4096,4.0,0.0039
vessel_masks\._topaneu_center2_ct_128.nii.gz,vessel_masks,._topaneu_center2_ct_128.nii.gz,.nii.gz,4096,4.0,0.0039
vessel_masks\._topaneu_center2_ct_130.nii.gz,vessel_masks,._topaneu_center2_ct_130.nii.gz,.nii.gz,4096,4.0,0.0039
vessel_masks\._topaneu_center2_ct_134.nii.gz,vessel_masks,._topaneu_center2_ct_134.nii.gz,.nii.gz,4096,4.0,0.0039
vessel_masks\._topaneu_center2_ct_137.nii.gz,vessel_masks,._topaneu_center2_ct_137.nii.gz,.nii.gz,4096,4.0,0.0039
vessel_masks\._topaneu_center2_ct_138.nii.gz,vessel_masks,._topaneu_center2_ct_138.nii.gz,.nii.gz,4096,4.0,0.0039
vessel_masks\._topaneu_center2_ct_141.nii.gz,vessel_masks,._topaneu_center2_ct_141.nii.gz,.nii.gz,4096,4.0,0.0039
vessel_masks\._topaneu_center2_ct_142.nii.gz,vessel_masks,._topaneu_center2_ct_142.nii.gz,.nii.gz,4096,4.0,0.0039
vessel_masks\._topaneu_center2_ct_144.nii.gz,vessel_masks,._topaneu_center2_ct_144.nii.gz,.nii.gz,4096,4.0,0.0039
vessel_masks\._topaneu_center2_ct_147.nii.gz,vessel_masks,._topaneu_center2_ct_147.nii.gz,.nii.gz,4096,4.0,0.0039
vessel_masks\._topaneu_center2_ct_150.nii.gz,vessel_masks,._topaneu_center2_ct_150.nii.gz,.nii.gz,4096,4.0,0.0039
vessel_masks\._topaneu_center2_ct_154.nii.gz,vessel_masks,._topaneu_center2_ct_154.nii.gz,.nii.gz,4096,4.0,0.0039
vessel_masks\._topaneu_center2_ct_156.nii.gz,vessel_masks,._topaneu_center2_ct_156.nii.gz,.nii.gz,4096,4.0,0.0039
vessel_masks\._topaneu_center2_ct_160.nii.gz,vessel_masks,._topaneu_center2_ct_160.nii.gz,.nii.gz,4096,4.0,0.0039
vessel_masks\._topaneu_center2_ct_161.nii.gz,vessel_masks,._topaneu_center2_ct_161.nii.gz,.nii.gz,4096,4.0,0.0039
vessel_masks\._topaneu_center2_ct_162.nii.gz,vessel_masks,._topaneu_center2_ct_162.nii.gz,.nii.gz,4096,4.0,0.0039
vessel_masks\._topaneu_center2_ct_163.nii.gz,vessel_masks,._topaneu_center2_ct_163.nii.gz,.nii.gz,4096,4.0,0.0039
vessel_masks\._topaneu_center2_ct_164.nii.gz,vessel_masks,._topaneu_center2_ct_164.nii.gz,.nii.gz,4096,4.0,0.0039
vessel_masks\._topaneu_center2_ct_165.nii.gz,vessel_masks,._topaneu_center2_ct_165.nii.gz,.nii.gz,4096,4.0,0.0039
vessel_masks\._topaneu_center2_ct_166.nii.gz,vessel_masks,._topaneu_center2_ct_166.nii.gz,.nii.gz,4096,4.0,0.0039
vessel_masks\._topaneu_center2_ct_167.nii.gz,vessel_masks,._topaneu_center2_ct_167.nii.gz,.nii.gz,4096,4.0,0.0039
vessel_masks\._topaneu_center2_ct_169.nii.gz,vessel_masks,._topaneu_center2_ct_169.nii.gz,.nii.gz,4096,4.0,0.0039
vessel_masks\._topaneu_center2_ct_170.nii.gz,vessel_masks,._topaneu_center2_ct_170.nii.gz,.nii.gz,4096,4.0,0.0039
vessel_masks\._topaneu_center2_ct_171.nii.gz,vessel_masks,._topaneu_center2_ct_171.nii.gz,.nii.gz,4096,4.0,0.0039
vessel_masks\._topaneu_center2_ct_172.nii.gz,vessel_masks,._topaneu_center2_ct_172.nii.gz,.nii.gz,4096,4.0,0.0039
vessel_masks\._topaneu_center2_ct_173.nii.gz,vessel_masks,._topaneu_center2_ct_173.nii.gz,.nii.gz,4096,4.0,0.0039
vessel_masks\._topaneu_center2_ct_174.nii.gz,vessel_masks,._topaneu_center2_ct_174.nii.gz,.nii.gz,4096,4.0,0.0039
vessel_masks\._topaneu_center2_ct_175.nii.gz,vessel_masks,._topaneu_center2_ct_175.nii.gz,.nii.gz,4096,4.0,0.0039
vessel_masks\._topaneu_center2_ct_184.nii.gz,vessel_masks,._topaneu_center2_ct_184.nii.gz,.nii.gz,4096,4.0,0.0039
vessel_masks\._topaneu_center2_ct_189.nii.gz,vessel_masks,._topaneu_center2_ct_189.nii.gz,.nii.gz,4096,4.0,0.0039
vessel_masks\._topaneu_center2_ct_190.nii.gz,vessel_masks,._topaneu_center2_ct_190.nii.gz,.nii.gz,4096,4.0,0.0039
vessel_masks\._topaneu_center2_ct_191.nii.gz,vessel_masks,._topaneu_center2_ct_191.nii.gz,.nii.gz,4096,4.0,0.0039
vessel_masks\._topaneu_center2_ct_192.nii.gz,vessel_masks,._topaneu_center2_ct_192.nii.gz,.nii.gz,4096,4.0,0.0039
vessel_masks\._topaneu_center2_ct_193.nii.gz,vessel_masks,._topaneu_center2_ct_193.nii.gz,.nii.gz,4096,4.0,0.0039
vessel_masks\._topaneu_center2_ct_196.nii.gz,vessel_masks,._topaneu_center2_ct_196.nii.gz,.nii.gz,4096,4.0,0.0039
vessel_masks\._topaneu_center2_ct_197.nii.gz,vessel_masks,._topaneu_center2_ct_197.nii.gz,.nii.gz,4096,4.0,0.0039
vessel_masks\._topaneu_center2_mr_002.nii.gz,vessel_masks,._topaneu_center2_mr_002.nii.gz,.nii.gz,4096,4.0,0.0039
vessel_masks\._topaneu_center2_mr_004.nii.gz,vessel_masks,._topaneu_center2_mr_004.nii.gz,.nii.gz,4096,4.0,0.0039
vessel_masks\._topaneu_center2_mr_007.nii.gz,vessel_masks,._topaneu_center2_mr_007.nii.gz,.nii.gz,4096,4.0,0.0039
vessel_masks\._topaneu_center2_mr_010.nii.gz,vessel_masks,._topaneu_center2_mr_010.nii.gz,.nii.gz,4096,4.0,0.0039
vessel_masks\._topaneu_center2_mr_011.nii.gz,vessel_masks,._topaneu_center2_mr_011.nii.gz,.nii.gz,4096,4.0,0.0039
vessel_masks\._topaneu_center2_mr_012.nii.gz,vessel_masks,._topaneu_center2_mr_012.nii.gz,.nii.gz,4096,4.0,0.0039
vessel_masks\._topaneu_center2_mr_016.nii.gz,vessel_masks,._topaneu_center2_mr_016.nii.gz,.nii.gz,4096,4.0,0.0039
vessel_masks\._topaneu_center2_mr_017.nii.gz,vessel_masks,._topaneu_center2_mr_017.nii.gz,.nii.gz,4096,4.0,0.0039
vessel_masks\._topaneu_center2_mr_018.nii.gz,vessel_masks,._topaneu_center2_mr_018.nii.gz,.nii.gz,4096,4.0,0.0039
vessel_masks\._topaneu_center2_mr_019.nii.gz,vessel_masks,._topaneu_center2_mr_019.nii.gz,.nii.gz,4096,4.0,0.0039
vessel_masks\._topaneu_center2_mr_020.nii.gz,vessel_masks,._topaneu_center2_mr_020.nii.gz,.nii.gz,4096,4.0,0.0039
vessel_masks\._topaneu_center2_mr_025.nii.gz,vessel_masks,._topaneu_center2_mr_025.nii.gz,.nii.gz,4096,4.0,0.0039
vessel_masks\._topaneu_center2_mr_028.nii.gz,vessel_masks,._topaneu_center2_mr_028.nii.gz,.nii.gz,4096,4.0,0.0039
vessel_masks\._topaneu_center2_mr_029.nii.gz,vessel_masks,._topaneu_center2_mr_029.nii.gz,.nii.gz,4096,4.0,0.0039
vessel_masks\._topaneu_center2_mr_031.nii.gz,vessel_masks,._topaneu_center2_mr_031.nii.gz,.nii.gz,4096,4.0,0.0039
vessel_masks\._topaneu_center2_mr_032.nii.gz,vessel_masks,._topaneu_center2_mr_032.nii.gz,.nii.gz,4096,4.0,0.0039
vessel_masks\._topaneu_center2_mr_034.nii.gz,vessel_masks,._topaneu_center2_mr_034.nii.gz,.nii.gz,4096,4.0,0.0039
vessel_masks\._topaneu_center2_mr_035.nii.gz,vessel_masks,._topaneu_center2_mr_035.nii.gz,.nii.gz,4096,4.0,0.0039
vessel_masks\._topaneu_center2_mr_038.nii.gz,vessel_masks,._topaneu_center2_mr_038.nii.gz,.nii.gz,4096,4.0,0.0039
vessel_masks\._topaneu_center2_mr_042.nii.gz,vessel_masks,._topaneu_center2_mr_042.nii.gz,.nii.gz,4096,4.0,0.0039
vessel_masks\._topaneu_center2_mr_044.nii.gz,vessel_masks,._topaneu_center2_mr_044.nii.gz,.nii.gz,4096,4.0,0.0039
vessel_masks\._topaneu_center2_mr_047.nii.gz,vessel_masks,._topaneu_center2_mr_047.nii.gz,.nii.gz,4096,4.0,0.0039
vessel_masks\._topaneu_center2_mr_048.nii.gz,vessel_masks,._topaneu_center2_mr_048.nii.gz,.nii.gz,4096,4.0,0.0039
vessel_masks\._topaneu_center2_mr_049.nii.gz,vessel_masks,._topaneu_center2_mr_049.nii.gz,.nii.gz,4096,4.0,0.0039
vessel_masks\._topaneu_center2_mr_050.nii.gz,vessel_masks,._topaneu_center2_mr_050.nii.gz,.nii.gz,4096,4.0,0.0039
vessel_masks\._topaneu_center2_mr_051.nii.gz,vessel_masks,._topaneu_center2_mr_051.nii.gz,.nii.gz,4096,4.0,0.0039
vessel_masks\._topaneu_center2_mr_054.nii.gz,vessel_masks,._topaneu_center2_mr_054.nii.gz,.nii.gz,4096,4.0,0.0039
vessel_masks\._topaneu_center2_mr_055.nii.gz,vessel_masks,._topaneu_center2_mr_055.nii.gz,.nii.gz,4096,4.0,0.0039
vessel_masks\._topaneu_center2_mr_056.nii.gz,vessel_masks,._topaneu_center2_mr_056.nii.gz,.nii.gz,4096,4.0,0.0039
vessel_masks\._topaneu_center2_mr_057.nii.gz,vessel_masks,._topaneu_center2_mr_057.nii.gz,.nii.gz,4096,4.0,0.0039
vessel_masks\._topaneu_center2_mr_058.nii.gz,vessel_masks,._topaneu_center2_mr_058.nii.gz,.nii.gz,4096,4.0,0.0039
vessel_masks\._topaneu_center2_mr_069.nii.gz,vessel_masks,._topaneu_center2_mr_069.nii.gz,.nii.gz,4096,4.0,0.0039
vessel_masks\._topaneu_center2_mr_074.nii.gz,vessel_masks,._topaneu_center2_mr_074.nii.gz,.nii.gz,4096,4.0,0.0039
vessel_masks\._topaneu_center2_mr_077.nii.gz,vessel_masks,._topaneu_center2_mr_077.nii.gz,.nii.gz,4096,4.0,0.0039
vessel_masks\._topaneu_center2_mr_078.nii.gz,vessel_masks,._topaneu_center2_mr_078.nii.gz,.nii.gz,4096,4.0,0.0039
vessel_masks\._topaneu_center2_mr_079.nii.gz,vessel_masks,._topaneu_center2_mr_079.nii.gz,.nii.gz,4096,4.0,0.0039
vessel_masks\._topaneu_center2_mr_080.nii.gz,vessel_masks,._topaneu_center2_mr_080.nii.gz,.nii.gz,4096,4.0,0.0039
vessel_masks\._topaneu_center2_mr_083.nii.gz,vessel_masks,._topaneu_center2_mr_083.nii.gz,.nii.gz,4096,4.0,0.0039
vessel_masks\._topaneu_center2_mr_085.nii.gz,vessel_masks,._topaneu_center2_mr_085.nii.gz,.nii.gz,4096,4.0,0.0039
vessel_masks\._topaneu_center2_mr_086.nii.gz,vessel_masks,._topaneu_center2_mr_086.nii.gz,.nii.gz,4096,4.0,0.0039
vessel_masks\._topaneu_center4_ct_002.nii.gz,vessel_masks,._topaneu_center4_ct_002.nii.gz,.nii.gz,4096,4.0,0.0039
vessel_masks\._topaneu_center4_ct_005.nii.gz,vessel_masks,._topaneu_center4_ct_005.nii.gz,.nii.gz,4096,4.0,0.0039
vessel_masks\._topaneu_center4_ct_008_1.nii.gz,vessel_masks,._topaneu_center4_ct_008_1.nii.gz,.nii.gz,4096,4.0,0.0039
vessel_masks\._topaneu_center4_ct_008_2.nii.gz,vessel_masks,._topaneu_center4_ct_008_2.nii.gz,.nii.gz,4096,4.0,0.0039
vessel_masks\._topaneu_center4_ct_009.nii.gz,vessel_masks,._topaneu_center4_ct_009.nii.gz,.nii.gz,4096,4.0,0.0039
vessel_masks\._topaneu_center4_ct_012.nii.gz,vessel_masks,._topaneu_center4_ct_012.nii.gz,.nii.gz,4096,4.0,0.0039
vessel_masks\._topaneu_center4_ct_019.nii.gz,vessel_masks,._topaneu_center4_ct_019.nii.gz,.nii.gz,4096,4.0,0.0039
vessel_masks\._topaneu_center4_ct_020_1.nii.gz,vessel_masks,._topaneu_center4_ct_020_1.nii.gz,.nii.gz,4096,4.0,0.0039
vessel_masks\._topaneu_center4_ct_020_2.nii.gz,vessel_masks,._topaneu_center4_ct_020_2.nii.gz,.nii.gz,4096,4.0,0.0039
vessel_masks\._topaneu_center4_ct_020_3.nii.gz,vessel_masks,._topaneu_center4_ct_020_3.nii.gz,.nii.gz,4096,4.0,0.0039
vessel_masks\._topaneu_center4_ct_023.nii.gz,vessel_masks,._topaneu_center4_ct_023.nii.gz,.nii.gz,4096,4.0,0.0039
vessel_masks\._topaneu_center4_ct_025_1.nii.gz,vessel_masks,._topaneu_center4_ct_025_1.nii.gz,.nii.gz,4096,4.0,0.0039
vessel_masks\._topaneu_center4_ct_025_2.nii.gz,vessel_masks,._topaneu_center4_ct_025_2.nii.gz,.nii.gz,4096,4.0,0.0039
vessel_masks\._topaneu_center4_ct_030.nii.gz,vessel_masks,._topaneu_center4_ct_030.nii.gz,.nii.gz,4096,4.0,0.0039
vessel_masks\._topaneu_center4_ct_034_1.nii.gz,vessel_masks,._topaneu_center4_ct_034_1.nii.gz,.nii.gz,4096,4.0,0.0039
vessel_masks\._topaneu_center4_ct_034_2.nii.gz,vessel_masks,._topaneu_center4_ct_034_2.nii.gz,.nii.gz,4096,4.0,0.0039
vessel_masks\._topaneu_center4_ct_037.nii.gz,vessel_masks,._topaneu_center4_ct_037.nii.gz,.nii.gz,4096,4.0,0.0039
vessel_masks\._topaneu_center4_ct_041.nii.gz,vessel_masks,._topaneu_center4_ct_041.nii.gz,.nii.gz,4096,4.0,0.0039
vessel_masks\._topaneu_center4_ct_042_2.nii.gz,vessel_masks,._topaneu_center4_ct_042_2.nii.gz,.nii.gz,4096,4.0,0.0039
vessel_masks\._topaneu_center4_ct_045.nii.gz,vessel_masks,._topaneu_center4_ct_045.nii.gz,.nii.gz,4096,4.0,0.0039
vessel_masks\._topaneu_center4_ct_047.nii.gz,vessel_masks,._topaneu_center4_ct_047.nii.gz,.nii.gz,4096,4.0,0.0039
vessel_masks\._topaneu_center4_ct_048.nii.gz,vessel_masks,._topaneu_center4_ct_048.nii.gz,.nii.gz,4096,4.0,0.0039
vessel_masks\._topaneu_center4_ct_051_1.nii.gz,vessel_masks,._topaneu_center4_ct_051_1.nii.gz,.nii.gz,4096,4.0,0.0039
vessel_masks\._topaneu_center4_ct_051_2.nii.gz,vessel_masks,._topaneu_center4_ct_051_2.nii.gz,.nii.gz,4096,4.0,0.0039
vessel_masks\._topaneu_center4_ct_055.nii.gz,vessel_masks,._topaneu_center4_ct_055.nii.gz,.nii.gz,4096,4.0,0.0039
vessel_masks\._topaneu_center4_ct_057.nii.gz,vessel_masks,._topaneu_center4_ct_057.nii.gz,.nii.gz,4096,4.0,0.0039
vessel_masks\._topaneu_center4_ct_059.nii.gz,vessel_masks,._topaneu_center4_ct_059.nii.gz,.nii.gz,4096,4.0,0.0039
vessel_masks\._topaneu_center4_ct_060.nii.gz,vessel_masks,._topaneu_center4_ct_060.nii.gz,.nii.gz,4096,4.0,0.0039
vessel_masks\._topaneu_center4_ct_062_1.nii.gz,vessel_masks,._topaneu_center4_ct_062_1.nii.gz,.nii.gz,4096,4.0,0.0039
vessel_masks\._topaneu_center4_ct_062_2.nii.gz,vessel_masks,._topaneu_center4_ct_062_2.nii.gz,.nii.gz,4096,4.0,0.0039
vessel_masks\._topaneu_center4_ct_063.nii.gz,vessel_masks,._topaneu_center4_ct_063.nii.gz,.nii.gz,4096,4.0,0.0039
vessel_masks\._topaneu_center4_ct_064.nii.gz,vessel_masks,._topaneu_center4_ct_064.nii.gz,.nii.gz,4096,4.0,0.0039
vessel_masks\._topaneu_center4_ct_065.nii.gz,vessel_masks,._topaneu_center4_ct_065.nii.gz,.nii.gz,4096,4.0,0.0039
vessel_masks\._topaneu_center4_ct_067.nii.gz,vessel_masks,._topaneu_center4_ct_067.nii.gz,.nii.gz,4096,4.0,0.0039
vessel_masks\._topaneu_center4_ct_070.nii.gz,vessel_masks,._topaneu_center4_ct_070.nii.gz,.nii.gz,4096,4.0,0.0039
vessel_masks\._topaneu_center4_ct_072.nii.gz,vessel_masks,._topaneu_center4_ct_072.nii.gz,.nii.gz,4096,4.0,0.0039
vessel_masks\._topaneu_center4_ct_074.nii.gz,vessel_masks,._topaneu_center4_ct_074.nii.gz,.nii.gz,4096,4.0,0.0039
vessel_masks\._topaneu_center4_ct_083.nii.gz,vessel_masks,._topaneu_center4_ct_083.nii.gz,.nii.gz,4096,4.0,0.0039
vessel_masks\._topaneu_center4_ct_087.nii.gz,vessel_masks,._topaneu_center4_ct_087.nii.gz,.nii.gz,4096,4.0,0.0039
vessel_masks\._topaneu_center4_ct_093.nii.gz,vessel_masks,._topaneu_center4_ct_093.nii.gz,.nii.gz,4096,4.0,0.0039
vessel_masks\._topaneu_center4_ct_094.nii.gz,vessel_masks,._topaneu_center4_ct_094.nii.gz,.nii.gz,4096,4.0,0.0039
vessel_masks\._topaneu_center4_ct_097.nii.gz,vessel_masks,._topaneu_center4_ct_097.nii.gz,.nii.gz,4096,4.0,0.0039
vessel_masks\._topaneu_center4_ct_101.nii.gz,vessel_masks,._topaneu_center4_ct_101.nii.gz,.nii.gz,4096,4.0,0.0039
vessel_masks\._topaneu_center4_ct_102.nii.gz,vessel_masks,._topaneu_center4_ct_102.nii.gz,.nii.gz,4096,4.0,0.0039
vessel_masks\._topaneu_center4_ct_103.nii.gz,vessel_masks,._topaneu_center4_ct_103.nii.gz,.nii.gz,4096,4.0,0.0039
vessel_masks\._topaneu_center4_ct_104.nii.gz,vessel_masks,._topaneu_center4_ct_104.nii.gz,.nii.gz,4096,4.0,0.0039
vessel_masks\._topaneu_center4_ct_105.nii.gz,vessel_masks,._topaneu_center4_ct_105.nii.gz,.nii.gz,4096,4.0,0.0039
vessel_masks\._topaneu_center4_ct_106.nii.gz,vessel_masks,._topaneu_center4_ct_106.nii.gz,.nii.gz,4096,4.0,0.0039
vessel_masks\._topaneu_center4_ct_107.nii.gz,vessel_masks,._topaneu_center4_ct_107.nii.gz,.nii.gz,4096,4.0,0.0039
vessel_masks\._topaneu_center4_ct_108.nii.gz,vessel_masks,._topaneu_center4_ct_108.nii.gz,.nii.gz,4096,4.0,0.0039
vessel_masks\._topaneu_center4_ct_115.nii.gz,vessel_masks,._topaneu_center4_ct_115.nii.gz,.nii.gz,4096,4.0,0.0039
vessel_masks\._topaneu_center4_ct_116.nii.gz,vessel_masks,._topaneu_center4_ct_116.nii.gz,.nii.gz,4096,4.0,0.0039
vessel_masks\._topaneu_center4_ct_119.nii.gz,vessel_masks,._topaneu_center4_ct_119.nii.gz,.nii.gz,4096,4.0,0.0039
vessel_masks\._topaneu_center4_ct_122.nii.gz,vessel_masks,._topaneu_center4_ct_122.nii.gz,.nii.gz,4096,4.0,0.0039
vessel_masks\._topaneu_center4_ct_127.nii.gz,vessel_masks,._topaneu_center4_ct_127.nii.gz,.nii.gz,4096,4.0,0.0039
vessel_masks\._topaneu_center4_ct_129.nii.gz,vessel_masks,._topaneu_center4_ct_129.nii.gz,.nii.gz,4096,4.0,0.0039
vessel_masks\._topaneu_center4_ct_134.nii.gz,vessel_masks,._topaneu_center4_ct_134.nii.gz,.nii.gz,4096,4.0,0.0039
vessel_masks\._topaneu_center4_ct_140.nii.gz,vessel_masks,._topaneu_center4_ct_140.nii.gz,.nii.gz,4096,4.0,0.0039
vessel_masks\._topaneu_center4_ct_193.nii.gz,vessel_masks,._topaneu_center4_ct_193.nii.gz,.nii.gz,4096,4.0,0.0039
vessel_masks\._topaneu_center4_ct_200.nii.gz,vessel_masks,._topaneu_center4_ct_200.nii.gz,.nii.gz,4096,4.0,0.0039
vessel_masks\._topaneu_center4_ct_201.nii.gz,vessel_masks,._topaneu_center4_ct_201.nii.gz,.nii.gz,4096,4.0,0.0039
vessel_masks\._topaneu_center5_mr_007.nii.gz,vessel_masks,._topaneu_center5_mr_007.nii.gz,.nii.gz,4096,4.0,0.0039
vessel_masks\._topaneu_center5_mr_009.nii.gz,vessel_masks,._topaneu_center5_mr_009.nii.gz,.nii.gz,4096,4.0,0.0039
vessel_masks\._topaneu_center5_mr_010.nii.gz,vessel_masks,._topaneu_center5_mr_010.nii.gz,.nii.gz,4096,4.0,0.0039
vessel_masks\._topaneu_center5_mr_011.nii.gz,vessel_masks,._topaneu_center5_mr_011.nii.gz,.nii.gz,4096,4.0,0.0039
vessel_masks\._topaneu_center5_mr_015.nii.gz,vessel_masks,._topaneu_center5_mr_015.nii.gz,.nii.gz,4096,4.0,0.0039
vessel_masks\._topaneu_center5_mr_016.nii.gz,vessel_masks,._topaneu_center5_mr_016.nii.gz,.nii.gz,4096,4.0,0.0039
vessel_masks\._topaneu_center5_mr_021.nii.gz,vessel_masks,._topaneu_center5_mr_021.nii.gz,.nii.gz,4096,4.0,0.0039
vessel_masks\._topaneu_center5_mr_022.nii.gz,vessel_masks,._topaneu_center5_mr_022.nii.gz,.nii.gz,4096,4.0,0.0039
vessel_masks\._topaneu_center5_mr_023.nii.gz,vessel_masks,._topaneu_center5_mr_023.nii.gz,.nii.gz,4096,4.0,0.0039
vessel_masks\._topaneu_center5_mr_024.nii.gz,vessel_masks,._topaneu_center5_mr_024.nii.gz,.nii.gz,4096,4.0,0.0039
vessel_masks\._topaneu_center5_mr_025.nii.gz,vessel_masks,._topaneu_center5_mr_025.nii.gz,.nii.gz,4096,4.0,0.0039
vessel_masks\._topaneu_center5_mr_027.nii.gz,vessel_masks,._topaneu_center5_mr_027.nii.gz,.nii.gz,4096,4.0,0.0039
vessel_masks\._topaneu_center5_mr_028.nii.gz,vessel_masks,._topaneu_center5_mr_028.nii.gz,.nii.gz,4096,4.0,0.0039
vessel_masks\._topaneu_center5_mr_029.nii.gz,vessel_masks,._topaneu_center5_mr_029.nii.gz,.nii.gz,4096,4.0,0.0039
vessel_masks\._topaneu_center5_mr_030.nii.gz,vessel_masks,._topaneu_center5_mr_030.nii.gz,.nii.gz,4096,4.0,0.0039
vessel_masks\._topaneu_center5_mr_031.nii.gz,vessel_masks,._topaneu_center5_mr_031.nii.gz,.nii.gz,4096,4.0,0.0039
vessel_masks\._topaneu_center5_mr_032.nii.gz,vessel_masks,._topaneu_center5_mr_032.nii.gz,.nii.gz,4096,4.0,0.0039
vessel_masks\._topaneu_center5_mr_033.nii.gz,vessel_masks,._topaneu_center5_mr_033.nii.gz,.nii.gz,4096,4.0,0.0039
vessel_masks\._topaneu_center5_mr_034.nii.gz,vessel_masks,._topaneu_center5_mr_034.nii.gz,.nii.gz,4096,4.0,0.0039
vessel_masks\._topaneu_center5_mr_036.nii.gz,vessel_masks,._topaneu_center5_mr_036.nii.gz,.nii.gz,4096,4.0,0.0039
vessel_masks\._topaneu_center5_mr_037.nii.gz,vessel_masks,._topaneu_center5_mr_037.nii.gz,.nii.gz,4096,4.0,0.0039
vessel_masks\._topaneu_center5_mr_038.nii.gz,vessel_masks,._topaneu_center5_mr_038.nii.gz,.nii.gz,4096,4.0,0.0039
vessel_masks\._topaneu_center5_mr_039.nii.gz,vessel_masks,._topaneu_center5_mr_039.nii.gz,.nii.gz,4096,4.0,0.0039
vessel_masks\._topaneu_center5_mr_041.nii.gz,vessel_masks,._topaneu_center5_mr_041.nii.gz,.nii.gz,4096,4.0,0.0039
vessel_masks\._topaneu_center5_mr_052.nii.gz,vessel_masks,._topaneu_center5_mr_052.nii.gz,.nii.gz,4096,4.0,0.0039
vessel_masks\._topaneu_center5_mr_061.nii.gz,vessel_masks,._topaneu_center5_mr_061.nii.gz,.nii.gz,4096,4.0,0.0039
vessel_masks\._topaneu_center5_mr_063.nii.gz,vessel_masks,._topaneu_center5_mr_063.nii.gz,.nii.gz,4096,4.0,0.0039
vessel_masks\._topaneu_center5_mr_068.nii.gz,vessel_masks,._topaneu_center5_mr_068.nii.gz,.nii.gz,4096,4.0,0.0039
vessel_masks\._topaneu_center5_mr_074.nii.gz,vessel_masks,._topaneu_center5_mr_074.nii.gz,.nii.gz,4096,4.0,0.0039
vessel_masks\._topaneu_center5_mr_079.nii.gz,vessel_masks,._topaneu_center5_mr_079.nii.gz,.nii.gz,4096,4.0,0.0039
vessel_masks\._topaneu_center5_mr_081.nii.gz,vessel_masks,._topaneu_center5_mr_081.nii.gz,.nii.gz,4096,4.0,0.0039
vessel_masks\._topaneu_center5_mr_082.nii.gz,vessel_masks,._topaneu_center5_mr_082.nii.gz,.nii.gz,4096,4.0,0.0039
vessel_masks\._topaneu_center5_mr_451.nii.gz,vessel_masks,._topaneu_center5_mr_451.nii.gz,.nii.gz,4096,4.0,0.0039
vessel_masks\._topaneu_center5_mr_452.nii.gz,vessel_masks,._topaneu_center5_mr_452.nii.gz,.nii.gz,4096,4.0,0.0039
vessel_masks\._topaneu_center5_mr_453.nii.gz,vessel_masks,._topaneu_center5_mr_453.nii.gz,.nii.gz,4096,4.0,0.0039
vessel_masks\._topaneu_center5_mr_454.nii.gz,vessel_masks,._topaneu_center5_mr_454.nii.gz,.nii.gz,4096,4.0,0.0039
vessel_masks\._topaneu_center5_mr_455.nii.gz,vessel_masks,._topaneu_center5_mr_455.nii.gz,.nii.gz,4096,4.0,0.0039
vessel_masks\._topaneu_center5_mr_457.nii.gz,vessel_masks,._topaneu_center5_mr_457.nii.gz,.nii.gz,4096,4.0,0.0039
vessel_masks\._topaneu_center5_mr_458.nii.gz,vessel_masks,._topaneu_center5_mr_458.nii.gz,.nii.gz,4096,4.0,0.0039
vessel_masks\._topaneu_center5_mr_459.nii.gz,vessel_masks,._topaneu_center5_mr_459.nii.gz,.nii.gz,4096,4.0,0.0039
vessel_masks\._topaneu_center5_mr_460.nii.gz,vessel_masks,._topaneu_center5_mr_460.nii.gz,.nii.gz,4096,4.0,0.0039
vessel_masks\._topaneu_center5_mr_461.nii.gz,vessel_masks,._topaneu_center5_mr_461.nii.gz,.nii.gz,4096,4.0,0.0039
vessel_masks\._topaneu_center5_mr_462.nii.gz,vessel_masks,._topaneu_center5_mr_462.nii.gz,.nii.gz,4096,4.0,0.0039
vessel_masks\._topaneu_center5_mr_464.nii.gz,vessel_masks,._topaneu_center5_mr_464.nii.gz,.nii.gz,4096,4.0,0.0039
vessel_masks\._topaneu_center5_mr_465.nii.gz,vessel_masks,._topaneu_center5_mr_465.nii.gz,.nii.gz,4096,4.0,0.0039
vessel_masks\._topaneu_center5_mr_466.nii.gz,vessel_masks,._topaneu_center5_mr_466.nii.gz,.nii.gz,4096,4.0,0.0039
vessel_masks\._topaneu_center5_mr_467.nii.gz,vessel_masks,._topaneu_center5_mr_467.nii.gz,.nii.gz,4096,4.0,0.0039
vessel_masks\._topaneu_center5_mr_469.nii.gz,vessel_masks,._topaneu_center5_mr_469.nii.gz,.nii.gz,4096,4.0,0.0039
vessel_masks\._topaneu_center5_mr_470.nii.gz,vessel_masks,._topaneu_center5_mr_470.nii.gz,.nii.gz,4096,4.0,0.0039
vessel_masks\._topaneu_center5_mr_471.nii.gz,vessel_masks,._topaneu_center5_mr_471.nii.gz,.nii.gz,4096,4.0,0.0039
vessel_masks\._topaneu_center5_mr_472.nii.gz,vessel_masks,._topaneu_center5_mr_472.nii.gz,.nii.gz,4096,4.0,0.0039
vessel_masks\._topaneu_center5_mr_473.nii.gz,vessel_masks,._topaneu_center5_mr_473.nii.gz,.nii.gz,4096,4.0,0.0039
vessel_masks\._topaneu_center5_mr_474.nii.gz,vessel_masks,._topaneu_center5_mr_474.nii.gz,.nii.gz,4096,4.0,0.0039
vessel_masks\._topaneu_center5_mr_475.nii.gz,vessel_masks,._topaneu_center5_mr_475.nii.gz,.nii.gz,4096,4.0,0.0039
vessel_masks\._topaneu_center5_mr_476.nii.gz,vessel_masks,._topaneu_center5_mr_476.nii.gz,.nii.gz,4096,4.0,0.0039
vessel_masks\._topaneu_center5_mr_478.nii.gz,vessel_masks,._topaneu_center5_mr_478.nii.gz,.nii.gz,4096,4.0,0.0039
vessel_masks\._topaneu_center5_mr_479.nii.gz,vessel_masks,._topaneu_center5_mr_479.nii.gz,.nii.gz,4096,4.0,0.0039
vessel_masks\._topaneu_center5_mr_480.nii.gz,vessel_masks,._topaneu_center5_mr_480.nii.gz,.nii.gz,4096,4.0,0.0039
vessel_masks\._topaneu_center5_mr_481.nii.gz,vessel_masks,._topaneu_center5_mr_481.nii.gz,.nii.gz,4096,4.0,0.0039
vessel_masks\._topaneu_center5_mr_484.nii.gz,vessel_masks,._topaneu_center5_mr_484.nii.gz,.nii.gz,4096,4.0,0.0039
vessel_masks\._topaneu_center5_mr_485.nii.gz,vessel_masks,._topaneu_center5_mr_485.nii.gz,.nii.gz,4096,4.0,0.0039
vessel_masks\._topaneu_center5_mr_486.nii.gz,vessel_masks,._topaneu_center5_mr_486.nii.gz,.nii.gz,4096,4.0,0.0039
vessel_masks\._topaneu_center5_mr_487.nii.gz,vessel_masks,._topaneu_center5_mr_487.nii.gz,.nii.gz,4096,4.0,0.0039
vessel_masks\._topaneu_center5_mr_488.nii.gz,vessel_masks,._topaneu_center5_mr_488.nii.gz,.nii.gz,4096,4.0,0.0039
vessel_masks\._topaneu_center5_mr_489.nii.gz,vessel_masks,._topaneu_center5_mr_489.nii.gz,.nii.gz,4096,4.0,0.0039
vessel_masks\._topaneu_center5_mr_490.nii.gz,vessel_masks,._topaneu_center5_mr_490.nii.gz,.nii.gz,4096,4.0,0.0039
vessel_masks\._topaneu_center5_mr_491.nii.gz,vessel_masks,._topaneu_center5_mr_491.nii.gz,.nii.gz,4096,4.0,0.0039
vessel_masks\._topaneu_center5_mr_492.nii.gz,vessel_masks,._topaneu_center5_mr_492.nii.gz,.nii.gz,4096,4.0,0.0039
vessel_masks\topaneu_center1_mr_001.nii.gz,vessel_masks,topaneu_center1_mr_001.nii.gz,.nii.gz,87237,85.19,0.0832
vessel_masks\topaneu_center1_mr_005.nii.gz,vessel_masks,topaneu_center1_mr_005.nii.gz,.nii.gz,95016,92.79,0.0906
vessel_masks\topaneu_center1_mr_016.nii.gz,vessel_masks,topaneu_center1_mr_016.nii.gz,.nii.gz,90138,88.03,0.086
vessel_masks\topaneu_center1_mr_017.nii.gz,vessel_masks,topaneu_center1_mr_017.nii.gz,.nii.gz,101833,99.45,0.0971
vessel_masks\topaneu_center1_mr_018.nii.gz,vessel_masks,topaneu_center1_mr_018.nii.gz,.nii.gz,102301,99.9,0.0976
vessel_masks\topaneu_center1_mr_024.nii.gz,vessel_masks,topaneu_center1_mr_024.nii.gz,.nii.gz,116387,113.66,0.111
vessel_masks\topaneu_center1_mr_028.nii.gz,vessel_masks,topaneu_center1_mr_028.nii.gz,.nii.gz,92951,90.77,0.0886
vessel_masks\topaneu_center1_mr_029.nii.gz,vessel_masks,topaneu_center1_mr_029.nii.gz,.nii.gz,127467,124.48,0.1216
vessel_masks\topaneu_center1_mr_033.nii.gz,vessel_masks,topaneu_center1_mr_033.nii.gz,.nii.gz,176399,172.26,0.1682
vessel_masks\topaneu_center1_mr_038.nii.gz,vessel_masks,topaneu_center1_mr_038.nii.gz,.nii.gz,176057,171.93,0.1679
vessel_masks\topaneu_center1_mr_049.nii.gz,vessel_masks,topaneu_center1_mr_049.nii.gz,.nii.gz,86327,84.3,0.0823
vessel_masks\topaneu_center1_mr_050.nii.gz,vessel_masks,topaneu_center1_mr_050.nii.gz,.nii.gz,107075,104.57,0.1021
vessel_masks\topaneu_center1_mr_053.nii.gz,vessel_masks,topaneu_center1_mr_053.nii.gz,.nii.gz,67481,65.9,0.0644
vessel_masks\topaneu_center1_mr_056.nii.gz,vessel_masks,topaneu_center1_mr_056.nii.gz,.nii.gz,103454,101.03,0.0987
vessel_masks\topaneu_center1_mr_061.nii.gz,vessel_masks,topaneu_center1_mr_061.nii.gz,.nii.gz,88184,86.12,0.0841
vessel_masks\topaneu_center1_mr_064.nii.gz,vessel_masks,topaneu_center1_mr_064.nii.gz,.nii.gz,102263,99.87,0.0975
vessel_masks\topaneu_center1_mr_076.nii.gz,vessel_masks,topaneu_center1_mr_076.nii.gz,.nii.gz,81072,79.17,0.0773
vessel_masks\topaneu_center1_mr_085.nii.gz,vessel_masks,topaneu_center1_mr_085.nii.gz,.nii.gz,155897,152.24,0.1487
vessel_masks\topaneu_center1_mr_088.nii.gz,vessel_masks,topaneu_center1_mr_088.nii.gz,.nii.gz,93237,91.05,0.0889
vessel_masks\topaneu_center1_mr_092.nii.gz,vessel_masks,topaneu_center1_mr_092.nii.gz,.nii.gz,111431,108.82,0.1063
vessel_masks\topaneu_center1_mr_113.nii.gz,vessel_masks,topaneu_center1_mr_113.nii.gz,.nii.gz,94862,92.64,0.0905
vessel_masks\topaneu_center1_mr_119.nii.gz,vessel_masks,topaneu_center1_mr_119.nii.gz,.nii.gz,82629,80.69,0.0788
vessel_masks\topaneu_center1_mr_121.nii.gz,vessel_masks,topaneu_center1_mr_121.nii.gz,.nii.gz,81236,79.33,0.0775
vessel_masks\topaneu_center1_mr_129.nii.gz,vessel_masks,topaneu_center1_mr_129.nii.gz,.nii.gz,124981,122.05,0.1192
vessel_masks\topaneu_center1_mr_136.nii.gz,vessel_masks,topaneu_center1_mr_136.nii.gz,.nii.gz,90471,88.35,0.0863
vessel_masks\topaneu_center1_mr_138.nii.gz,vessel_masks,topaneu_center1_mr_138.nii.gz,.nii.gz,98352,96.05,0.0938
vessel_masks\topaneu_center1_mr_144.nii.gz,vessel_masks,topaneu_center1_mr_144.nii.gz,.nii.gz,97131,94.85,0.0926
vessel_masks\topaneu_center1_mr_147.nii.gz,vessel_masks,topaneu_center1_mr_147.nii.gz,.nii.gz,85439,83.44,0.0815
vessel_masks\topaneu_center1_mr_148.nii.gz,vessel_masks,topaneu_center1_mr_148.nii.gz,.nii.gz,79848,77.98,0.0761
vessel_masks\topaneu_center1_mr_149.nii.gz,vessel_masks,topaneu_center1_mr_149.nii.gz,.nii.gz,91343,89.2,0.0871
vessel_masks\topaneu_center1_mr_157.nii.gz,vessel_masks,topaneu_center1_mr_157.nii.gz,.nii.gz,91349,89.21,0.0871
vessel_masks\topaneu_center1_mr_173.nii.gz,vessel_masks,topaneu_center1_mr_173.nii.gz,.nii.gz,93561,91.37,0.0892
vessel_masks\topaneu_center1_mr_177.nii.gz,vessel_masks,topaneu_center1_mr_177.nii.gz,.nii.gz,137561,134.34,0.1312
vessel_masks\topaneu_center1_mr_178.nii.gz,vessel_masks,topaneu_center1_mr_178.nii.gz,.nii.gz,95809,93.56,0.0914
vessel_masks\topaneu_center1_mr_184.nii.gz,vessel_masks,topaneu_center1_mr_184.nii.gz,.nii.gz,132967,129.85,0.1268
vessel_masks\topaneu_center1_mr_188.nii.gz,vessel_masks,topaneu_center1_mr_188.nii.gz,.nii.gz,90343,88.23,0.0862
vessel_masks\topaneu_center1_mr_189.nii.gz,vessel_masks,topaneu_center1_mr_189.nii.gz,.nii.gz,158316,154.61,0.151
vessel_masks\topaneu_center1_mr_191.nii.gz,vessel_masks,topaneu_center1_mr_191.nii.gz,.nii.gz,158777,155.06,0.1514
vessel_masks\topaneu_center1_mr_193.nii.gz,vessel_masks,topaneu_center1_mr_193.nii.gz,.nii.gz,57607,56.26,0.0549
vessel_masks\topaneu_center1_mr_195.nii.gz,vessel_masks,topaneu_center1_mr_195.nii.gz,.nii.gz,90462,88.34,0.0863
vessel_masks\topaneu_center1_mr_198.nii.gz,vessel_masks,topaneu_center1_mr_198.nii.gz,.nii.gz,87230,85.19,0.0832
vessel_masks\topaneu_center1_mr_200.nii.gz,vessel_masks,topaneu_center1_mr_200.nii.gz,.nii.gz,174552,170.46,0.1665
vessel_masks\topaneu_center1_mr_202.nii.gz,vessel_masks,topaneu_center1_mr_202.nii.gz,.nii.gz,82099,80.17,0.0783
vessel_masks\topaneu_center1_mr_210.nii.gz,vessel_masks,topaneu_center1_mr_210.nii.gz,.nii.gz,120091,117.28,0.1145
vessel_masks\topaneu_center1_mr_211.nii.gz,vessel_masks,topaneu_center1_mr_211.nii.gz,.nii.gz,93044,90.86,0.0887
vessel_masks\topaneu_center1_mr_213.nii.gz,vessel_masks,topaneu_center1_mr_213.nii.gz,.nii.gz,115331,112.63,0.11
vessel_masks\topaneu_center1_mr_221.nii.gz,vessel_masks,topaneu_center1_mr_221.nii.gz,.nii.gz,91781,89.63,0.0875
vessel_masks\topaneu_center1_mr_229.nii.gz,vessel_masks,topaneu_center1_mr_229.nii.gz,.nii.gz,97838,95.54,0.0933
vessel_masks\topaneu_center1_mr_241.nii.gz,vessel_masks,topaneu_center1_mr_241.nii.gz,.nii.gz,118296,115.52,0.1128
vessel_masks\topaneu_center1_mr_247.nii.gz,vessel_masks,topaneu_center1_mr_247.nii.gz,.nii.gz,99857,97.52,0.0952
vessel_masks\topaneu_center1_mr_251.nii.gz,vessel_masks,topaneu_center1_mr_251.nii.gz,.nii.gz,208191,203.31,0.1985
vessel_masks\topaneu_center1_mr_262.nii.gz,vessel_masks,topaneu_center1_mr_262.nii.gz,.nii.gz,164294,160.44,0.1567
vessel_masks\topaneu_center1_mr_264.nii.gz,vessel_masks,topaneu_center1_mr_264.nii.gz,.nii.gz,93769,91.57,0.0894
vessel_masks\topaneu_center1_mr_282.nii.gz,vessel_masks,topaneu_center1_mr_282.nii.gz,.nii.gz,98463,96.16,0.0939
vessel_masks\topaneu_center1_mr_287.nii.gz,vessel_masks,topaneu_center1_mr_287.nii.gz,.nii.gz,89090,87.0,0.085
vessel_masks\topaneu_center1_mr_290.nii.gz,vessel_masks,topaneu_center1_mr_290.nii.gz,.nii.gz,75756,73.98,0.0722
vessel_masks\topaneu_center1_mr_298.nii.gz,vessel_masks,topaneu_center1_mr_298.nii.gz,.nii.gz,156557,152.89,0.1493
vessel_masks\topaneu_center1_mr_299.nii.gz,vessel_masks,topaneu_center1_mr_299.nii.gz,.nii.gz,108905,106.35,0.1039
vessel_masks\topaneu_center1_mr_301.nii.gz,vessel_masks,topaneu_center1_mr_301.nii.gz,.nii.gz,122002,119.14,0.1164
vessel_masks\topaneu_center1_mr_302.nii.gz,vessel_masks,topaneu_center1_mr_302.nii.gz,.nii.gz,159148,155.42,0.1518
vessel_masks\topaneu_center1_mr_308.nii.gz,vessel_masks,topaneu_center1_mr_308.nii.gz,.nii.gz,144627,141.24,0.1379
vessel_masks\topaneu_center1_mr_311.nii.gz,vessel_masks,topaneu_center1_mr_311.nii.gz,.nii.gz,89875,87.77,0.0857
vessel_masks\topaneu_center1_mr_316.nii.gz,vessel_masks,topaneu_center1_mr_316.nii.gz,.nii.gz,93227,91.04,0.0889
vessel_masks\topaneu_center1_mr_325.nii.gz,vessel_masks,topaneu_center1_mr_325.nii.gz,.nii.gz,107649,105.13,0.1027
vessel_masks\topaneu_center1_mr_327.nii.gz,vessel_masks,topaneu_center1_mr_327.nii.gz,.nii.gz,106246,103.76,0.1013
vessel_masks\topaneu_center1_mr_330.nii.gz,vessel_masks,topaneu_center1_mr_330.nii.gz,.nii.gz,77826,76.0,0.0742
vessel_masks\topaneu_center1_mr_334.nii.gz,vessel_masks,topaneu_center1_mr_334.nii.gz,.nii.gz,90395,88.28,0.0862
vessel_masks\topaneu_center1_mr_336.nii.gz,vessel_masks,topaneu_center1_mr_336.nii.gz,.nii.gz,126519,123.55,0.1207
vessel_masks\topaneu_center1_mr_342.nii.gz,vessel_masks,topaneu_center1_mr_342.nii.gz,.nii.gz,167982,164.04,0.1602
vessel_masks\topaneu_center1_mr_349.nii.gz,vessel_masks,topaneu_center1_mr_349.nii.gz,.nii.gz,106468,103.97,0.1015
vessel_masks\topaneu_center1_mr_350.nii.gz,vessel_masks,topaneu_center1_mr_350.nii.gz,.nii.gz,81223,79.32,0.0775
vessel_masks\topaneu_center1_mr_354.nii.gz,vessel_masks,topaneu_center1_mr_354.nii.gz,.nii.gz,110745,108.15,0.1056
vessel_masks\topaneu_center1_mr_359.nii.gz,vessel_masks,topaneu_center1_mr_359.nii.gz,.nii.gz,98916,96.6,0.0943
vessel_masks\topaneu_center1_mr_364.nii.gz,vessel_masks,topaneu_center1_mr_364.nii.gz,.nii.gz,85876,83.86,0.0819
vessel_masks\topaneu_center1_mr_365.nii.gz,vessel_masks,topaneu_center1_mr_365.nii.gz,.nii.gz,90534,88.41,0.0863
vessel_masks\topaneu_center1_mr_374.nii.gz,vessel_masks,topaneu_center1_mr_374.nii.gz,.nii.gz,87976,85.91,0.0839
vessel_masks\topaneu_center1_mr_386.nii.gz,vessel_masks,topaneu_center1_mr_386.nii.gz,.nii.gz,91292,89.15,0.0871
vessel_masks\topaneu_center1_mr_393.nii.gz,vessel_masks,topaneu_center1_mr_393.nii.gz,.nii.gz,109103,106.55,0.104
vessel_masks\topaneu_center1_mr_396.nii.gz,vessel_masks,topaneu_center1_mr_396.nii.gz,.nii.gz,56410,55.09,0.0538
vessel_masks\topaneu_center1_mr_398.nii.gz,vessel_masks,topaneu_center1_mr_398.nii.gz,.nii.gz,92571,90.4,0.0883
vessel_masks\topaneu_center1_mr_401.nii.gz,vessel_masks,topaneu_center1_mr_401.nii.gz,.nii.gz,158416,154.7,0.1511
vessel_masks\topaneu_center1_mr_411.nii.gz,vessel_masks,topaneu_center1_mr_411.nii.gz,.nii.gz,179411,175.21,0.1711
vessel_masks\topaneu_center1_mr_414.nii.gz,vessel_masks,topaneu_center1_mr_414.nii.gz,.nii.gz,91229,89.09,0.087
vessel_masks\topaneu_center1_mr_419.nii.gz,vessel_masks,topaneu_center1_mr_419.nii.gz,.nii.gz,180977,176.74,0.1726
vessel_masks\topaneu_center1_mr_428.nii.gz,vessel_masks,topaneu_center1_mr_428.nii.gz,.nii.gz,117064,114.32,0.1116
vessel_masks\topaneu_center1_mr_436.nii.gz,vessel_masks,topaneu_center1_mr_436.nii.gz,.nii.gz,76029,74.25,0.0725
vessel_masks\topaneu_center1_mr_439.nii.gz,vessel_masks,topaneu_center1_mr_439.nii.gz,.nii.gz,82889,80.95,0.079
vessel_masks\topaneu_center1_mr_443.nii.gz,vessel_masks,topaneu_center1_mr_443.nii.gz,.nii.gz,52031,50.81,0.0496
vessel_masks\topaneu_center1_mr_463.nii.gz,vessel_masks,topaneu_center1_mr_463.nii.gz,.nii.gz,110122,107.54,0.105
vessel_masks\topaneu_center1_mr_474.nii.gz,vessel_masks,topaneu_center1_mr_474.nii.gz,.nii.gz,92555,90.39,0.0883
vessel_masks\topaneu_center1_mr_477.nii.gz,vessel_masks,topaneu_center1_mr_477.nii.gz,.nii.gz,104600,102.15,0.0998
vessel_masks\topaneu_center1_mr_483.nii.gz,vessel_masks,topaneu_center1_mr_483.nii.gz,.nii.gz,79375,77.51,0.0757
vessel_masks\topaneu_center1_mr_489.nii.gz,vessel_masks,topaneu_center1_mr_489.nii.gz,.nii.gz,173526,169.46,0.1655
vessel_masks\topaneu_center1_mr_490.nii.gz,vessel_masks,topaneu_center1_mr_490.nii.gz,.nii.gz,92109,89.95,0.0878
vessel_masks\topaneu_center1_mr_494.nii.gz,vessel_masks,topaneu_center1_mr_494.nii.gz,.nii.gz,83638,81.68,0.0798
vessel_masks\topaneu_center1_mr_496.nii.gz,vessel_masks,topaneu_center1_mr_496.nii.gz,.nii.gz,103698,101.27,0.0989
vessel_masks\topaneu_center1_mr_499.nii.gz,vessel_masks,topaneu_center1_mr_499.nii.gz,.nii.gz,106646,104.15,0.1017
vessel_masks\topaneu_center1_mr_501.nii.gz,vessel_masks,topaneu_center1_mr_501.nii.gz,.nii.gz,108444,105.9,0.1034
vessel_masks\topaneu_center1_mr_509.nii.gz,vessel_masks,topaneu_center1_mr_509.nii.gz,.nii.gz,127353,124.37,0.1215
vessel_masks\topaneu_center1_mr_516.nii.gz,vessel_masks,topaneu_center1_mr_516.nii.gz,.nii.gz,104131,101.69,0.0993
vessel_masks\topaneu_center1_mr_522.nii.gz,vessel_masks,topaneu_center1_mr_522.nii.gz,.nii.gz,95257,93.02,0.0908
vessel_masks\topaneu_center1_mr_523.nii.gz,vessel_masks,topaneu_center1_mr_523.nii.gz,.nii.gz,127387,124.4,0.1215
vessel_masks\topaneu_center1_mr_525.nii.gz,vessel_masks,topaneu_center1_mr_525.nii.gz,.nii.gz,169265,165.3,0.1614
vessel_masks\topaneu_center1_mr_527.nii.gz,vessel_masks,topaneu_center1_mr_527.nii.gz,.nii.gz,104167,101.73,0.0993
vessel_masks\topaneu_center1_mr_528.nii.gz,vessel_masks,topaneu_center1_mr_528.nii.gz,.nii.gz,103153,100.74,0.0984
vessel_masks\topaneu_center1_mr_538.nii.gz,vessel_masks,topaneu_center1_mr_538.nii.gz,.nii.gz,138437,135.19,0.132
vessel_masks\topaneu_center1_mr_554.nii.gz,vessel_masks,topaneu_center1_mr_554.nii.gz,.nii.gz,81747,79.83,0.078
vessel_masks\topaneu_center1_mr_560.nii.gz,vessel_masks,topaneu_center1_mr_560.nii.gz,.nii.gz,93504,91.31,0.0892
vessel_masks\topaneu_center1_mr_561.nii.gz,vessel_masks,topaneu_center1_mr_561.nii.gz,.nii.gz,156979,153.3,0.1497
vessel_masks\topaneu_center1_mr_572.nii.gz,vessel_masks,topaneu_center1_mr_572.nii.gz,.nii.gz,81279,79.37,0.0775
vessel_masks\topaneu_center1_mr_577.nii.gz,vessel_masks,topaneu_center1_mr_577.nii.gz,.nii.gz,102287,99.89,0.0975
vessel_masks\topaneu_center1_mr_581.nii.gz,vessel_masks,topaneu_center1_mr_581.nii.gz,.nii.gz,96330,94.07,0.0919
vessel_masks\topaneu_center1_mr_585.nii.gz,vessel_masks,topaneu_center1_mr_585.nii.gz,.nii.gz,98631,96.32,0.0941
vessel_masks\topaneu_center1_mr_586.nii.gz,vessel_masks,topaneu_center1_mr_586.nii.gz,.nii.gz,100547,98.19,0.0959
vessel_masks\topaneu_center1_mr_596.nii.gz,vessel_masks,topaneu_center1_mr_596.nii.gz,.nii.gz,91041,88.91,0.0868
vessel_masks\topaneu_center1_mr_605.nii.gz,vessel_masks,topaneu_center1_mr_605.nii.gz,.nii.gz,132204,129.11,0.1261
vessel_masks\topaneu_center1_mr_607.nii.gz,vessel_masks,topaneu_center1_mr_607.nii.gz,.nii.gz,121247,118.41,0.1156
vessel_masks\topaneu_center1_mr_612.nii.gz,vessel_masks,topaneu_center1_mr_612.nii.gz,.nii.gz,125195,122.26,0.1194
vessel_masks\topaneu_center1_mr_614.nii.gz,vessel_masks,topaneu_center1_mr_614.nii.gz,.nii.gz,99580,97.25,0.095
vessel_masks\topaneu_center1_mr_615.nii.gz,vessel_masks,topaneu_center1_mr_615.nii.gz,.nii.gz,101871,99.48,0.0972
vessel_masks\topaneu_center1_mr_625.nii.gz,vessel_masks,topaneu_center1_mr_625.nii.gz,.nii.gz,180507,176.28,0.1721
vessel_masks\topaneu_center1_mr_626.nii.gz,vessel_masks,topaneu_center1_mr_626.nii.gz,.nii.gz,148246,144.77,0.1414
vessel_masks\topaneu_center1_mr_630.nii.gz,vessel_masks,topaneu_center1_mr_630.nii.gz,.nii.gz,96657,94.39,0.0922
vessel_masks\topaneu_center1_mr_631.nii.gz,vessel_masks,topaneu_center1_mr_631.nii.gz,.nii.gz,95372,93.14,0.091
vessel_masks\topaneu_center1_mr_637.nii.gz,vessel_masks,topaneu_center1_mr_637.nii.gz,.nii.gz,95409,93.17,0.091
vessel_masks\topaneu_center1_mr_638.nii.gz,vessel_masks,topaneu_center1_mr_638.nii.gz,.nii.gz,99860,97.52,0.0952
vessel_masks\topaneu_center1_mr_647.nii.gz,vessel_masks,topaneu_center1_mr_647.nii.gz,.nii.gz,99818,97.48,0.0952
vessel_masks\topaneu_center1_mr_653.nii.gz,vessel_masks,topaneu_center1_mr_653.nii.gz,.nii.gz,86638,84.61,0.0826
vessel_masks\topaneu_center1_mr_660.nii.gz,vessel_masks,topaneu_center1_mr_660.nii.gz,.nii.gz,98667,96.35,0.0941
vessel_masks\topaneu_center1_mr_664.nii.gz,vessel_masks,topaneu_center1_mr_664.nii.gz,.nii.gz,93506,91.31,0.0892
vessel_masks\topaneu_center1_mr_670.nii.gz,vessel_masks,topaneu_center1_mr_670.nii.gz,.nii.gz,114549,111.86,0.1092
vessel_masks\topaneu_center1_mr_681.nii.gz,vessel_masks,topaneu_center1_mr_681.nii.gz,.nii.gz,100937,98.57,0.0963
vessel_masks\topaneu_center1_mr_682.nii.gz,vessel_masks,topaneu_center1_mr_682.nii.gz,.nii.gz,109832,107.26,0.1047
vessel_masks\topaneu_center1_mr_693.nii.gz,vessel_masks,topaneu_center1_mr_693.nii.gz,.nii.gz,186639,182.26,0.178
vessel_masks\topaneu_center1_mr_694.nii.gz,vessel_masks,topaneu_center1_mr_694.nii.gz,.nii.gz,80038,78.16,0.0763
vessel_masks\topaneu_center1_mr_697.nii.gz,vessel_masks,topaneu_center1_mr_697.nii.gz,.nii.gz,96799,94.53,0.0923
vessel_masks\topaneu_center1_mr_702.nii.gz,vessel_masks,topaneu_center1_mr_702.nii.gz,.nii.gz,100869,98.5,0.0962
vessel_masks\topaneu_center1_mr_713.nii.gz,vessel_masks,topaneu_center1_mr_713.nii.gz,.nii.gz,101189,98.82,0.0965
vessel_masks\topaneu_center1_mr_720.nii.gz,vessel_masks,topaneu_center1_mr_720.nii.gz,.nii.gz,59797,58.4,0.057
vessel_masks\topaneu_center1_mr_727.nii.gz,vessel_masks,topaneu_center1_mr_727.nii.gz,.nii.gz,84715,82.73,0.0808
vessel_masks\topaneu_center1_mr_729.nii.gz,vessel_masks,topaneu_center1_mr_729.nii.gz,.nii.gz,89850,87.74,0.0857
vessel_masks\topaneu_center1_mr_731.nii.gz,vessel_masks,topaneu_center1_mr_731.nii.gz,.nii.gz,81112,79.21,0.0774
vessel_masks\topaneu_center1_mr_732.nii.gz,vessel_masks,topaneu_center1_mr_732.nii.gz,.nii.gz,105075,102.61,0.1002
vessel_masks\topaneu_center1_mr_740.nii.gz,vessel_masks,topaneu_center1_mr_740.nii.gz,.nii.gz,93019,90.84,0.0887
vessel_masks\topaneu_center1_mr_741.nii.gz,vessel_masks,topaneu_center1_mr_741.nii.gz,.nii.gz,190706,186.24,0.1819
vessel_masks\topaneu_center1_mr_742.nii.gz,vessel_masks,topaneu_center1_mr_742.nii.gz,.nii.gz,86416,84.39,0.0824
vessel_masks\topaneu_center1_mr_744.nii.gz,vessel_masks,topaneu_center1_mr_744.nii.gz,.nii.gz,95310,93.08,0.0909
vessel_masks\topaneu_center1_mr_750.nii.gz,vessel_masks,topaneu_center1_mr_750.nii.gz,.nii.gz,114971,112.28,0.1096
vessel_masks\topaneu_center1_mr_760.nii.gz,vessel_masks,topaneu_center1_mr_760.nii.gz,.nii.gz,118023,115.26,0.1126
vessel_masks\topaneu_center1_mr_763.nii.gz,vessel_masks,topaneu_center1_mr_763.nii.gz,.nii.gz,78531,76.69,0.0749
vessel_masks\topaneu_center1_mr_765.nii.gz,vessel_masks,topaneu_center1_mr_765.nii.gz,.nii.gz,100289,97.94,0.0956
vessel_masks\topaneu_center1_mr_770.nii.gz,vessel_masks,topaneu_center1_mr_770.nii.gz,.nii.gz,97005,94.73,0.0925
vessel_masks\topaneu_center1_mr_772.nii.gz,vessel_masks,topaneu_center1_mr_772.nii.gz,.nii.gz,102914,100.5,0.0981
vessel_masks\topaneu_center1_mr_774.nii.gz,vessel_masks,topaneu_center1_mr_774.nii.gz,.nii.gz,114271,111.59,0.109
vessel_masks\topaneu_center1_mr_775.nii.gz,vessel_masks,topaneu_center1_mr_775.nii.gz,.nii.gz,94477,92.26,0.0901
vessel_masks\topaneu_center1_mr_776.nii.gz,vessel_masks,topaneu_center1_mr_776.nii.gz,.nii.gz,159985,156.24,0.1526
vessel_masks\topaneu_center1_mr_788.nii.gz,vessel_masks,topaneu_center1_mr_788.nii.gz,.nii.gz,81328,79.42,0.0776
vessel_masks\topaneu_center1_mr_789.nii.gz,vessel_masks,topaneu_center1_mr_789.nii.gz,.nii.gz,109348,106.79,0.1043
vessel_masks\topaneu_center1_mr_790.nii.gz,vessel_masks,topaneu_center1_mr_790.nii.gz,.nii.gz,98224,95.92,0.0937
vessel_masks\topaneu_center1_mr_792.nii.gz,vessel_masks,topaneu_center1_mr_792.nii.gz,.nii.gz,172776,168.73,0.1648
vessel_masks\topaneu_center1_mr_795.nii.gz,vessel_masks,topaneu_center1_mr_795.nii.gz,.nii.gz,189996,185.54,0.1812
vessel_masks\topaneu_center1_mr_797.nii.gz,vessel_masks,topaneu_center1_mr_797.nii.gz,.nii.gz,102265,99.87,0.0975
vessel_masks\topaneu_center1_mr_800.nii.gz,vessel_masks,topaneu_center1_mr_800.nii.gz,.nii.gz,104689,102.24,0.0998
vessel_masks\topaneu_center1_mr_804.nii.gz,vessel_masks,topaneu_center1_mr_804.nii.gz,.nii.gz,83486,81.53,0.0796
vessel_masks\topaneu_center1_mr_807.nii.gz,vessel_masks,topaneu_center1_mr_807.nii.gz,.nii.gz,96065,93.81,0.0916
vessel_masks\topaneu_center1_mr_810.nii.gz,vessel_masks,topaneu_center1_mr_810.nii.gz,.nii.gz,61437,60.0,0.0586
vessel_masks\topaneu_center1_mr_816.nii.gz,vessel_masks,topaneu_center1_mr_816.nii.gz,.nii.gz,99628,97.29,0.095
vessel_masks\topaneu_center1_mr_819.nii.gz,vessel_masks,topaneu_center1_mr_819.nii.gz,.nii.gz,106554,104.06,0.1016
vessel_masks\topaneu_center1_mr_823.nii.gz,vessel_masks,topaneu_center1_mr_823.nii.gz,.nii.gz,105589,103.11,0.1007
vessel_masks\topaneu_center1_mr_840.nii.gz,vessel_masks,topaneu_center1_mr_840.nii.gz,.nii.gz,104245,101.8,0.0994
vessel_masks\topaneu_center1_mr_842.nii.gz,vessel_masks,topaneu_center1_mr_842.nii.gz,.nii.gz,87596,85.54,0.0835
vessel_masks\topaneu_center1_mr_848.nii.gz,vessel_masks,topaneu_center1_mr_848.nii.gz,.nii.gz,178312,174.13,0.1701
vessel_masks\topaneu_center1_mr_850.nii.gz,vessel_masks,topaneu_center1_mr_850.nii.gz,.nii.gz,103832,101.4,0.099
vessel_masks\topaneu_center1_mr_871.nii.gz,vessel_masks,topaneu_center1_mr_871.nii.gz,.nii.gz,235572,230.05,0.2247
vessel_masks\topaneu_center1_mr_877.nii.gz,vessel_masks,topaneu_center1_mr_877.nii.gz,.nii.gz,122536,119.66,0.1169
vessel_masks\topaneu_center1_mr_891.nii.gz,vessel_masks,topaneu_center1_mr_891.nii.gz,.nii.gz,116524,113.79,0.1111
vessel_masks\topaneu_center1_mr_892.nii.gz,vessel_masks,topaneu_center1_mr_892.nii.gz,.nii.gz,92269,90.11,0.088
vessel_masks\topaneu_center1_mr_895.nii.gz,vessel_masks,topaneu_center1_mr_895.nii.gz,.nii.gz,156134,152.47,0.1489
vessel_masks\topaneu_center1_mr_896.nii.gz,vessel_masks,topaneu_center1_mr_896.nii.gz,.nii.gz,102250,99.85,0.0975
vessel_masks\topaneu_center1_mr_902.nii.gz,vessel_masks,topaneu_center1_mr_902.nii.gz,.nii.gz,101122,98.75,0.0964
vessel_masks\topaneu_center1_mr_909.nii.gz,vessel_masks,topaneu_center1_mr_909.nii.gz,.nii.gz,89663,87.56,0.0855
vessel_masks\topaneu_center1_mr_910.nii.gz,vessel_masks,topaneu_center1_mr_910.nii.gz,.nii.gz,101929,99.54,0.0972
vessel_masks\topaneu_center1_mr_911.nii.gz,vessel_masks,topaneu_center1_mr_911.nii.gz,.nii.gz,96405,94.15,0.0919
vessel_masks\topaneu_center1_mr_917.nii.gz,vessel_masks,topaneu_center1_mr_917.nii.gz,.nii.gz,83434,81.48,0.0796
vessel_masks\topaneu_center1_mr_920.nii.gz,vessel_masks,topaneu_center1_mr_920.nii.gz,.nii.gz,125783,122.83,0.12
vessel_masks\topaneu_center1_mr_921.nii.gz,vessel_masks,topaneu_center1_mr_921.nii.gz,.nii.gz,110736,108.14,0.1056
vessel_masks\topaneu_center1_mr_922.nii.gz,vessel_masks,topaneu_center1_mr_922.nii.gz,.nii.gz,109706,107.13,0.1046
vessel_masks\topaneu_center1_mr_924.nii.gz,vessel_masks,topaneu_center1_mr_924.nii.gz,.nii.gz,105923,103.44,0.101
vessel_masks\topaneu_center1_mr_926.nii.gz,vessel_masks,topaneu_center1_mr_926.nii.gz,.nii.gz,77538,75.72,0.0739
vessel_masks\topaneu_center1_mr_928.nii.gz,vessel_masks,topaneu_center1_mr_928.nii.gz,.nii.gz,144476,141.09,0.1378
vessel_masks\topaneu_center1_mr_939.nii.gz,vessel_masks,topaneu_center1_mr_939.nii.gz,.nii.gz,90559,88.44,0.0864
vessel_masks\topaneu_center1_mr_940.nii.gz,vessel_masks,topaneu_center1_mr_940.nii.gz,.nii.gz,90435,88.32,0.0862
vessel_masks\topaneu_center1_mr_942.nii.gz,vessel_masks,topaneu_center1_mr_942.nii.gz,.nii.gz,109385,106.82,0.1043
vessel_masks\topaneu_center1_mr_944.nii.gz,vessel_masks,topaneu_center1_mr_944.nii.gz,.nii.gz,110893,108.29,0.1058
vessel_masks\topaneu_center1_mr_959.nii.gz,vessel_masks,topaneu_center1_mr_959.nii.gz,.nii.gz,94976,92.75,0.0906
vessel_masks\topaneu_center1_mr_961.nii.gz,vessel_masks,topaneu_center1_mr_961.nii.gz,.nii.gz,94043,91.84,0.0897
vessel_masks\topaneu_center1_mr_975.nii.gz,vessel_masks,topaneu_center1_mr_975.nii.gz,.nii.gz,96224,93.97,0.0918
vessel_masks\topaneu_center1_mr_981.nii.gz,vessel_masks,topaneu_center1_mr_981.nii.gz,.nii.gz,87703,85.65,0.0836
vessel_masks\topaneu_center1_mr_991.nii.gz,vessel_masks,topaneu_center1_mr_991.nii.gz,.nii.gz,161591,157.8,0.1541
vessel_masks\topaneu_center2_ct_105.nii.gz,vessel_masks,topaneu_center2_ct_105.nii.gz,.nii.gz,56207,54.89,0.0536
vessel_masks\topaneu_center2_ct_107.nii.gz,vessel_masks,topaneu_center2_ct_107.nii.gz,.nii.gz,57761,56.41,0.0551
vessel_masks\topaneu_center2_ct_108.nii.gz,vessel_masks,topaneu_center2_ct_108.nii.gz,.nii.gz,63061,61.58,0.0601
vessel_masks\topaneu_center2_ct_109.nii.gz,vessel_masks,topaneu_center2_ct_109.nii.gz,.nii.gz,46796,45.7,0.0446
vessel_masks\topaneu_center2_ct_112.nii.gz,vessel_masks,topaneu_center2_ct_112.nii.gz,.nii.gz,44467,43.42,0.0424
vessel_masks\topaneu_center2_ct_113.nii.gz,vessel_masks,topaneu_center2_ct_113.nii.gz,.nii.gz,56064,54.75,0.0535
vessel_masks\topaneu_center2_ct_118.nii.gz,vessel_masks,topaneu_center2_ct_118.nii.gz,.nii.gz,66800,65.23,0.0637
vessel_masks\topaneu_center2_ct_119.nii.gz,vessel_masks,topaneu_center2_ct_119.nii.gz,.nii.gz,67712,66.12,0.0646
vessel_masks\topaneu_center2_ct_120.nii.gz,vessel_masks,topaneu_center2_ct_120.nii.gz,.nii.gz,59686,58.29,0.0569
vessel_masks\topaneu_center2_ct_125.nii.gz,vessel_masks,topaneu_center2_ct_125.nii.gz,.nii.gz,52540,51.31,0.0501
vessel_masks\topaneu_center2_ct_126.nii.gz,vessel_masks,topaneu_center2_ct_126.nii.gz,.nii.gz,27518,26.87,0.0262
vessel_masks\topaneu_center2_ct_127.nii.gz,vessel_masks,topaneu_center2_ct_127.nii.gz,.nii.gz,47833,46.71,0.0456
vessel_masks\topaneu_center2_ct_128.nii.gz,vessel_masks,topaneu_center2_ct_128.nii.gz,.nii.gz,49364,48.21,0.0471
vessel_masks\topaneu_center2_ct_130.nii.gz,vessel_masks,topaneu_center2_ct_130.nii.gz,.nii.gz,50947,49.75,0.0486
vessel_masks\topaneu_center2_ct_134.nii.gz,vessel_masks,topaneu_center2_ct_134.nii.gz,.nii.gz,40024,39.09,0.0382
vessel_masks\topaneu_center2_ct_137.nii.gz,vessel_masks,topaneu_center2_ct_137.nii.gz,.nii.gz,71625,69.95,0.0683
vessel_masks\topaneu_center2_ct_138.nii.gz,vessel_masks,topaneu_center2_ct_138.nii.gz,.nii.gz,62909,61.43,0.06
vessel_masks\topaneu_center2_ct_141.nii.gz,vessel_masks,topaneu_center2_ct_141.nii.gz,.nii.gz,154260,150.64,0.1471
vessel_masks\topaneu_center2_ct_142.nii.gz,vessel_masks,topaneu_center2_ct_142.nii.gz,.nii.gz,88593,86.52,0.0845
vessel_masks\topaneu_center2_ct_144.nii.gz,vessel_masks,topaneu_center2_ct_144.nii.gz,.nii.gz,67569,65.99,0.0644
vessel_masks\topaneu_center2_ct_147.nii.gz,vessel_masks,topaneu_center2_ct_147.nii.gz,.nii.gz,92305,90.14,0.088
vessel_masks\topaneu_center2_ct_150.nii.gz,vessel_masks,topaneu_center2_ct_150.nii.gz,.nii.gz,68724,67.11,0.0655
vessel_masks\topaneu_center2_ct_154.nii.gz,vessel_masks,topaneu_center2_ct_154.nii.gz,.nii.gz,156436,152.77,0.1492
vessel_masks\topaneu_center2_ct_156.nii.gz,vessel_masks,topaneu_center2_ct_156.nii.gz,.nii.gz,55338,54.04,0.0528
vessel_masks\topaneu_center2_ct_160.nii.gz,vessel_masks,topaneu_center2_ct_160.nii.gz,.nii.gz,60787,59.36,0.058
vessel_masks\topaneu_center2_ct_161.nii.gz,vessel_masks,topaneu_center2_ct_161.nii.gz,.nii.gz,63197,61.72,0.0603
vessel_masks\topaneu_center2_ct_162.nii.gz,vessel_masks,topaneu_center2_ct_162.nii.gz,.nii.gz,49306,48.15,0.047
vessel_masks\topaneu_center2_ct_163.nii.gz,vessel_masks,topaneu_center2_ct_163.nii.gz,.nii.gz,23381,22.83,0.0223
vessel_masks\topaneu_center2_ct_164.nii.gz,vessel_masks,topaneu_center2_ct_164.nii.gz,.nii.gz,54019,52.75,0.0515
vessel_masks\topaneu_center2_ct_165.nii.gz,vessel_masks,topaneu_center2_ct_165.nii.gz,.nii.gz,37868,36.98,0.0361
vessel_masks\topaneu_center2_ct_166.nii.gz,vessel_masks,topaneu_center2_ct_166.nii.gz,.nii.gz,54634,53.35,0.0521
vessel_masks\topaneu_center2_ct_167.nii.gz,vessel_masks,topaneu_center2_ct_167.nii.gz,.nii.gz,39459,38.53,0.0376
vessel_masks\topaneu_center2_ct_169.nii.gz,vessel_masks,topaneu_center2_ct_169.nii.gz,.nii.gz,73461,71.74,0.0701
vessel_masks\topaneu_center2_ct_170.nii.gz,vessel_masks,topaneu_center2_ct_170.nii.gz,.nii.gz,41495,40.52,0.0396
vessel_masks\topaneu_center2_ct_171.nii.gz,vessel_masks,topaneu_center2_ct_171.nii.gz,.nii.gz,52141,50.92,0.0497
vessel_masks\topaneu_center2_ct_172.nii.gz,vessel_masks,topaneu_center2_ct_172.nii.gz,.nii.gz,64788,63.27,0.0618
vessel_masks\topaneu_center2_ct_173.nii.gz,vessel_masks,topaneu_center2_ct_173.nii.gz,.nii.gz,35067,34.25,0.0334
vessel_masks\topaneu_center2_ct_174.nii.gz,vessel_masks,topaneu_center2_ct_174.nii.gz,.nii.gz,42567,41.57,0.0406
vessel_masks\topaneu_center2_ct_175.nii.gz,vessel_masks,topaneu_center2_ct_175.nii.gz,.nii.gz,50383,49.2,0.048
vessel_masks\topaneu_center2_ct_184.nii.gz,vessel_masks,topaneu_center2_ct_184.nii.gz,.nii.gz,71108,69.44,0.0678
vessel_masks\topaneu_center2_ct_189.nii.gz,vessel_masks,topaneu_center2_ct_189.nii.gz,.nii.gz,39206,38.29,0.0374
vessel_masks\topaneu_center2_ct_190.nii.gz,vessel_masks,topaneu_center2_ct_190.nii.gz,.nii.gz,48036,46.91,0.0458
vessel_masks\topaneu_center2_ct_191.nii.gz,vessel_masks,topaneu_center2_ct_191.nii.gz,.nii.gz,68764,67.15,0.0656
vessel_masks\topaneu_center2_ct_192.nii.gz,vessel_masks,topaneu_center2_ct_192.nii.gz,.nii.gz,153770,150.17,0.1466
vessel_masks\topaneu_center2_ct_193.nii.gz,vessel_masks,topaneu_center2_ct_193.nii.gz,.nii.gz,165921,162.03,0.1582
vessel_masks\topaneu_center2_ct_196.nii.gz,vessel_masks,topaneu_center2_ct_196.nii.gz,.nii.gz,56935,55.6,0.0543
vessel_masks\topaneu_center2_ct_197.nii.gz,vessel_masks,topaneu_center2_ct_197.nii.gz,.nii.gz,45389,44.33,0.0433
vessel_masks\topaneu_center2_mr_002.nii.gz,vessel_masks,topaneu_center2_mr_002.nii.gz,.nii.gz,111133,108.53,0.106
vessel_masks\topaneu_center2_mr_004.nii.gz,vessel_masks,topaneu_center2_mr_004.nii.gz,.nii.gz,103023,100.61,0.0983
vessel_masks\topaneu_center2_mr_007.nii.gz,vessel_masks,topaneu_center2_mr_007.nii.gz,.nii.gz,105638,103.16,0.1007
vessel_masks\topaneu_center2_mr_010.nii.gz,vessel_masks,topaneu_center2_mr_010.nii.gz,.nii.gz,104099,101.66,0.0993
vessel_masks\topaneu_center2_mr_011.nii.gz,vessel_masks,topaneu_center2_mr_011.nii.gz,.nii.gz,57153,55.81,0.0545
vessel_masks\topaneu_center2_mr_012.nii.gz,vessel_masks,topaneu_center2_mr_012.nii.gz,.nii.gz,131346,128.27,0.1253
vessel_masks\topaneu_center2_mr_016.nii.gz,vessel_masks,topaneu_center2_mr_016.nii.gz,.nii.gz,108230,105.69,0.1032
vessel_masks\topaneu_center2_mr_017.nii.gz,vessel_masks,topaneu_center2_mr_017.nii.gz,.nii.gz,122091,119.23,0.1164
vessel_masks\topaneu_center2_mr_018.nii.gz,vessel_masks,topaneu_center2_mr_018.nii.gz,.nii.gz,132700,129.59,0.1266
vessel_masks\topaneu_center2_mr_019.nii.gz,vessel_masks,topaneu_center2_mr_019.nii.gz,.nii.gz,120484,117.66,0.1149
vessel_masks\topaneu_center2_mr_020.nii.gz,vessel_masks,topaneu_center2_mr_020.nii.gz,.nii.gz,127063,124.08,0.1212
vessel_masks\topaneu_center2_mr_025.nii.gz,vessel_masks,topaneu_center2_mr_025.nii.gz,.nii.gz,104013,101.58,0.0992
vessel_masks\topaneu_center2_mr_028.nii.gz,vessel_masks,topaneu_center2_mr_028.nii.gz,.nii.gz,108933,106.38,0.1039
vessel_masks\topaneu_center2_mr_029.nii.gz,vessel_masks,topaneu_center2_mr_029.nii.gz,.nii.gz,99336,97.01,0.0947
vessel_masks\topaneu_center2_mr_031.nii.gz,vessel_masks,topaneu_center2_mr_031.nii.gz,.nii.gz,102362,99.96,0.0976
vessel_masks\topaneu_center2_mr_032.nii.gz,vessel_masks,topaneu_center2_mr_032.nii.gz,.nii.gz,96498,94.24,0.092
vessel_masks\topaneu_center2_mr_034.nii.gz,vessel_masks,topaneu_center2_mr_034.nii.gz,.nii.gz,114416,111.73,0.1091
vessel_masks\topaneu_center2_mr_035.nii.gz,vessel_masks,topaneu_center2_mr_035.nii.gz,.nii.gz,105435,102.96,0.1006
vessel_masks\topaneu_center2_mr_038.nii.gz,vessel_masks,topaneu_center2_mr_038.nii.gz,.nii.gz,113858,111.19,0.1086
vessel_masks\topaneu_center2_mr_042.nii.gz,vessel_masks,topaneu_center2_mr_042.nii.gz,.nii.gz,111857,109.24,0.1067
vessel_masks\topaneu_center2_mr_044.nii.gz,vessel_masks,topaneu_center2_mr_044.nii.gz,.nii.gz,90354,88.24,0.0862
vessel_masks\topaneu_center2_mr_047.nii.gz,vessel_masks,topaneu_center2_mr_047.nii.gz,.nii.gz,119737,116.93,0.1142
vessel_masks\topaneu_center2_mr_048.nii.gz,vessel_masks,topaneu_center2_mr_048.nii.gz,.nii.gz,111303,108.69,0.1061
vessel_masks\topaneu_center2_mr_049.nii.gz,vessel_masks,topaneu_center2_mr_049.nii.gz,.nii.gz,109949,107.37,0.1049
vessel_masks\topaneu_center2_mr_050.nii.gz,vessel_masks,topaneu_center2_mr_050.nii.gz,.nii.gz,109380,106.82,0.1043
vessel_masks\topaneu_center2_mr_051.nii.gz,vessel_masks,topaneu_center2_mr_051.nii.gz,.nii.gz,137127,133.91,0.1308
vessel_masks\topaneu_center2_mr_054.nii.gz,vessel_masks,topaneu_center2_mr_054.nii.gz,.nii.gz,111238,108.63,0.1061
vessel_masks\topaneu_center2_mr_055.nii.gz,vessel_masks,topaneu_center2_mr_055.nii.gz,.nii.gz,90075,87.96,0.0859
vessel_masks\topaneu_center2_mr_056.nii.gz,vessel_masks,topaneu_center2_mr_056.nii.gz,.nii.gz,119354,116.56,0.1138
vessel_masks\topaneu_center2_mr_057.nii.gz,vessel_masks,topaneu_center2_mr_057.nii.gz,.nii.gz,111108,108.5,0.106
vessel_masks\topaneu_center2_mr_058.nii.gz,vessel_masks,topaneu_center2_mr_058.nii.gz,.nii.gz,135156,131.99,0.1289
vessel_masks\topaneu_center2_mr_069.nii.gz,vessel_masks,topaneu_center2_mr_069.nii.gz,.nii.gz,124331,121.42,0.1186
vessel_masks\topaneu_center2_mr_074.nii.gz,vessel_masks,topaneu_center2_mr_074.nii.gz,.nii.gz,125506,122.56,0.1197
vessel_masks\topaneu_center2_mr_077.nii.gz,vessel_masks,topaneu_center2_mr_077.nii.gz,.nii.gz,127265,124.28,0.1214
vessel_masks\topaneu_center2_mr_078.nii.gz,vessel_masks,topaneu_center2_mr_078.nii.gz,.nii.gz,102875,100.46,0.0981
vessel_masks\topaneu_center2_mr_079.nii.gz,vessel_masks,topaneu_center2_mr_079.nii.gz,.nii.gz,109859,107.28,0.1048
vessel_masks\topaneu_center2_mr_080.nii.gz,vessel_masks,topaneu_center2_mr_080.nii.gz,.nii.gz,135373,132.2,0.1291
vessel_masks\topaneu_center2_mr_083.nii.gz,vessel_masks,topaneu_center2_mr_083.nii.gz,.nii.gz,125691,122.75,0.1199
vessel_masks\topaneu_center2_mr_085.nii.gz,vessel_masks,topaneu_center2_mr_085.nii.gz,.nii.gz,121957,119.1,0.1163
vessel_masks\topaneu_center2_mr_086.nii.gz,vessel_masks,topaneu_center2_mr_086.nii.gz,.nii.gz,87351,85.3,0.0833
vessel_masks\topaneu_center4_ct_002.nii.gz,vessel_masks,topaneu_center4_ct_002.nii.gz,.nii.gz,191002,186.53,0.1822
vessel_masks\topaneu_center4_ct_005.nii.gz,vessel_masks,topaneu_center4_ct_005.nii.gz,.nii.gz,171345,167.33,0.1634
vessel_masks\topaneu_center4_ct_008_1.nii.gz,vessel_masks,topaneu_center4_ct_008_1.nii.gz,.nii.gz,187532,183.14,0.1788
vessel_masks\topaneu_center4_ct_008_2.nii.gz,vessel_masks,topaneu_center4_ct_008_2.nii.gz,.nii.gz,187537,183.14,0.1788
vessel_masks\topaneu_center4_ct_009.nii.gz,vessel_masks,topaneu_center4_ct_009.nii.gz,.nii.gz,193972,189.43,0.185
vessel_masks\topaneu_center4_ct_012.nii.gz,vessel_masks,topaneu_center4_ct_012.nii.gz,.nii.gz,183200,178.91,0.1747
vessel_masks\topaneu_center4_ct_019.nii.gz,vessel_masks,topaneu_center4_ct_019.nii.gz,.nii.gz,184715,180.39,0.1762
vessel_masks\topaneu_center4_ct_020_1.nii.gz,vessel_masks,topaneu_center4_ct_020_1.nii.gz,.nii.gz,197369,192.74,0.1882
vessel_masks\topaneu_center4_ct_020_2.nii.gz,vessel_masks,topaneu_center4_ct_020_2.nii.gz,.nii.gz,203386,198.62,0.194
vessel_masks\topaneu_center4_ct_020_3.nii.gz,vessel_masks,topaneu_center4_ct_020_3.nii.gz,.nii.gz,202401,197.66,0.193
vessel_masks\topaneu_center4_ct_023.nii.gz,vessel_masks,topaneu_center4_ct_023.nii.gz,.nii.gz,184917,180.58,0.1764
vessel_masks\topaneu_center4_ct_025_1.nii.gz,vessel_masks,topaneu_center4_ct_025_1.nii.gz,.nii.gz,165314,161.44,0.1577
vessel_masks\topaneu_center4_ct_025_2.nii.gz,vessel_masks,topaneu_center4_ct_025_2.nii.gz,.nii.gz,164774,160.91,0.1571
vessel_masks\topaneu_center4_ct_030.nii.gz,vessel_masks,topaneu_center4_ct_030.nii.gz,.nii.gz,207376,202.52,0.1978
vessel_masks\topaneu_center4_ct_034_1.nii.gz,vessel_masks,topaneu_center4_ct_034_1.nii.gz,.nii.gz,174184,170.1,0.1661
vessel_masks\topaneu_center4_ct_034_2.nii.gz,vessel_masks,topaneu_center4_ct_034_2.nii.gz,.nii.gz,114054,111.38,0.1088
vessel_masks\topaneu_center4_ct_037.nii.gz,vessel_masks,topaneu_center4_ct_037.nii.gz,.nii.gz,191058,186.58,0.1822
vessel_masks\topaneu_center4_ct_041.nii.gz,vessel_masks,topaneu_center4_ct_041.nii.gz,.nii.gz,200617,195.92,0.1913
vessel_masks\topaneu_center4_ct_042_2.nii.gz,vessel_masks,topaneu_center4_ct_042_2.nii.gz,.nii.gz,168767,164.81,0.1609
vessel_masks\topaneu_center4_ct_045.nii.gz,vessel_masks,topaneu_center4_ct_045.nii.gz,.nii.gz,205853,201.03,0.1963
vessel_masks\topaneu_center4_ct_047.nii.gz,vessel_masks,topaneu_center4_ct_047.nii.gz,.nii.gz,209117,204.22,0.1994
vessel_masks\topaneu_center4_ct_048.nii.gz,vessel_masks,topaneu_center4_ct_048.nii.gz,.nii.gz,217448,212.35,0.2074
vessel_masks\topaneu_center4_ct_051_1.nii.gz,vessel_masks,topaneu_center4_ct_051_1.nii.gz,.nii.gz,190941,186.47,0.1821
vessel_masks\topaneu_center4_ct_051_2.nii.gz,vessel_masks,topaneu_center4_ct_051_2.nii.gz,.nii.gz,141665,138.34,0.1351
vessel_masks\topaneu_center4_ct_055.nii.gz,vessel_masks,topaneu_center4_ct_055.nii.gz,.nii.gz,180287,176.06,0.1719
vessel_masks\topaneu_center4_ct_057.nii.gz,vessel_masks,topaneu_center4_ct_057.nii.gz,.nii.gz,157725,154.03,0.1504
vessel_masks\topaneu_center4_ct_059.nii.gz,vessel_masks,topaneu_center4_ct_059.nii.gz,.nii.gz,205977,201.15,0.1964
vessel_masks\topaneu_center4_ct_060.nii.gz,vessel_masks,topaneu_center4_ct_060.nii.gz,.nii.gz,175036,170.93,0.1669
vessel_masks\topaneu_center4_ct_062_1.nii.gz,vessel_masks,topaneu_center4_ct_062_1.nii.gz,.nii.gz,220104,214.95,0.2099
vessel_masks\topaneu_center4_ct_062_2.nii.gz,vessel_masks,topaneu_center4_ct_062_2.nii.gz,.nii.gz,201984,197.25,0.1926
vessel_masks\topaneu_center4_ct_063.nii.gz,vessel_masks,topaneu_center4_ct_063.nii.gz,.nii.gz,196249,191.65,0.1872
vessel_masks\topaneu_center4_ct_064.nii.gz,vessel_masks,topaneu_center4_ct_064.nii.gz,.nii.gz,234188,228.7,0.2233
vessel_masks\topaneu_center4_ct_065.nii.gz,vessel_masks,topaneu_center4_ct_065.nii.gz,.nii.gz,212663,207.68,0.2028
vessel_masks\topaneu_center4_ct_067.nii.gz,vessel_masks,topaneu_center4_ct_067.nii.gz,.nii.gz,213432,208.43,0.2035
vessel_masks\topaneu_center4_ct_070.nii.gz,vessel_masks,topaneu_center4_ct_070.nii.gz,.nii.gz,195044,190.47,0.186
vessel_masks\topaneu_center4_ct_072.nii.gz,vessel_masks,topaneu_center4_ct_072.nii.gz,.nii.gz,191491,187.0,0.1826
vessel_masks\topaneu_center4_ct_074.nii.gz,vessel_masks,topaneu_center4_ct_074.nii.gz,.nii.gz,203046,198.29,0.1936
vessel_masks\topaneu_center4_ct_083.nii.gz,vessel_masks,topaneu_center4_ct_083.nii.gz,.nii.gz,240189,234.56,0.2291
vessel_masks\topaneu_center4_ct_087.nii.gz,vessel_masks,topaneu_center4_ct_087.nii.gz,.nii.gz,88917,86.83,0.0848
vessel_masks\topaneu_center4_ct_093.nii.gz,vessel_masks,topaneu_center4_ct_093.nii.gz,.nii.gz,96169,93.92,0.0917
vessel_masks\topaneu_center4_ct_094.nii.gz,vessel_masks,topaneu_center4_ct_094.nii.gz,.nii.gz,176515,172.38,0.1683
vessel_masks\topaneu_center4_ct_097.nii.gz,vessel_masks,topaneu_center4_ct_097.nii.gz,.nii.gz,165780,161.89,0.1581
vessel_masks\topaneu_center4_ct_101.nii.gz,vessel_masks,topaneu_center4_ct_101.nii.gz,.nii.gz,229484,224.11,0.2189
vessel_masks\topaneu_center4_ct_102.nii.gz,vessel_masks,topaneu_center4_ct_102.nii.gz,.nii.gz,212683,207.7,0.2028
vessel_masks\topaneu_center4_ct_103.nii.gz,vessel_masks,topaneu_center4_ct_103.nii.gz,.nii.gz,235412,229.89,0.2245
vessel_masks\topaneu_center4_ct_104.nii.gz,vessel_masks,topaneu_center4_ct_104.nii.gz,.nii.gz,231673,226.24,0.2209
vessel_masks\topaneu_center4_ct_105.nii.gz,vessel_masks,topaneu_center4_ct_105.nii.gz,.nii.gz,168940,164.98,0.1611
vessel_masks\topaneu_center4_ct_106.nii.gz,vessel_masks,topaneu_center4_ct_106.nii.gz,.nii.gz,177866,173.7,0.1696
vessel_masks\topaneu_center4_ct_107.nii.gz,vessel_masks,topaneu_center4_ct_107.nii.gz,.nii.gz,187303,182.91,0.1786
vessel_masks\topaneu_center4_ct_108.nii.gz,vessel_masks,topaneu_center4_ct_108.nii.gz,.nii.gz,169332,165.36,0.1615
vessel_masks\topaneu_center4_ct_115.nii.gz,vessel_masks,topaneu_center4_ct_115.nii.gz,.nii.gz,138490,135.24,0.1321
vessel_masks\topaneu_center4_ct_116.nii.gz,vessel_masks,topaneu_center4_ct_116.nii.gz,.nii.gz,124839,121.91,0.1191
vessel_masks\topaneu_center4_ct_119.nii.gz,vessel_masks,topaneu_center4_ct_119.nii.gz,.nii.gz,113645,110.98,0.1084
vessel_masks\topaneu_center4_ct_122.nii.gz,vessel_masks,topaneu_center4_ct_122.nii.gz,.nii.gz,149217,145.72,0.1423
vessel_masks\topaneu_center4_ct_127.nii.gz,vessel_masks,topaneu_center4_ct_127.nii.gz,.nii.gz,137669,134.44,0.1313
vessel_masks\topaneu_center4_ct_129.nii.gz,vessel_masks,topaneu_center4_ct_129.nii.gz,.nii.gz,169053,165.09,0.1612
vessel_masks\topaneu_center4_ct_134.nii.gz,vessel_masks,topaneu_center4_ct_134.nii.gz,.nii.gz,141967,138.64,0.1354
vessel_masks\topaneu_center4_ct_140.nii.gz,vessel_masks,topaneu_center4_ct_140.nii.gz,.nii.gz,167987,164.05,0.1602
vessel_masks\topaneu_center4_ct_193.nii.gz,vessel_masks,topaneu_center4_ct_193.nii.gz,.nii.gz,135094,131.93,0.1288
vessel_masks\topaneu_center4_ct_200.nii.gz,vessel_masks,topaneu_center4_ct_200.nii.gz,.nii.gz,152678,149.1,0.1456
vessel_masks\topaneu_center4_ct_201.nii.gz,vessel_masks,topaneu_center4_ct_201.nii.gz,.nii.gz,151935,148.37,0.1449
vessel_masks\topaneu_center5_mr_007.nii.gz,vessel_masks,topaneu_center5_mr_007.nii.gz,.nii.gz,50990,49.79,0.0486
vessel_masks\topaneu_center5_mr_009.nii.gz,vessel_masks,topaneu_center5_mr_009.nii.gz,.nii.gz,136212,133.02,0.1299
vessel_masks\topaneu_center5_mr_010.nii.gz,vessel_masks,topaneu_center5_mr_010.nii.gz,.nii.gz,70191,68.55,0.0669
vessel_masks\topaneu_center5_mr_011.nii.gz,vessel_masks,topaneu_center5_mr_011.nii.gz,.nii.gz,71913,70.23,0.0686
vessel_masks\topaneu_center5_mr_015.nii.gz,vessel_masks,topaneu_center5_mr_015.nii.gz,.nii.gz,67892,66.3,0.0647
vessel_masks\topaneu_center5_mr_016.nii.gz,vessel_masks,topaneu_center5_mr_016.nii.gz,.nii.gz,63208,61.73,0.0603
vessel_masks\topaneu_center5_mr_021.nii.gz,vessel_masks,topaneu_center5_mr_021.nii.gz,.nii.gz,70548,68.89,0.0673
vessel_masks\topaneu_center5_mr_022.nii.gz,vessel_masks,topaneu_center5_mr_022.nii.gz,.nii.gz,62113,60.66,0.0592
vessel_masks\topaneu_center5_mr_023.nii.gz,vessel_masks,topaneu_center5_mr_023.nii.gz,.nii.gz,153675,150.07,0.1466
vessel_masks\topaneu_center5_mr_024.nii.gz,vessel_masks,topaneu_center5_mr_024.nii.gz,.nii.gz,137989,134.75,0.1316
vessel_masks\topaneu_center5_mr_025.nii.gz,vessel_masks,topaneu_center5_mr_025.nii.gz,.nii.gz,70858,69.2,0.0676
vessel_masks\topaneu_center5_mr_027.nii.gz,vessel_masks,topaneu_center5_mr_027.nii.gz,.nii.gz,68208,66.61,0.065
vessel_masks\topaneu_center5_mr_028.nii.gz,vessel_masks,topaneu_center5_mr_028.nii.gz,.nii.gz,157235,153.55,0.15
vessel_masks\topaneu_center5_mr_029.nii.gz,vessel_masks,topaneu_center5_mr_029.nii.gz,.nii.gz,57483,56.14,0.0548
vessel_masks\topaneu_center5_mr_030.nii.gz,vessel_masks,topaneu_center5_mr_030.nii.gz,.nii.gz,58490,57.12,0.0558
vessel_masks\topaneu_center5_mr_031.nii.gz,vessel_masks,topaneu_center5_mr_031.nii.gz,.nii.gz,51887,50.67,0.0495
vessel_masks\topaneu_center5_mr_032.nii.gz,vessel_masks,topaneu_center5_mr_032.nii.gz,.nii.gz,69683,68.05,0.0665
vessel_masks\topaneu_center5_mr_033.nii.gz,vessel_masks,topaneu_center5_mr_033.nii.gz,.nii.gz,71838,70.15,0.0685
vessel_masks\topaneu_center5_mr_034.nii.gz,vessel_masks,topaneu_center5_mr_034.nii.gz,.nii.gz,73470,71.75,0.0701
vessel_masks\topaneu_center5_mr_036.nii.gz,vessel_masks,topaneu_center5_mr_036.nii.gz,.nii.gz,58025,56.67,0.0553
vessel_masks\topaneu_center5_mr_037.nii.gz,vessel_masks,topaneu_center5_mr_037.nii.gz,.nii.gz,71851,70.17,0.0685
vessel_masks\topaneu_center5_mr_038.nii.gz,vessel_masks,topaneu_center5_mr_038.nii.gz,.nii.gz,52297,51.07,0.0499
vessel_masks\topaneu_center5_mr_039.nii.gz,vessel_masks,topaneu_center5_mr_039.nii.gz,.nii.gz,58421,57.05,0.0557
vessel_masks\topaneu_center5_mr_041.nii.gz,vessel_masks,topaneu_center5_mr_041.nii.gz,.nii.gz,150317,146.79,0.1434
vessel_masks\topaneu_center5_mr_052.nii.gz,vessel_masks,topaneu_center5_mr_052.nii.gz,.nii.gz,92021,89.86,0.0878
vessel_masks\topaneu_center5_mr_061.nii.gz,vessel_masks,topaneu_center5_mr_061.nii.gz,.nii.gz,89570,87.47,0.0854
vessel_masks\topaneu_center5_mr_063.nii.gz,vessel_masks,topaneu_center5_mr_063.nii.gz,.nii.gz,92631,90.46,0.0883
vessel_masks\topaneu_center5_mr_068.nii.gz,vessel_masks,topaneu_center5_mr_068.nii.gz,.nii.gz,66800,65.23,0.0637
vessel_masks\topaneu_center5_mr_074.nii.gz,vessel_masks,topaneu_center5_mr_074.nii.gz,.nii.gz,101209,98.84,0.0965
vessel_masks\topaneu_center5_mr_079.nii.gz,vessel_masks,topaneu_center5_mr_079.nii.gz,.nii.gz,76581,74.79,0.073
vessel_masks\topaneu_center5_mr_081.nii.gz,vessel_masks,topaneu_center5_mr_081.nii.gz,.nii.gz,79313,77.45,0.0756
vessel_masks\topaneu_center5_mr_082.nii.gz,vessel_masks,topaneu_center5_mr_082.nii.gz,.nii.gz,82379,80.45,0.0786
vessel_masks\topaneu_center5_mr_451.nii.gz,vessel_masks,topaneu_center5_mr_451.nii.gz,.nii.gz,128343,125.33,0.1224
vessel_masks\topaneu_center5_mr_452.nii.gz,vessel_masks,topaneu_center5_mr_452.nii.gz,.nii.gz,135366,132.19,0.1291
vessel_masks\topaneu_center5_mr_453.nii.gz,vessel_masks,topaneu_center5_mr_453.nii.gz,.nii.gz,128603,125.59,0.1226
vessel_masks\topaneu_center5_mr_454.nii.gz,vessel_masks,topaneu_center5_mr_454.nii.gz,.nii.gz,29962,29.26,0.0286
vessel_masks\topaneu_center5_mr_455.nii.gz,vessel_masks,topaneu_center5_mr_455.nii.gz,.nii.gz,137400,134.18,0.131
vessel_masks\topaneu_center5_mr_457.nii.gz,vessel_masks,topaneu_center5_mr_457.nii.gz,.nii.gz,118026,115.26,0.1126
vessel_masks\topaneu_center5_mr_458.nii.gz,vessel_masks,topaneu_center5_mr_458.nii.gz,.nii.gz,27332,26.69,0.0261
vessel_masks\topaneu_center5_mr_459.nii.gz,vessel_masks,topaneu_center5_mr_459.nii.gz,.nii.gz,114917,112.22,0.1096
vessel_masks\topaneu_center5_mr_460.nii.gz,vessel_masks,topaneu_center5_mr_460.nii.gz,.nii.gz,133824,130.69,0.1276
vessel_masks\topaneu_center5_mr_461.nii.gz,vessel_masks,topaneu_center5_mr_461.nii.gz,.nii.gz,132987,129.87,0.1268
vessel_masks\topaneu_center5_mr_462.nii.gz,vessel_masks,topaneu_center5_mr_462.nii.gz,.nii.gz,134095,130.95,0.1279
vessel_masks\topaneu_center5_mr_464.nii.gz,vessel_masks,topaneu_center5_mr_464.nii.gz,.nii.gz,143215,139.86,0.1366
vessel_masks\topaneu_center5_mr_465.nii.gz,vessel_masks,topaneu_center5_mr_465.nii.gz,.nii.gz,122777,119.9,0.1171
vessel_masks\topaneu_center5_mr_466.nii.gz,vessel_masks,topaneu_center5_mr_466.nii.gz,.nii.gz,34876,34.06,0.0333
vessel_masks\topaneu_center5_mr_467.nii.gz,vessel_masks,topaneu_center5_mr_467.nii.gz,.nii.gz,146973,143.53,0.1402
vessel_masks\topaneu_center5_mr_469.nii.gz,vessel_masks,topaneu_center5_mr_469.nii.gz,.nii.gz,107762,105.24,0.1028
vessel_masks\topaneu_center5_mr_470.nii.gz,vessel_masks,topaneu_center5_mr_470.nii.gz,.nii.gz,35314,34.49,0.0337
vessel_masks\topaneu_center5_mr_471.nii.gz,vessel_masks,topaneu_center5_mr_471.nii.gz,.nii.gz,127411,124.42,0.1215
vessel_masks\topaneu_center5_mr_472.nii.gz,vessel_masks,topaneu_center5_mr_472.nii.gz,.nii.gz,44674,43.63,0.0426
vessel_masks\topaneu_center5_mr_473.nii.gz,vessel_masks,topaneu_center5_mr_473.nii.gz,.nii.gz,30841,30.12,0.0294
vessel_masks\topaneu_center5_mr_474.nii.gz,vessel_masks,topaneu_center5_mr_474.nii.gz,.nii.gz,151973,148.41,0.1449
vessel_masks\topaneu_center5_mr_475.nii.gz,vessel_masks,topaneu_center5_mr_475.nii.gz,.nii.gz,121830,118.97,0.1162
vessel_masks\topaneu_center5_mr_476.nii.gz,vessel_masks,topaneu_center5_mr_476.nii.gz,.nii.gz,34230,33.43,0.0326
vessel_masks\topaneu_center5_mr_478.nii.gz,vessel_masks,topaneu_center5_mr_478.nii.gz,.nii.gz,122120,119.26,0.1165
vessel_masks\topaneu_center5_mr_479.nii.gz,vessel_masks,topaneu_center5_mr_479.nii.gz,.nii.gz,128592,125.58,0.1226
vessel_masks\topaneu_center5_mr_480.nii.gz,vessel_masks,topaneu_center5_mr_480.nii.gz,.nii.gz,47169,46.06,0.045
vessel_masks\topaneu_center5_mr_481.nii.gz,vessel_masks,topaneu_center5_mr_481.nii.gz,.nii.gz,143668,140.3,0.137
vessel_masks\topaneu_center5_mr_484.nii.gz,vessel_masks,topaneu_center5_mr_484.nii.gz,.nii.gz,39313,38.39,0.0375
vessel_masks\topaneu_center5_mr_485.nii.gz,vessel_masks,topaneu_center5_mr_485.nii.gz,.nii.gz,49783,48.62,0.0475
vessel_masks\topaneu_center5_mr_486.nii.gz,vessel_masks,topaneu_center5_mr_486.nii.gz,.nii.gz,30946,30.22,0.0295
vessel_masks\topaneu_center5_mr_487.nii.gz,vessel_masks,topaneu_center5_mr_487.nii.gz,.nii.gz,132504,129.4,0.1264
vessel_masks\topaneu_center5_mr_488.nii.gz,vessel_masks,topaneu_center5_mr_488.nii.gz,.nii.gz,51788,50.57,0.0494
vessel_masks\topaneu_center5_mr_489.nii.gz,vessel_masks,topaneu_center5_mr_489.nii.gz,.nii.gz,31994,31.24,0.0305
vessel_masks\topaneu_center5_mr_490.nii.gz,vessel_masks,topaneu_center5_mr_490.nii.gz,.nii.gz,129283,126.25,0.1233
vessel_masks\topaneu_center5_mr_491.nii.gz,vessel_masks,topaneu_center5_mr_491.nii.gz,.nii.gz,120197,117.38,0.1146
vessel_masks\topaneu_center5_mr_492.nii.gz,vessel_masks,topaneu_center5_mr_492.nii.gz,.nii.gz,123555,120.66,0.1178
